session_id,session_config_id,game_id,cpu_model,gpu_model,ram_gb,drive_type,laptop,resolution,graphics_preset,vsync,antialiasing,texture_quality,special_effects,npc_count,player_actions,background_process_count,label_target,tweak_affinity,tweak_game_mode,tweak_hags,tweak_low_timer_resolution,tweak_power_plan,tweak_priority,tweak_recording_off,tweak_registry_preset,tweak_service,mean_fps,fps_1pct,fps_0_1pct,mean_frametime,frametime_p95,cpu_util,gpu_util,vram_util,temperature
synthetic-00000-00,cfg-00000,warzone,AMD Ryzen 7 5800X3D,NVIDIA RTX 4060,16,NVMe,0,2560x1440,low,off,msaa_2x,high,high,175,210,75,max_fps,0,0,0,0,0,0,0,0,0,89.83,64.89,51.91,11.132,15.411,96.47,54.2,47.28,64.0
synthetic-00000-01,cfg-00000,warzone,AMD Ryzen 7 5800X3D,NVIDIA RTX 4060,16,NVMe,0,2560x1440,low,off,msaa_2x,high,high,175,210,75,max_fps,1,0,0,0,0,0,0,0,0,94.77,74.68,59.75,10.552,13.39,94.93,54.2,47.28,64.0
synthetic-00000-02,cfg-00000,warzone,AMD Ryzen 7 5800X3D,NVIDIA RTX 4060,16,NVMe,0,2560x1440,low,off,msaa_2x,high,high,175,210,75,max_fps,0,1,0,0,0,0,0,0,0,92.86,70.69,56.55,10.768,14.146,95.53,54.2,47.28,64.0
synthetic-00000-03,cfg-00000,warzone,AMD Ryzen 7 5800X3D,NVIDIA RTX 4060,16,NVMe,0,2560x1440,low,off,msaa_2x,high,high,175,210,75,max_fps,0,0,1,0,0,0,0,0,0,91.81,68.13,54.51,10.892,14.677,95.85,54.2,47.28,64.0
synthetic-00000-04,cfg-00000,warzone,AMD Ryzen 7 5800X3D,NVIDIA RTX 4060,16,NVMe,0,2560x1440,low,off,msaa_2x,high,high,175,210,75,max_fps,0,0,0,1,0,0,0,0,0,91.09,70.66,56.53,10.978,14.152,96.08,54.2,47.28,64.0
synthetic-00000-05,cfg-00000,warzone,AMD Ryzen 7 5800X3D,NVIDIA RTX 4060,16,NVMe,0,2560x1440,low,off,msaa_2x,high,high,175,210,75,max_fps,0,0,0,0,1,0,0,0,0,93.6,71.15,56.92,10.683,14.054,95.29,54.2,47.28,64.0
synthetic-00000-06,cfg-00000,warzone,AMD Ryzen 7 5800X3D,NVIDIA RTX 4060,16,NVMe,0,2560x1440,low,off,msaa_2x,high,high,175,210,75,max_fps,0,0,0,0,0,1,0,0,0,95.95,76.33,61.06,10.422,13.101,94.56,54.2,47.28,64.0
synthetic-00000-07,cfg-00000,warzone,AMD Ryzen 7 5800X3D,NVIDIA RTX 4060,16,NVMe,0,2560x1440,low,off,msaa_2x,high,high,175,210,75,max_fps,0,0,0,0,0,0,1,0,0,91.27,67.24,53.79,10.957,14.872,96.02,54.2,47.28,64.0
synthetic-00000-08,cfg-00000,warzone,AMD Ryzen 7 5800X3D,NVIDIA RTX 4060,16,NVMe,0,2560x1440,low,off,msaa_2x,high,high,175,210,75,max_fps,0,0,0,0,0,0,0,1,0,94.16,73.17,58.54,10.62,13.667,95.12,54.2,47.28,64.0
synthetic-00000-09,cfg-00000,warzone,AMD Ryzen 7 5800X3D,NVIDIA RTX 4060,16,NVMe,0,2560x1440,low,off,msaa_2x,high,high,175,210,75,max_fps,0,0,0,0,0,0,0,0,1,93.02,71.15,56.92,10.75,14.054,95.48,54.2,47.28,64.0
synthetic-00000-10,cfg-00000,warzone,AMD Ryzen 7 5800X3D,NVIDIA RTX 4060,16,NVMe,0,2560x1440,low,off,msaa_2x,high,high,175,210,75,max_fps,1,1,1,0,0,0,1,0,0,99.68,83.97,67.18,10.032,11.909,93.4,54.2,47.28,64.0
synthetic-00000-11,cfg-00000,warzone,AMD Ryzen 7 5800X3D,NVIDIA RTX 4060,16,NVMe,0,2560x1440,low,off,msaa_2x,high,high,175,210,75,max_fps,0,0,0,1,0,0,0,0,1,94.08,76.58,61.27,10.629,13.058,95.15,54.2,47.28,64.0
synthetic-00000-12,cfg-00000,warzone,AMD Ryzen 7 5800X3D,NVIDIA RTX 4060,16,NVMe,0,2560x1440,low,off,msaa_2x,high,high,175,210,75,max_fps,0,1,0,0,0,1,0,0,1,101.06,87.22,69.78,9.895,11.465,92.97,54.2,47.28,64.0
synthetic-00001-00,cfg-00001,cyberpunk_2077,Intel Core i5-12400F,NVIDIA RTX 4060,16,NVMe,0,1920x1080,high,off,msaa_4x,high,low,122,130,97,balanced,0,0,0,0,0,0,0,0,0,90.18,63.27,50.62,11.09,15.805,55.13,96.0,47.28,64.0
synthetic-00001-01,cfg-00001,cyberpunk_2077,Intel Core i5-12400F,NVIDIA RTX 4060,16,NVMe,0,1920x1080,high,off,msaa_4x,high,low,122,130,97,balanced,1,0,0,0,0,0,0,0,0,92.7,67.38,53.9,10.787,14.841,54.35,96.0,47.28,64.0
synthetic-00001-02,cfg-00001,cyberpunk_2077,Intel Core i5-12400F,NVIDIA RTX 4060,16,NVMe,0,1920x1080,high,off,msaa_4x,high,low,122,130,97,balanced,0,1,0,0,0,0,0,0,0,92.72,68.63,54.9,10.785,14.571,54.34,96.0,47.28,64.0
synthetic-00001-03,cfg-00001,cyberpunk_2077,Intel Core i5-12400F,NVIDIA RTX 4060,16,NVMe,0,1920x1080,high,off,msaa_4x,high,low,122,130,97,balanced,0,0,1,0,0,0,0,0,0,95.32,72.8,58.24,10.492,13.737,53.53,96.0,47.28,64.0
synthetic-00001-04,cfg-00001,cyberpunk_2077,Intel Core i5-12400F,NVIDIA RTX 4060,16,NVMe,0,1920x1080,high,off,msaa_4x,high,low,122,130,97,balanced,0,0,0,1,0,0,0,0,0,90.54,65.16,52.13,11.045,15.347,55.02,96.0,47.28,64.0
synthetic-00001-05,cfg-00001,cyberpunk_2077,Intel Core i5-12400F,NVIDIA RTX 4060,16,NVMe,0,1920x1080,high,off,msaa_4x,high,low,122,130,97,balanced,0,0,0,0,1,0,0,0,0,93.96,69.48,55.58,10.643,14.393,53.95,96.0,47.28,64.0
synthetic-00001-06,cfg-00001,cyberpunk_2077,Intel Core i5-12400F,NVIDIA RTX 4060,16,NVMe,0,1920x1080,high,off,msaa_4x,high,low,122,130,97,balanced,0,0,0,0,0,1,0,0,0,93.77,70.88,56.71,10.664,14.108,54.01,96.0,47.28,64.0
synthetic-00001-07,cfg-00001,cyberpunk_2077,Intel Core i5-12400F,NVIDIA RTX 4060,16,NVMe,0,1920x1080,high,off,msaa_4x,high,low,122,130,97,balanced,0,0,0,0,0,0,1,0,0,95.04,72.85,58.28,10.521,13.727,53.62,96.0,47.28,64.0
synthetic-00001-08,cfg-00001,cyberpunk_2077,Intel Core i5-12400F,NVIDIA RTX 4060,16,NVMe,0,1920x1080,high,off,msaa_4x,high,low,122,130,97,balanced,0,0,0,0,0,0,0,1,0,92.47,67.88,54.3,10.814,14.732,54.42,96.0,47.28,64.0
synthetic-00001-09,cfg-00001,cyberpunk_2077,Intel Core i5-12400F,NVIDIA RTX 4060,16,NVMe,0,1920x1080,high,off,msaa_4x,high,low,122,130,97,balanced,0,0,0,0,0,0,0,0,1,94.55,72.01,57.61,10.577,13.886,53.77,96.0,47.28,64.0
synthetic-00001-10,cfg-00001,cyberpunk_2077,Intel Core i5-12400F,NVIDIA RTX 4060,16,NVMe,0,1920x1080,high,off,msaa_4x,high,low,122,130,97,balanced,1,0,1,1,0,1,0,0,0,100.23,84.16,67.33,9.977,11.882,52.01,96.0,47.28,64.0
synthetic-00001-11,cfg-00001,cyberpunk_2077,Intel Core i5-12400F,NVIDIA RTX 4060,16,NVMe,0,1920x1080,high,off,msaa_4x,high,low,122,130,97,balanced,1,1,0,0,0,0,1,0,1,102.55,88.69,70.95,9.751,11.276,51.29,96.0,47.28,64.0
synthetic-00001-12,cfg-00001,cyberpunk_2077,Intel Core i5-12400F,NVIDIA RTX 4060,16,NVMe,0,1920x1080,high,off,msaa_4x,high,low,122,130,97,balanced,0,0,1,1,1,0,0,0,1,101.99,87.26,69.81,9.805,11.46,51.46,96.0,47.28,64.0
synthetic-00002-00,cfg-00002,valorant,AMD Ryzen 5 3600,NVIDIA GTX 1660 Super,12,NVMe,0,1920x1080,medium,on,taa,medium,high,36,182,98,max_fps,0,0,0,0,0,0,0,0,0,144.0,100.9,80.72,6.944,9.911,99.0,52.0,46.0,64.0
synthetic-00002-01,cfg-00002,valorant,AMD Ryzen 5 3600,NVIDIA GTX 1660 Super,12,NVMe,0,1920x1080,medium,on,taa,medium,high,36,182,98,max_fps,1,0,0,0,0,0,0,0,0,144.0,105.13,84.1,6.944,9.512,99.0,52.0,46.0,64.0
synthetic-00002-02,cfg-00002,valorant,AMD Ryzen 5 3600,NVIDIA GTX 1660 Super,12,NVMe,0,1920x1080,medium,on,taa,medium,high,36,182,98,max_fps,0,1,0,0,0,0,0,0,0,144.0,108.08,86.46,6.944,9.253,99.0,52.0,46.0,64.0
synthetic-00002-03,cfg-00002,valorant,AMD Ryzen 5 3600,NVIDIA GTX 1660 Super,12,NVMe,0,1920x1080,medium,on,taa,medium,high,36,182,98,max_fps,0,0,1,0,0,0,0,0,0,144.0,99.86,79.89,6.944,10.014,99.0,52.0,46.0,64.0
synthetic-00002-04,cfg-00002,valorant,AMD Ryzen 5 3600,NVIDIA GTX 1660 Super,12,NVMe,0,1920x1080,medium,on,taa,medium,high,36,182,98,max_fps,0,0,0,1,0,0,0,0,0,144.0,101.54,81.23,6.944,9.849,99.0,52.0,46.0,64.0
synthetic-00002-05,cfg-00002,valorant,AMD Ryzen 5 3600,NVIDIA GTX 1660 Super,12,NVMe,0,1920x1080,medium,on,taa,medium,high,36,182,98,max_fps,0,0,0,0,1,0,0,0,0,144.0,106.34,85.08,6.944,9.403,99.0,52.0,46.0,64.0
synthetic-00002-06,cfg-00002,valorant,AMD Ryzen 5 3600,NVIDIA GTX 1660 Super,12,NVMe,0,1920x1080,medium,on,taa,medium,high,36,182,98,max_fps,0,0,0,0,0,1,0,0,0,144.0,113.47,90.78,6.944,8.813,99.0,52.0,46.0,64.0
synthetic-00002-07,cfg-00002,valorant,AMD Ryzen 5 3600,NVIDIA GTX 1660 Super,12,NVMe,0,1920x1080,medium,on,taa,medium,high,36,182,98,max_fps,0,0,0,0,0,0,1,0,0,144.0,102.98,82.38,6.944,9.711,99.0,52.0,46.0,64.0
synthetic-00002-08,cfg-00002,valorant,AMD Ryzen 5 3600,NVIDIA GTX 1660 Super,12,NVMe,0,1920x1080,medium,on,taa,medium,high,36,182,98,max_fps,0,0,0,0,0,0,0,1,0,144.0,106.09,84.87,6.944,9.426,99.0,52.0,46.0,64.0
synthetic-00002-09,cfg-00002,valorant,AMD Ryzen 5 3600,NVIDIA GTX 1660 Super,12,NVMe,0,1920x1080,medium,on,taa,medium,high,36,182,98,max_fps,0,0,0,0,0,0,0,0,1,144.0,112.25,89.8,6.944,8.908,99.0,52.0,46.0,64.0
synthetic-00002-10,cfg-00002,valorant,AMD Ryzen 5 3600,NVIDIA GTX 1660 Super,12,NVMe,0,1920x1080,medium,on,taa,medium,high,36,182,98,max_fps,1,0,0,0,0,0,1,0,1,144.0,116.96,93.57,6.944,8.55,98.8,52.0,46.0,64.0
synthetic-00002-11,cfg-00002,valorant,AMD Ryzen 5 3600,NVIDIA GTX 1660 Super,12,NVMe,0,1920x1080,medium,on,taa,medium,high,36,182,98,max_fps,1,0,0,0,0,1,0,1,0,144.0,120.9,96.72,6.944,8.271,98.1,52.0,46.0,64.0
synthetic-00002-12,cfg-00002,valorant,AMD Ryzen 5 3600,NVIDIA GTX 1660 Super,12,NVMe,0,1920x1080,medium,on,taa,medium,high,36,182,98,max_fps,1,0,0,0,0,1,0,1,0,144.0,120.9,96.72,6.944,8.271,98.1,52.0,46.0,64.0
synthetic-00003-00,cfg-00003,cs2,AMD Ryzen 5 3600,NVIDIA RTX 4060,32,NVMe,1,1920x1080,low,off,msaa_4x,ultra,medium,62,99,43,balanced,0,0,0,0,0,0,0,0,0,149.3,112.34,84.48,6.698,8.901,89.69,52.0,48.56,82.6
synthetic-00003-01,cfg-00003,cs2,AMD Ryzen 5 3600,NVIDIA RTX 4060,32,NVMe,1,1920x1080,low,off,msaa_4x,ultra,medium,62,99,43,balanced,1,0,0,0,0,0,0,0,0,160.2,133.66,100.51,6.242,7.482,87.65,52.0,48.56,82.6
synthetic-00003-02,cfg-00003,cs2,AMD Ryzen 5 3600,NVIDIA RTX 4060,32,NVMe,1,1920x1080,low,off,msaa_4x,ultra,medium,62,99,43,balanced,0,1,0,0,0,0,0,0,0,152.93,118.69,89.25,6.539,8.425,89.01,52.0,48.56,82.6
synthetic-00003-03,cfg-00003,cs2,AMD Ryzen 5 3600,NVIDIA RTX 4060,32,NVMe,1,1920x1080,low,off,msaa_4x,ultra,medium,62,99,43,balanced,0,0,1,0,0,0,0,0,0,152.58,117.83,88.61,6.554,8.486,89.08,52.0,48.56,82.6
synthetic-00003-04,cfg-00003,cs2,AMD Ryzen 5 3600,NVIDIA RTX 4060,32,NVMe,1,1920x1080,low,off,msaa_4x,ultra,medium,62,99,43,balanced,0,0,0,1,0,0,0,0,0,151.39,120.87,90.9,6.606,8.273,89.3,52.0,48.56,82.6
synthetic-00003-05,cfg-00003,cs2,AMD Ryzen 5 3600,NVIDIA RTX 4060,32,NVMe,1,1920x1080,low,off,msaa_4x,ultra,medium,62,99,43,balanced,0,0,0,0,1,0,0,0,0,162.14,135.87,102.17,6.168,7.36,87.29,52.0,48.56,82.6
synthetic-00003-06,cfg-00003,cs2,AMD Ryzen 5 3600,NVIDIA RTX 4060,32,NVMe,1,1920x1080,low,off,msaa_4x,ultra,medium,62,99,43,balanced,0,0,0,0,0,1,0,0,0,157.78,127.17,95.63,6.338,7.864,88.1,52.0,48.56,82.6
synthetic-00003-07,cfg-00003,cs2,AMD Ryzen 5 3600,NVIDIA RTX 4060,32,NVMe,1,1920x1080,low,off,msaa_4x,ultra,medium,62,99,43,balanced,0,0,0,0,0,0,1,0,0,151.69,116.32,87.48,6.593,8.597,89.25,52.0,48.56,82.6
synthetic-00003-08,cfg-00003,cs2,AMD Ryzen 5 3600,NVIDIA RTX 4060,32,NVMe,1,1920x1080,low,off,msaa_4x,ultra,medium,62,99,43,balanced,0,0,0,0,0,0,0,1,0,155.02,122.67,92.25,6.451,8.152,88.62,52.0,48.56,82.6
synthetic-00003-09,cfg-00003,cs2,AMD Ryzen 5 3600,NVIDIA RTX 4060,32,NVMe,1,1920x1080,low,off,msaa_4x,ultra,medium,62,99,43,balanced,0,0,0,0,0,0,0,0,1,151.79,116.82,87.85,6.588,8.56,89.23,52.0,48.56,82.6
synthetic-00003-10,cfg-00003,cs2,AMD Ryzen 5 3600,NVIDIA RTX 4060,32,NVMe,1,1920x1080,low,off,msaa_4x,ultra,medium,62,99,43,balanced,1,0,0,0,1,0,0,0,0,171.97,156.89,117.98,5.815,6.374,85.44,52.0,48.56,82.6
synthetic-00003-11,cfg-00003,cs2,AMD Ryzen 5 3600,NVIDIA RTX 4060,32,NVMe,1,1920x1080,low,off,msaa_4x,ultra,medium,62,99,43,balanced,1,1,0,0,0,1,0,0,0,170.24,152.74,114.86,5.874,6.547,85.77,52.0,48.56,82.6
synthetic-00003-12,cfg-00003,cs2,AMD Ryzen 5 3600,NVIDIA RTX 4060,32,NVMe,1,1920x1080,low,off,msaa_4x,ultra,medium,62,99,43,balanced,0,1,0,0,1,0,1,0,0,166.46,143.97,108.26,6.007,6.946,86.47,52.0,48.56,82.6
synthetic-00004-00,cfg-00004,fortnite,AMD Ryzen 7 5800X3D,AMD RX 7800 XT,8,NVMe,1,1920x1080,low,off,msaa_2x,ultra,ultra,68,176,76,max_fps,0,0,0,0,0,0,0,0,0,151.77,109.49,82.33,6.589,9.134,96.68,52.0,48.56,82.6
synthetic-00004-01,cfg-00004,fortnite,AMD Ryzen 7 5800X3D,AMD RX 7800 XT,8,NVMe,1,1920x1080,low,off,msaa_2x,ultra,ultra,68,176,76,max_fps,1,0,0,0,0,0,0,0,0,160.11,126.03,94.77,6.246,7.935,95.14,52.0,48.56,82.6
synthetic-00004-02,cfg-00004,fortnite,AMD Ryzen 7 5800X3D,AMD RX 7800 XT,8,NVMe,1,1920x1080,low,off,msaa_2x,ultra,ultra,68,176,76,max_fps,0,1,0,0,0,0,0,0,0,156.94,119.39,89.78,6.372,8.376,95.73,52.0,48.56,82.6
synthetic-00004-03,cfg-00004,fortnite,AMD Ryzen 7 5800X3D,AMD RX 7800 XT,8,NVMe,1,1920x1080,low,off,msaa_2x,ultra,ultra,68,176,76,max_fps,0,0,1,0,0,0,0,0,0,155.11,114.97,86.45,6.447,8.698,96.07,52.0,48.56,82.6
synthetic-00004-04,cfg-00004,fortnite,AMD Ryzen 7 5800X3D,AMD RX 7800 XT,8,NVMe,1,1920x1080,low,off,msaa_2x,ultra,ultra,68,176,76,max_fps,0,0,0,1,0,0,0,0,0,153.89,119.28,89.69,6.498,8.384,96.29,52.0,48.56,82.6
synthetic-00004-05,cfg-00004,fortnite,AMD Ryzen 7 5800X3D,AMD RX 7800 XT,8,NVMe,1,1920x1080,low,off,msaa_2x,ultra,ultra,68,176,76,max_fps,0,0,0,0,1,0,0,0,0,164.82,132.99,100.01,6.067,7.519,94.27,52.0,48.56,82.6
synthetic-00004-06,cfg-00004,fortnite,AMD Ryzen 7 5800X3D,AMD RX 7800 XT,8,NVMe,1,1920x1080,low,off,msaa_2x,ultra,ultra,68,176,76,max_fps,0,0,0,0,0,1,0,0,0,162.16,128.95,96.97,6.167,7.755,94.77,52.0,48.56,82.6
synthetic-00004-07,cfg-00004,fortnite,AMD Ryzen 7 5800X3D,AMD RX 7800 XT,8,NVMe,1,1920x1080,low,off,msaa_2x,ultra,ultra,68,176,76,max_fps,0,0,0,0,0,0,1,0,0,154.19,113.46,85.32,6.485,8.814,96.23,52.0,48.56,82.6
synthetic-00004-08,cfg-00004,fortnite,AMD Ryzen 7 5800X3D,AMD RX 7800 XT,8,NVMe,1,1920x1080,low,off,msaa_2x,ultra,ultra,68,176,76,max_fps,0,0,0,0,0,0,0,1,0,158.81,122.8,92.34,6.297,8.143,95.38,52.0,48.56,82.6
synthetic-00004-09,cfg-00004,fortnite,AMD Ryzen 7 5800X3D,AMD RX 7800 XT,8,NVMe,1,1920x1080,low,off,msaa_2x,ultra,ultra,68,176,76,max_fps,0,0,0,0,0,0,0,0,1,160.28,125.46,94.35,6.239,7.97,95.11,52.0,48.56,82.6
synthetic-00004-10,cfg-00004,fortnite,AMD Ryzen 7 5800X3D,AMD RX 7800 XT,8,NVMe,1,1920x1080,low,off,msaa_2x,ultra,ultra,68,176,76,max_fps,0,1,0,0,0,0,1,1,0,165.09,134.96,101.49,6.057,7.41,94.22,52.0,48.56,82.6
synthetic-00004-11,cfg-00004,fortnite,AMD Ryzen 7 5800X3D,AMD RX 7800 XT,8,NVMe,1,1920x1080,low,off,msaa_2x,ultra,ultra,68,176,76,max_fps,0,0,0,1,0,0,0,1,0,160.52,131.97,99.24,6.23,7.577,95.07,52.0,48.56,82.6
synthetic-00004-12,cfg-00004,fortnite,AMD Ryzen 7 5800X3D,AMD RX 7800 XT,8,NVMe,1,1920x1080,low,off,msaa_2x,ultra,ultra,68,176,76,max_fps,0,0,0,1,1,1,0,0,0,175.03,160.19,120.46,5.713,6.243,92.39,52.0,48.56,82.6
synthetic-00005-00,cfg-00005,valorant,AMD Ryzen 7 5800X3D,NVIDIA GTX 1060 6GB,16,NVMe,0,1920x1080,ultra,off,fxaa,high,ultra,103,149,99,balanced,0,0,0,0,0,0,0,0,0,166.69,116.64,93.31,5.999,8.573,99.0,52.0,47.28,64.0
synthetic-00005-01,cfg-00005,valorant,AMD Ryzen 7 5800X3D,NVIDIA GTX 1060 6GB,16,NVMe,0,1920x1080,ultra,off,fxaa,high,ultra,103,149,99,balanced,1,0,0,0,0,0,0,0,0,168.52,122.32,97.86,5.934,8.175,99.0,52.0,47.28,64.0
synthetic-00005-02,cfg-00005,valorant,AMD Ryzen 7 5800X3D,NVIDIA GTX 1060 6GB,16,NVMe,0,1920x1080,ultra,off,fxaa,high,ultra,103,149,99,balanced,0,1,0,0,0,0,0,0,0,173.49,130.13,104.1,5.764,7.685,99.0,52.0,47.28,64.0
synthetic-00005-03,cfg-00005,valorant,AMD Ryzen 7 5800X3D,NVIDIA GTX 1060 6GB,16,NVMe,0,1920x1080,ultra,off,fxaa,high,ultra,103,149,99,balanced,0,0,1,0,0,0,0,0,0,165.36,114.52,91.62,6.048,8.732,99.0,52.0,47.28,64.0
synthetic-00005-04,cfg-00005,valorant,AMD Ryzen 7 5800X3D,NVIDIA GTX 1060 6GB,16,NVMe,0,1920x1080,ultra,off,fxaa,high,ultra,103,149,99,balanced,0,0,0,1,0,0,0,0,0,167.51,117.95,94.36,5.97,8.478,99.0,52.0,47.28,64.0
synthetic-00005-05,cfg-00005,valorant,AMD Ryzen 7 5800X3D,NVIDIA GTX 1060 6GB,16,NVMe,0,1920x1080,ultra,off,fxaa,high,ultra,103,149,99,balanced,0,0,0,0,1,0,0,0,0,173.69,128.11,102.49,5.757,7.806,99.0,52.0,47.28,64.0
synthetic-00005-06,cfg-00005,valorant,AMD Ryzen 7 5800X3D,NVIDIA GTX 1060 6GB,16,NVMe,0,1920x1080,ultra,off,fxaa,high,ultra,103,149,99,balanced,0,0,0,0,0,1,0,0,0,179.46,141.35,113.08,5.572,7.075,99.0,52.0,47.28,64.0
synthetic-00005-07,cfg-00005,valorant,AMD Ryzen 7 5800X3D,NVIDIA GTX 1060 6GB,16,NVMe,0,1920x1080,ultra,off,fxaa,high,ultra,103,149,99,balanced,0,0,0,0,0,0,1,0,0,169.36,120.95,96.76,5.905,8.268,99.0,52.0,47.28,64.0
synthetic-00005-08,cfg-00005,valorant,AMD Ryzen 7 5800X3D,NVIDIA GTX 1060 6GB,16,NVMe,0,1920x1080,ultra,off,fxaa,high,ultra,103,149,99,balanced,0,0,0,0,0,0,0,1,0,172.77,127.12,101.7,5.788,7.867,99.0,52.0,47.28,64.0
synthetic-00005-09,cfg-00005,valorant,AMD Ryzen 7 5800X3D,NVIDIA GTX 1060 6GB,16,NVMe,0,1920x1080,ultra,off,fxaa,high,ultra,103,149,99,balanced,0,0,0,0,0,0,0,0,1,174.96,133.22,106.57,5.715,7.507,99.0,52.0,47.28,64.0
synthetic-00005-10,cfg-00005,valorant,AMD Ryzen 7 5800X3D,NVIDIA GTX 1060 6GB,16,NVMe,0,1920x1080,ultra,off,fxaa,high,ultra,103,149,99,balanced,1,0,0,0,0,0,0,0,1,176.34,138.17,110.54,5.671,7.237,99.0,52.0,47.28,64.0
synthetic-00005-11,cfg-00005,valorant,AMD Ryzen 7 5800X3D,NVIDIA GTX 1060 6GB,16,NVMe,0,1920x1080,ultra,off,fxaa,high,ultra,103,149,99,balanced,0,0,1,0,0,0,0,0,1,173.32,130.29,104.23,5.77,7.675,99.0,52.0,47.28,64.0
synthetic-00005-12,cfg-00005,valorant,AMD Ryzen 7 5800X3D,NVIDIA GTX 1060 6GB,16,NVMe,0,1920x1080,ultra,off,fxaa,high,ultra,103,149,99,balanced,0,0,0,0,0,0,1,1,1,182.18,146.06,116.85,5.489,6.847,98.95,52.0,47.28,64.0
synthetic-00006-00,cfg-00006,warzone,Intel Core i7-12700H,AMD RX 7800 XT,16,SSD,0,2560x1440,low,off,off,low,low,40,155,62,max_fps,0,0,0,0,0,0,0,0,0,153.44,112.72,90.17,6.517,8.872,93.72,54.2,44.56,64.0
synthetic-00006-01,cfg-00006,warzone,Intel Core i7-12700H,AMD RX 7800 XT,16,SSD,0,2560x1440,low,off,off,low,low,40,155,62,max_fps,1,0,0,0,0,0,0,0,0,161.88,129.55,103.64,6.177,7.719,92.18,54.2,44.56,64.0
synthetic-00006-02,cfg-00006,warzone,Intel Core i7-12700H,AMD RX 7800 XT,16,SSD,0,2560x1440,low,off,off,low,low,40,155,62,max_fps,0,1,0,0,0,0,0,0,0,158.04,121.26,97.0,6.328,8.247,92.88,54.2,44.56,64.0
synthetic-00006-03,cfg-00006,warzone,Intel Core i7-12700H,AMD RX 7800 XT,16,SSD,0,2560x1440,low,off,off,low,low,40,155,62,max_fps,0,0,1,0,0,0,0,0,0,156.82,118.3,94.64,6.377,8.453,93.1,54.2,44.56,64.0
synthetic-00006-04,cfg-00006,warzone,Intel Core i7-12700H,AMD RX 7800 XT,16,SSD,0,2560x1440,low,off,off,low,low,40,155,62,max_fps,0,0,0,1,0,0,0,0,0,155.59,122.14,97.71,6.427,8.188,93.33,54.2,44.56,64.0
synthetic-00006-05,cfg-00006,warzone,Intel Core i7-12700H,AMD RX 7800 XT,16,SSD,0,2560x1440,low,off,off,low,low,40,155,62,max_fps,0,0,0,0,1,0,0,0,0,159.89,123.5,98.8,6.254,8.097,92.54,54.2,44.56,64.0
synthetic-00006-06,cfg-00006,warzone,Intel Core i7-12700H,AMD RX 7800 XT,16,SSD,0,2560x1440,low,off,off,low,low,40,155,62,max_fps,0,0,0,0,0,1,0,0,0,163.19,130.52,104.41,6.128,7.662,91.94,54.2,44.56,64.0
synthetic-00006-07,cfg-00006,warzone,Intel Core i7-12700H,AMD RX 7800 XT,16,SSD,0,2560x1440,low,off,off,low,low,40,155,62,max_fps,0,0,0,0,0,0,1,0,0,155.9,116.77,93.41,6.414,8.564,93.27,54.2,44.56,64.0
synthetic-00006-08,cfg-00006,warzone,Intel Core i7-12700H,AMD RX 7800 XT,16,SSD,0,2560x1440,low,off,off,low,low,40,155,62,max_fps,0,0,0,0,0,0,0,1,0,160.84,126.95,101.56,6.217,7.877,92.37,54.2,44.56,64.0
synthetic-00006-09,cfg-00006,warzone,Intel Core i7-12700H,AMD RX 7800 XT,16,SSD,0,2560x1440,low,off,off,low,low,40,155,62,max_fps,0,0,0,0,0,0,0,0,1,157.72,120.95,96.76,6.34,8.268,92.94,54.2,44.56,64.0
synthetic-00006-10,cfg-00006,warzone,Intel Core i7-12700H,AMD RX 7800 XT,16,SSD,0,2560x1440,low,off,off,low,low,40,155,62,max_fps,1,0,0,0,0,0,0,1,0,168.57,143.21,114.57,5.932,6.983,90.96,54.2,44.56,64.0
synthetic-00006-11,cfg-00006,warzone,Intel Core i7-12700H,AMD RX 7800 XT,16,SSD,0,2560x1440,low,off,off,low,low,40,155,62,max_fps,1,0,0,1,0,0,1,0,1,168.43,147.43,117.95,5.937,6.783,90.98,54.2,44.56,64.0
synthetic-00006-12,cfg-00006,warzone,Intel Core i7-12700H,AMD RX 7800 XT,16,SSD,0,2560x1440,low,off,off,low,low,40,155,62,max_fps,1,0,0,0,0,0,1,0,0,163.85,132.9,106.32,6.103,7.525,91.82,54.2,44.56,64.0
synthetic-00007-00,cfg-00007,cyberpunk_2077,Intel Core i5-9400F,NVIDIA RTX 3060 Laptop,16,SSD,0,1920x1080,high,on,msaa_4x,high,low,20,195,60,quality,0,0,0,0,0,0,0,0,0,76.49,56.33,45.06,13.074,17.753,47.29,96.0,47.28,64.0
synthetic-00007-01,cfg-00007,cyberpunk_2077,Intel Core i5-9400F,NVIDIA RTX 3060 Laptop,16,SSD,0,1920x1080,high,on,msaa_4x,high,low,20,195,60,quality,1,0,0,0,0,0,0,0,0,78.63,59.89,47.91,12.718,16.698,46.51,96.0,47.28,64.0
synthetic-00007-02,cfg-00007,cyberpunk_2077,Intel Core i5-9400F,NVIDIA RTX 3060 Laptop,16,SSD,0,1920x1080,high,on,msaa_4x,high,low,20,195,60,quality,0,1,0,0,0,0,0,0,0,77.81,58.93,47.15,12.851,16.968,46.81,96.0,47.28,64.0
synthetic-00007-03,cfg-00007,cyberpunk_2077,Intel Core i5-9400F,NVIDIA RTX 3060 Laptop,16,SSD,0,1920x1080,high,on,msaa_4x,high,low,20,195,60,quality,0,0,1,0,0,0,0,0,0,80.84,64.56,51.65,12.369,15.489,45.7,96.0,47.28,64.0
synthetic-00007-04,cfg-00007,cyberpunk_2077,Intel Core i5-9400F,NVIDIA RTX 3060 Laptop,16,SSD,0,1920x1080,high,on,msaa_4x,high,low,20,195,60,quality,0,0,0,1,0,0,0,0,0,76.79,57.28,45.82,13.022,17.459,47.18,96.0,47.28,64.0
synthetic-00007-05,cfg-00007,cyberpunk_2077,Intel Core i5-9400F,NVIDIA RTX 3060 Laptop,16,SSD,0,1920x1080,high,on,msaa_4x,high,low,20,195,60,quality,0,0,0,0,1,0,0,0,0,79.7,61.71,49.37,12.547,16.205,46.12,96.0,47.28,64.0
synthetic-00007-06,cfg-00007,cyberpunk_2077,Intel Core i5-9400F,NVIDIA RTX 3060 Laptop,16,SSD,0,1920x1080,high,on,msaa_4x,high,low,20,195,60,quality,0,0,0,0,0,1,0,0,0,78.54,60.32,48.25,12.733,16.579,46.54,96.0,47.28,64.0
synthetic-00007-07,cfg-00007,cyberpunk_2077,Intel Core i5-9400F,NVIDIA RTX 3060 Laptop,16,SSD,0,1920x1080,high,on,msaa_4x,high,low,20,195,60,quality,0,0,0,0,0,0,1,0,0,80.62,64.59,51.68,12.405,15.481,45.78,96.0,47.28,64.0
synthetic-00007-08,cfg-00007,cyberpunk_2077,Intel Core i5-9400F,NVIDIA RTX 3060 Laptop,16,SSD,0,1920x1080,high,on,msaa_4x,high,low,20,195,60,quality,0,0,0,0,0,0,0,1,0,78.44,60.31,48.25,12.749,16.582,46.58,96.0,47.28,64.0
synthetic-00007-09,cfg-00007,cyberpunk_2077,Intel Core i5-9400F,NVIDIA RTX 3060 Laptop,16,SSD,0,1920x1080,high,on,msaa_4x,high,low,20,195,60,quality,0,0,0,0,0,0,0,0,1,78.53,60.24,48.19,12.734,16.6,46.55,96.0,47.28,64.0
synthetic-00007-10,cfg-00007,cyberpunk_2077,Intel Core i5-9400F,NVIDIA RTX 3060 Laptop,16,SSD,0,1920x1080,high,on,msaa_4x,high,low,20,195,60,quality,0,0,1,0,0,1,0,0,0,82.61,68.23,54.58,12.105,14.657,45.05,96.0,47.28,64.0
synthetic-00007-11,cfg-00007,cyberpunk_2077,Intel Core i5-9400F,NVIDIA RTX 3060 Laptop,16,SSD,0,1920x1080,high,on,msaa_4x,high,low,20,195,60,quality,0,0,1,1,0,0,1,1,0,85.78,75.69,60.56,11.658,13.211,43.89,96.0,47.28,64.0
synthetic-00007-12,cfg-00007,cyberpunk_2077,Intel Core i5-9400F,NVIDIA RTX 3060 Laptop,16,SSD,0,1920x1080,high,on,msaa_4x,high,low,20,195,60,quality,0,1,0,0,1,0,0,0,1,82.48,67.45,53.96,12.125,14.826,45.1,96.0,47.28,64.0
synthetic-00008-00,cfg-00008,valorant,AMD Ryzen 7 5800X3D,NVIDIA RTX 4060,16,SSD,0,3840x2160,medium,on,off,ultra,ultra,147,134,90,balanced,0,0,0,0,0,0,0,0,0,60.0,42.49,34.0,16.667,23.533,99.0,60.4,86.5,64.0
synthetic-00008-01,cfg-00008,valorant,AMD Ryzen 7 5800X3D,NVIDIA RTX 4060,16,SSD,0,3840x2160,medium,on,off,ultra,ultra,147,134,90,balanced,1,0,0,0,0,0,0,0,0,60.0,44.06,35.25,16.667,22.696,99.0,60.4,86.5,64.0
synthetic-00008-02,cfg-00008,valorant,AMD Ryzen 7 5800X3D,NVIDIA RTX 4060,16,SSD,0,3840x2160,medium,on,off,ultra,ultra,147,134,90,balanced,0,1,0,0,0,0,0,0,0,60.0,45.25,36.2,16.667,22.097,98.58,60.4,86.5,64.0
synthetic-00008-03,cfg-00008,valorant,AMD Ryzen 7 5800X3D,NVIDIA RTX 4060,16,SSD,0,3840x2160,medium,on,off,ultra,ultra,147,134,90,balanced,0,0,1,0,0,0,0,0,0,60.0,43.68,34.95,16.667,22.893,99.0,60.4,86.5,64.0
synthetic-00008-04,cfg-00008,valorant,AMD Ryzen 7 5800X3D,NVIDIA RTX 4060,16,SSD,0,3840x2160,medium,on,off,ultra,ultra,147,134,90,balanced,0,0,0,1,0,0,0,0,0,60.0,42.76,34.21,16.667,23.387,99.0,60.4,86.5,64.0
synthetic-00008-05,cfg-00008,valorant,AMD Ryzen 7 5800X3D,NVIDIA RTX 4060,16,SSD,0,3840x2160,medium,on,off,ultra,ultra,147,134,90,balanced,0,0,0,0,1,0,0,0,0,60.0,44.76,35.81,16.667,22.34,98.47,60.4,86.5,64.0
synthetic-00008-06,cfg-00008,valorant,AMD Ryzen 7 5800X3D,NVIDIA RTX 4060,16,SSD,0,3840x2160,medium,on,off,ultra,ultra,147,134,90,balanced,0,0,0,0,0,1,0,0,0,60.0,47.44,37.95,16.667,21.081,97.59,60.4,86.5,64.0
synthetic-00008-07,cfg-00008,valorant,AMD Ryzen 7 5800X3D,NVIDIA RTX 4060,16,SSD,0,3840x2160,medium,on,off,ultra,ultra,147,134,90,balanced,0,0,0,0,0,0,1,0,0,60.0,44.4,35.52,16.667,22.524,98.92,60.4,86.5,64.0
synthetic-00008-08,cfg-00008,valorant,AMD Ryzen 7 5800X3D,NVIDIA RTX 4060,16,SSD,0,3840x2160,medium,on,off,ultra,ultra,147,134,90,balanced,0,0,0,0,0,0,0,1,0,60.0,44.65,35.72,16.667,22.394,98.63,60.4,86.5,64.0
synthetic-00008-09,cfg-00008,valorant,AMD Ryzen 7 5800X3D,NVIDIA RTX 4060,16,SSD,0,3840x2160,medium,on,off,ultra,ultra,147,134,90,balanced,0,0,0,0,0,0,0,0,1,60.0,45.76,36.61,16.667,21.852,98.41,60.4,86.5,64.0
synthetic-00008-10,cfg-00008,valorant,AMD Ryzen 7 5800X3D,NVIDIA RTX 4060,16,SSD,0,3840x2160,medium,on,off,ultra,ultra,147,134,90,balanced,0,0,1,0,0,0,0,0,1,60.0,46.75,37.4,16.667,21.39,97.87,60.4,86.5,64.0
synthetic-00008-11,cfg-00008,valorant,AMD Ryzen 7 5800X3D,NVIDIA RTX 4060,16,SSD,0,3840x2160,medium,on,off,ultra,ultra,147,134,90,balanced,0,0,0,0,0,1,0,0,1,60.0,50.34,40.27,16.667,19.867,96.5,60.4,86.5,64.0
synthetic-00008-12,cfg-00008,valorant,AMD Ryzen 7 5800X3D,NVIDIA RTX 4060,16,SSD,0,3840x2160,medium,on,off,ultra,ultra,147,134,90,balanced,1,0,0,0,1,0,1,0,0,60.0,47.71,38.17,16.667,20.958,97.63,60.4,86.5,64.0
synthetic-00009-00,cfg-00009,warzone,Intel Core i7-13700K,NVIDIA RTX 2060,12,SSD,0,1920x1080,high,off,fxaa,high,medium,138,99,88,balanced,0,0,0,0,0,0,0,0,0,100.7,71.51,57.21,9.931,13.984,53.22,96.0,47.28,64.0
synthetic-00009-01,cfg-00009,warzone,Intel Core i7-13700K,NVIDIA RTX 2060,12,SSD,0,1920x1080,high,off,fxaa,high,medium,138,99,88,balanced,1,0,0,0,0,0,0,0,0,99.89,70.22,56.17,10.011,14.242,53.45,96.0,47.28,64.0
synthetic-00009-02,cfg-00009,warzone,Intel Core i7-13700K,NVIDIA RTX 2060,12,SSD,0,1920x1080,high,off,fxaa,high,medium,138,99,88,balanced,0,1,0,0,0,0,0,0,0,103.28,76.88,61.5,9.683,13.008,52.51,96.0,47.28,64.0
synthetic-00009-03,cfg-00009,warzone,Intel Core i7-13700K,NVIDIA RTX 2060,12,SSD,0,1920x1080,high,off,fxaa,high,medium,138,99,88,balanced,0,0,1,0,0,0,0,0,0,106.44,82.19,65.75,9.395,12.166,51.63,96.0,47.28,64.0
synthetic-00009-04,cfg-00009,warzone,Intel Core i7-13700K,NVIDIA RTX 2060,12,SSD,0,1920x1080,high,off,fxaa,high,medium,138,99,88,balanced,0,0,0,1,0,0,0,0,0,101.1,73.41,58.72,9.891,13.623,53.11,96.0,47.28,64.0
synthetic-00009-05,cfg-00009,warzone,Intel Core i7-13700K,NVIDIA RTX 2060,12,SSD,0,1920x1080,high,off,fxaa,high,medium,138,99,88,balanced,0,0,0,0,1,0,0,0,0,104.93,78.48,62.78,9.53,12.743,52.05,96.0,47.28,64.0
synthetic-00009-06,cfg-00009,warzone,Intel Core i7-13700K,NVIDIA RTX 2060,12,SSD,0,1920x1080,high,off,fxaa,high,medium,138,99,88,balanced,0,0,0,0,0,1,0,0,0,104.39,79.22,63.38,9.579,12.623,52.2,96.0,47.28,64.0
synthetic-00009-07,cfg-00009,warzone,Intel Core i7-13700K,NVIDIA RTX 2060,12,SSD,0,1920x1080,high,off,fxaa,high,medium,138,99,88,balanced,0,0,0,0,0,0,1,0,0,106.14,82.25,65.8,9.422,12.159,51.71,96.0,47.28,64.0
synthetic-00009-08,cfg-00009,warzone,Intel Core i7-13700K,NVIDIA RTX 2060,12,SSD,0,1920x1080,high,off,fxaa,high,medium,138,99,88,balanced,0,0,0,0,0,0,0,1,0,103.54,77.33,61.86,9.658,12.932,52.43,96.0,47.28,64.0
synthetic-00009-09,cfg-00009,warzone,Intel Core i7-13700K,NVIDIA RTX 2060,12,SSD,0,1920x1080,high,off,fxaa,high,medium,138,99,88,balanced,0,0,0,0,0,0,0,0,1,107.06,83.61,66.89,9.341,11.96,51.45,96.0,47.28,64.0
synthetic-00009-10,cfg-00009,warzone,Intel Core i7-13700K,NVIDIA RTX 2060,12,SSD,0,1920x1080,high,off,fxaa,high,medium,138,99,88,balanced,0,1,0,0,0,1,0,0,0,106.69,84.22,67.37,9.373,11.874,51.56,96.0,47.28,64.0
synthetic-00009-11,cfg-00009,warzone,Intel Core i7-13700K,NVIDIA RTX 2060,12,SSD,0,1920x1080,high,off,fxaa,high,medium,138,99,88,balanced,1,1,0,0,0,0,1,0,0,107.26,85.13,68.11,9.323,11.747,51.4,96.0,47.28,64.0
synthetic-00009-12,cfg-00009,warzone,Intel Core i7-13700K,NVIDIA RTX 2060,12,SSD,0,1920x1080,high,off,fxaa,high,medium,138,99,88,balanced,1,1,0,1,0,0,1,0,0,107.28,86.19,68.95,9.321,11.603,51.39,96.0,47.28,64.0
synthetic-00010-00,cfg-00010,fortnite,Intel Core i5-12400F,NVIDIA RTX 4060,32,SSD,1,2560x1440,ultra,on,msaa_4x,medium,ultra,38,202,104,max_fps,0,0,0,0,0,0,0,0,0,60.0,41.7,30.69,16.667,23.979,56.61,98.2,46.0,85.8
synthetic-00010-01,cfg-00010,fortnite,Intel Core i5-12400F,NVIDIA RTX 4060,32,SSD,1,2560x1440,ultra,on,msaa_4x,medium,ultra,38,202,104,max_fps,1,0,0,0,0,0,0,0,0,60.0,43.22,31.81,16.667,23.14,55.83,98.2,46.0,85.8
synthetic-00010-02,cfg-00010,fortnite,Intel Core i5-12400F,NVIDIA RTX 4060,32,SSD,1,2560x1440,ultra,on,msaa_4x,medium,ultra,38,202,104,max_fps,0,1,0,0,0,0,0,0,0,60.0,44.22,32.54,16.667,22.616,55.76,98.2,46.0,85.8
synthetic-00010-03,cfg-00010,fortnite,Intel Core i5-12400F,NVIDIA RTX 4060,32,SSD,1,2560x1440,ultra,on,msaa_4x,medium,ultra,38,202,104,max_fps,0,0,1,0,0,0,0,0,0,60.0,45.43,33.44,16.667,22.012,55.02,98.2,46.0,85.8
synthetic-00010-04,cfg-00010,fortnite,Intel Core i5-12400F,NVIDIA RTX 4060,32,SSD,1,2560x1440,ultra,on,msaa_4x,medium,ultra,38,202,104,max_fps,0,0,0,1,0,0,0,0,0,60.0,42.88,31.56,16.667,23.319,56.5,98.2,46.0,85.8
synthetic-00010-05,cfg-00010,fortnite,Intel Core i5-12400F,NVIDIA RTX 4060,32,SSD,1,2560x1440,ultra,on,msaa_4x,medium,ultra,38,202,104,max_fps,0,0,0,0,1,0,0,0,0,60.0,47.43,34.91,16.667,21.085,53.98,98.2,46.0,85.8
synthetic-00010-06,cfg-00010,fortnite,Intel Core i5-12400F,NVIDIA RTX 4060,32,SSD,1,2560x1440,ultra,on,msaa_4x,medium,ultra,38,202,104,max_fps,0,0,0,0,0,1,0,0,0,60.0,45.22,33.28,16.667,22.115,55.43,98.2,46.0,85.8
synthetic-00010-07,cfg-00010,fortnite,Intel Core i5-12400F,NVIDIA RTX 4060,32,SSD,1,2560x1440,ultra,on,msaa_4x,medium,ultra,38,202,104,max_fps,0,0,0,0,0,0,1,0,0,60.0,45.59,33.56,16.667,21.934,55.1,98.2,46.0,85.8
synthetic-00010-08,cfg-00010,fortnite,Intel Core i5-12400F,NVIDIA RTX 4060,32,SSD,1,2560x1440,ultra,on,msaa_4x,medium,ultra,38,202,104,max_fps,0,0,0,0,0,0,0,1,0,60.0,43.73,32.19,16.667,22.866,55.87,98.2,46.0,85.8
synthetic-00010-09,cfg-00010,fortnite,Intel Core i5-12400F,NVIDIA RTX 4060,32,SSD,1,2560x1440,ultra,on,msaa_4x,medium,ultra,38,202,104,max_fps,0,0,0,0,0,0,0,0,1,60.0,45.64,33.59,16.667,21.911,55.14,98.2,46.0,85.8
synthetic-00010-10,cfg-00010,fortnite,Intel Core i5-12400F,NVIDIA RTX 4060,32,SSD,1,2560x1440,ultra,on,msaa_4x,medium,ultra,38,202,104,max_fps,0,1,0,1,0,0,0,0,1,60.0,48.65,35.8,16.667,20.557,54.4,98.2,46.0,85.8
synthetic-00010-11,cfg-00010,fortnite,Intel Core i5-12400F,NVIDIA RTX 4060,32,SSD,1,2560x1440,ultra,on,msaa_4x,medium,ultra,38,202,104,max_fps,0,0,1,1,0,1,1,0,0,60.0,52.35,38.53,16.667,19.102,52.8,98.2,46.0,85.8
synthetic-00010-12,cfg-00010,fortnite,Intel Core i5-12400F,NVIDIA RTX 4060,32,SSD,1,2560x1440,ultra,on,msaa_4x,medium,ultra,38,202,104,max_fps,0,0,0,0,1,0,1,0,0,60.0,50.88,37.45,16.667,19.653,52.65,98.2,46.0,85.8
synthetic-00011-00,cfg-00011,cyberpunk_2077,Intel Core i7-13700K,NVIDIA RTX 4070,32,NVMe,1,1920x1080,medium,off,taa,ultra,medium,118,89,48,balanced,0,0,0,0,0,0,0,0,0,144.08,107.74,79.3,6.941,9.282,44.75,96.0,48.56,85.8
synthetic-00011-01,cfg-00011,cyberpunk_2077,Intel Core i7-13700K,NVIDIA RTX 4070,32,NVMe,1,1920x1080,medium,off,taa,ultra,medium,118,89,48,balanced,1,0,0,0,0,0,0,0,0,142.93,105.85,77.9,6.997,9.448,44.98,96.0,48.56,85.8
synthetic-00011-02,cfg-00011,cyberpunk_2077,Intel Core i7-13700K,NVIDIA RTX 4070,32,NVMe,1,1920x1080,medium,off,taa,ultra,medium,118,89,48,balanced,0,1,0,0,0,0,0,0,0,146.07,111.45,82.03,6.846,8.973,44.37,96.0,48.56,85.8
synthetic-00011-03,cfg-00011,cyberpunk_2077,Intel Core i7-13700K,NVIDIA RTX 4070,32,NVMe,1,1920x1080,medium,off,taa,ultra,medium,118,89,48,balanced,0,0,1,0,0,0,0,0,0,152.29,123.34,90.78,6.566,8.108,43.16,96.0,48.56,85.8
synthetic-00011-04,cfg-00011,cyberpunk_2077,Intel Core i7-13700K,NVIDIA RTX 4070,32,NVMe,1,1920x1080,medium,off,taa,ultra,medium,118,89,48,balanced,0,0,0,1,0,0,0,0,0,144.66,109.13,80.32,6.913,9.164,44.64,96.0,48.56,85.8
synthetic-00011-05,cfg-00011,cyberpunk_2077,Intel Core i7-13700K,NVIDIA RTX 4070,32,NVMe,1,1920x1080,medium,off,taa,ultra,medium,118,89,48,balanced,0,0,0,0,1,0,0,0,0,157.62,132.9,97.82,6.344,7.524,42.12,96.0,48.56,85.8
synthetic-00011-06,cfg-00011,cyberpunk_2077,Intel Core i7-13700K,NVIDIA RTX 4070,32,NVMe,1,1920x1080,medium,off,taa,ultra,medium,118,89,48,balanced,0,0,0,0,0,1,0,0,0,147.34,113.74,83.71,6.787,8.792,44.12,96.0,48.56,85.8
synthetic-00011-07,cfg-00011,cyberpunk_2077,Intel Core i7-13700K,NVIDIA RTX 4070,32,NVMe,1,1920x1080,medium,off,taa,ultra,medium,118,89,48,balanced,0,0,0,0,0,0,1,0,0,151.86,123.4,90.82,6.585,8.104,43.24,96.0,48.56,85.8
synthetic-00011-08,cfg-00011,cyberpunk_2077,Intel Core i7-13700K,NVIDIA RTX 4070,32,NVMe,1,1920x1080,medium,off,taa,ultra,medium,118,89,48,balanced,0,0,0,0,0,0,0,1,0,147.75,115.27,84.84,6.768,8.675,44.04,96.0,48.56,85.8
synthetic-00011-09,cfg-00011,cyberpunk_2077,Intel Core i7-13700K,NVIDIA RTX 4070,32,NVMe,1,1920x1080,medium,off,taa,ultra,medium,118,89,48,balanced,0,0,0,0,0,0,0,0,1,146.91,112.96,83.14,6.807,8.853,44.2,96.0,48.56,85.8
synthetic-00011-10,cfg-00011,cyberpunk_2077,Intel Core i7-13700K,NVIDIA RTX 4070,32,NVMe,1,1920x1080,medium,off,taa,ultra,medium,118,89,48,balanced,0,0,0,1,0,0,1,0,1,154.26,128.34,94.46,6.483,7.792,42.77,96.0,48.56,85.8
synthetic-00011-11,cfg-00011,cyberpunk_2077,Intel Core i7-13700K,NVIDIA RTX 4070,32,NVMe,1,1920x1080,medium,off,taa,ultra,medium,118,89,48,balanced,0,1,0,1,0,1,1,0,0,155.85,131.47,96.77,6.417,7.606,42.47,96.0,48.56,85.8
synthetic-00011-12,cfg-00011,cyberpunk_2077,Intel Core i7-13700K,NVIDIA RTX 4070,32,NVMe,1,1920x1080,medium,off,taa,ultra,medium,118,89,48,balanced,0,0,1,0,0,1,0,0,0,155.03,128.7,94.72,6.45,7.77,42.62,96.0,48.56,85.8
synthetic-00012-00,cfg-00012,warzone,AMD Ryzen 7 7840HS,AMD RX 7800 XT,8,SSD,0,1920x1080,medium,off,taa,medium,high,110,89,46,balanced,0,0,0,0,0,0,0,0,0,127.45,95.54,76.43,7.846,10.467,90.33,52.0,46.0,64.0
synthetic-00012-01,cfg-00012,warzone,AMD Ryzen 7 7840HS,AMD RX 7800 XT,8,SSD,0,1920x1080,medium,off,taa,medium,high,110,89,46,balanced,1,0,0,0,0,0,0,0,0,134.46,109.63,87.7,7.437,9.122,88.79,52.0,46.0,64.0
synthetic-00012-02,cfg-00012,warzone,AMD Ryzen 7 7840HS,AMD RX 7800 XT,8,SSD,0,1920x1080,medium,off,taa,medium,high,110,89,46,balanced,0,1,0,0,0,0,0,0,0,130.67,101.22,80.98,7.653,9.879,89.62,52.0,46.0,64.0
synthetic-00012-03,cfg-00012,warzone,AMD Ryzen 7 7840HS,AMD RX 7800 XT,8,SSD,0,1920x1080,medium,off,taa,medium,high,110,89,46,balanced,0,0,1,0,0,0,0,0,0,130.25,100.22,80.18,7.677,9.978,89.71,52.0,46.0,64.0
synthetic-00012-04,cfg-00012,warzone,AMD Ryzen 7 7840HS,AMD RX 7800 XT,8,SSD,0,1920x1080,medium,off,taa,medium,high,110,89,46,balanced,0,0,0,1,0,0,0,0,0,129.23,102.91,82.33,7.738,9.717,89.94,52.0,46.0,64.0
synthetic-00012-05,cfg-00012,warzone,AMD Ryzen 7 7840HS,AMD RX 7800 XT,8,SSD,0,1920x1080,medium,off,taa,medium,high,110,89,46,balanced,0,0,0,0,1,0,0,0,0,132.8,104.57,83.66,7.53,9.563,89.15,52.0,46.0,64.0
synthetic-00012-06,cfg-00012,warzone,AMD Ryzen 7 7840HS,AMD RX 7800 XT,8,SSD,0,1920x1080,medium,off,taa,medium,high,110,89,46,balanced,0,0,0,0,0,1,0,0,0,134.83,108.54,86.83,7.417,9.214,88.71,52.0,46.0,64.0
synthetic-00012-07,cfg-00012,warzone,AMD Ryzen 7 7840HS,AMD RX 7800 XT,8,SSD,0,1920x1080,medium,off,taa,medium,high,110,89,46,balanced,0,0,0,0,0,0,1,0,0,129.49,98.93,79.15,7.723,10.108,89.88,52.0,46.0,64.0
synthetic-00012-08,cfg-00012,warzone,AMD Ryzen 7 7840HS,AMD RX 7800 XT,8,SSD,0,1920x1080,medium,off,taa,medium,high,110,89,46,balanced,0,0,0,0,0,0,0,1,0,133.59,107.46,85.97,7.485,9.306,88.98,52.0,46.0,64.0
synthetic-00012-09,cfg-00012,warzone,AMD Ryzen 7 7840HS,AMD RX 7800 XT,8,SSD,0,1920x1080,medium,off,taa,medium,high,110,89,46,balanced,0,0,0,0,0,0,0,0,1,132.35,104.19,83.35,7.556,9.598,89.25,52.0,46.0,64.0
synthetic-00012-10,cfg-00012,warzone,AMD Ryzen 7 7840HS,AMD RX 7800 XT,8,SSD,0,1920x1080,medium,off,taa,medium,high,110,89,46,balanced,0,1,0,0,0,0,1,1,0,137.82,115.13,92.1,7.256,8.686,88.05,52.0,46.0,64.0
synthetic-00012-11,cfg-00012,warzone,AMD Ryzen 7 7840HS,AMD RX 7800 XT,8,SSD,0,1920x1080,medium,off,taa,medium,high,110,89,46,balanced,0,1,0,1,0,0,0,1,1,141.33,125.99,100.79,7.076,7.937,87.28,52.0,46.0,64.0
synthetic-00012-12,cfg-00012,warzone,AMD Ryzen 7 7840HS,AMD RX 7800 XT,8,SSD,0,1920x1080,medium,off,taa,medium,high,110,89,46,balanced,0,0,0,0,1,0,0,1,0,138.43,116.0,92.8,7.224,8.62,87.92,52.0,46.0,64.0
synthetic-00013-00,cfg-00013,cs2,Intel Core i7-13700K,NVIDIA RTX 2060,8,SSD,1,1920x1080,medium,off,taa,ultra,high,156,43,27,max_fps,0,0,0,0,0,0,0,0,0,153.95,117.0,87.98,6.496,8.547,88.0,52.0,48.56,82.6
synthetic-00013-01,cfg-00013,cs2,Intel Core i7-13700K,NVIDIA RTX 2060,8,SSD,1,1920x1080,medium,off,taa,ultra,high,156,43,27,max_fps,1,0,0,0,0,0,0,0,0,162.41,134.1,100.85,6.157,7.457,86.46,52.0,48.56,82.6
synthetic-00013-02,cfg-00013,cs2,Intel Core i7-13700K,NVIDIA RTX 2060,8,SSD,1,1920x1080,medium,off,taa,ultra,high,156,43,27,max_fps,0,1,0,0,0,0,0,0,0,157.33,122.69,92.26,6.356,8.151,87.38,52.0,48.56,82.6
synthetic-00013-03,cfg-00013,cs2,Intel Core i7-13700K,NVIDIA RTX 2060,8,SSD,1,1920x1080,medium,off,taa,ultra,high,156,43,27,max_fps,0,0,1,0,0,0,0,0,0,157.33,122.69,92.26,6.356,8.151,87.38,52.0,48.56,82.6
synthetic-00013-04,cfg-00013,cs2,Intel Core i7-13700K,NVIDIA RTX 2060,8,SSD,1,1920x1080,medium,off,taa,ultra,high,156,43,27,max_fps,0,0,0,1,0,0,0,0,0,156.1,125.52,94.39,6.406,7.967,87.61,52.0,48.56,82.6
synthetic-00013-05,cfg-00013,cs2,Intel Core i7-13700K,NVIDIA RTX 2060,8,SSD,1,1920x1080,medium,off,taa,ultra,high,156,43,27,max_fps,0,0,0,0,1,0,0,0,0,167.19,141.36,106.3,5.981,7.074,85.59,52.0,48.56,82.6
synthetic-00013-06,cfg-00013,cs2,Intel Core i7-13700K,NVIDIA RTX 2060,8,SSD,1,1920x1080,medium,off,taa,ultra,high,156,43,27,max_fps,0,0,0,0,0,1,0,0,0,162.26,131.2,98.66,6.163,7.622,86.49,52.0,48.56,82.6
synthetic-00013-07,cfg-00013,cs2,Intel Core i7-13700K,NVIDIA RTX 2060,8,SSD,1,1920x1080,medium,off,taa,ultra,high,156,43,27,max_fps,0,0,0,0,0,0,1,0,0,156.41,121.12,91.08,6.393,8.256,87.55,52.0,48.56,82.6
synthetic-00013-08,cfg-00013,cs2,Intel Core i7-13700K,NVIDIA RTX 2060,8,SSD,1,1920x1080,medium,off,taa,ultra,high,156,43,27,max_fps,0,0,0,0,0,0,0,1,0,159.84,127.69,96.03,6.256,7.831,86.93,52.0,48.56,82.6
synthetic-00013-09,cfg-00013,cs2,Intel Core i7-13700K,NVIDIA RTX 2060,8,SSD,1,1920x1080,medium,off,taa,ultra,high,156,43,27,max_fps,0,0,0,0,0,0,0,0,1,158.87,125.32,94.24,6.294,7.98,87.1,52.0,48.56,82.6
synthetic-00013-10,cfg-00013,cs2,Intel Core i7-13700K,NVIDIA RTX 2060,8,SSD,1,1920x1080,medium,off,taa,ultra,high,156,43,27,max_fps,0,1,0,0,0,1,0,0,1,169.08,143.45,107.88,5.914,6.971,85.25,52.0,48.56,82.6
synthetic-00013-11,cfg-00013,cs2,Intel Core i7-13700K,NVIDIA RTX 2060,8,SSD,1,1920x1080,medium,off,taa,ultra,high,156,43,27,max_fps,0,0,0,0,1,0,0,0,1,171.29,148.88,111.96,5.838,6.717,84.84,52.0,48.56,82.6
synthetic-00013-12,cfg-00013,cs2,Intel Core i7-13700K,NVIDIA RTX 2060,8,SSD,1,1920x1080,medium,off,taa,ultra,high,156,43,27,max_fps,0,1,0,0,1,1,0,1,0,180.62,167.39,125.88,5.537,5.974,83.15,52.0,48.56,82.6
synthetic-00014-00,cfg-00014,valorant,Intel Core i5-9400F,NVIDIA RTX 4070,16,NVMe,0,1920x1080,medium,on,taa,medium,ultra,41,191,95,max_fps,0,0,0,0,0,0,0,0,0,144.0,101.31,81.05,6.944,9.871,99.0,52.0,46.0,64.0
synthetic-00014-01,cfg-00014,valorant,Intel Core i5-9400F,NVIDIA RTX 4070,16,NVMe,0,1920x1080,medium,on,taa,medium,ultra,41,191,95,max_fps,1,0,0,0,0,0,0,0,0,144.0,105.53,84.43,6.944,9.476,99.0,52.0,46.0,64.0
synthetic-00014-02,cfg-00014,valorant,Intel Core i5-9400F,NVIDIA RTX 4070,16,NVMe,0,1920x1080,medium,on,taa,medium,ultra,41,191,95,max_fps,0,1,0,0,0,0,0,0,0,144.0,108.28,86.62,6.944,9.236,99.0,52.0,46.0,64.0
synthetic-00014-03,cfg-00014,valorant,Intel Core i5-9400F,NVIDIA RTX 4070,16,NVMe,0,1920x1080,medium,on,taa,medium,ultra,41,191,95,max_fps,0,0,1,0,0,0,0,0,0,144.0,104.16,83.33,6.944,9.601,99.0,52.0,46.0,64.0
synthetic-00014-04,cfg-00014,valorant,Intel Core i5-9400F,NVIDIA RTX 4070,16,NVMe,0,1920x1080,medium,on,taa,medium,ultra,41,191,95,max_fps,0,0,0,1,0,0,0,0,0,144.0,101.94,81.55,6.944,9.809,99.0,52.0,46.0,64.0
synthetic-00014-05,cfg-00014,valorant,Intel Core i5-9400F,NVIDIA RTX 4070,16,NVMe,0,1920x1080,medium,on,taa,medium,ultra,41,191,95,max_fps,0,0,0,0,1,0,0,0,0,144.0,106.75,85.4,6.944,9.368,99.0,52.0,46.0,64.0
synthetic-00014-06,cfg-00014,valorant,Intel Core i5-9400F,NVIDIA RTX 4070,16,NVMe,0,1920x1080,medium,on,taa,medium,ultra,41,191,95,max_fps,0,0,0,0,0,1,0,0,0,144.0,113.61,90.89,6.944,8.802,98.6,52.0,46.0,64.0
synthetic-00014-07,cfg-00014,valorant,Intel Core i5-9400F,NVIDIA RTX 4070,16,NVMe,0,1920x1080,medium,on,taa,medium,ultra,41,191,95,max_fps,0,0,0,0,0,0,1,0,0,144.0,103.38,82.71,6.944,9.673,99.0,52.0,46.0,64.0
synthetic-00014-08,cfg-00014,valorant,Intel Core i5-9400F,NVIDIA RTX 4070,16,NVMe,0,1920x1080,medium,on,taa,medium,ultra,41,191,95,max_fps,0,0,0,0,0,0,0,1,0,144.0,106.49,85.19,6.944,9.39,99.0,52.0,46.0,64.0
synthetic-00014-09,cfg-00014,valorant,Intel Core i5-9400F,NVIDIA RTX 4070,16,NVMe,0,1920x1080,medium,on,taa,medium,ultra,41,191,95,max_fps,0,0,0,0,0,0,0,0,1,144.0,109.72,87.78,6.944,9.114,99.0,52.0,46.0,64.0
synthetic-00014-10,cfg-00014,valorant,Intel Core i5-9400F,NVIDIA RTX 4070,16,NVMe,0,1920x1080,medium,on,taa,medium,ultra,41,191,95,max_fps,0,1,0,0,0,0,1,0,0,144.0,109.94,87.95,6.944,9.096,99.0,52.0,46.0,64.0
synthetic-00014-11,cfg-00014,valorant,Intel Core i5-9400F,NVIDIA RTX 4070,16,NVMe,0,1920x1080,medium,on,taa,medium,ultra,41,191,95,max_fps,0,1,1,0,0,1,0,1,0,144.0,124.93,99.94,6.944,8.005,96.51,52.0,46.0,64.0
synthetic-00014-12,cfg-00014,valorant,Intel Core i5-9400F,NVIDIA RTX 4070,16,NVMe,0,1920x1080,medium,on,taa,medium,ultra,41,191,95,max_fps,1,0,1,0,0,1,0,1,0,144.0,122.56,98.05,6.944,8.159,97.11,52.0,46.0,64.0
synthetic-00015-00,cfg-00015,valorant,Intel Core i5-12400F,NVIDIA GTX 1660 Super,16,NVMe,1,1920x1080,medium,off,msaa_2x,low,ultra,38,118,92,balanced,0,0,0,0,0,0,0,0,0,204.1,144.17,108.41,4.9,6.936,99.0,52.0,44.56,82.6
synthetic-00015-01,cfg-00015,valorant,Intel Core i5-12400F,NVIDIA GTX 1660 Super,16,NVMe,1,1920x1080,medium,off,msaa_2x,low,ultra,38,118,92,balanced,1,0,0,0,0,0,0,0,0,207.08,152.35,114.56,4.829,6.564,99.0,52.0,44.56,82.6
synthetic-00015-02,cfg-00015,valorant,Intel Core i5-12400F,NVIDIA GTX 1660 Super,16,NVMe,1,1920x1080,medium,off,msaa_2x,low,ultra,38,118,92,balanced,0,1,0,0,0,0,0,0,0,212.01,159.71,120.1,4.717,6.261,98.99,52.0,44.56,82.6
synthetic-00015-03,cfg-00015,valorant,Intel Core i5-12400F,NVIDIA GTX 1660 Super,16,NVMe,1,1920x1080,medium,off,msaa_2x,low,ultra,38,118,92,balanced,0,0,1,0,0,0,0,0,0,202.46,141.55,106.45,4.939,7.064,99.0,52.0,44.56,82.6
synthetic-00015-04,cfg-00015,valorant,Intel Core i5-12400F,NVIDIA GTX 1660 Super,16,NVMe,1,1920x1080,medium,off,msaa_2x,low,ultra,38,118,92,balanced,0,0,0,1,0,0,0,0,0,205.1,145.78,109.62,4.876,6.86,99.0,52.0,44.56,82.6
synthetic-00015-05,cfg-00015,valorant,Intel Core i5-12400F,NVIDIA GTX 1660 Super,16,NVMe,1,1920x1080,medium,off,msaa_2x,low,ultra,38,118,92,balanced,0,0,0,0,1,0,0,0,0,221.65,175.51,131.99,4.512,5.698,97.66,52.0,44.56,82.6
synthetic-00015-06,cfg-00015,valorant,Intel Core i5-12400F,NVIDIA GTX 1660 Super,16,NVMe,1,1920x1080,medium,off,msaa_2x,low,ultra,38,118,92,balanced,0,0,0,0,0,1,0,0,0,219.22,173.18,130.23,4.562,5.774,98.0,52.0,44.56,82.6
synthetic-00015-07,cfg-00015,valorant,Intel Core i5-12400F,NVIDIA GTX 1660 Super,16,NVMe,1,1920x1080,medium,off,msaa_2x,low,ultra,38,118,92,balanced,0,0,0,0,0,0,1,0,0,207.36,149.46,112.39,4.822,6.691,99.0,52.0,44.56,82.6
synthetic-00015-08,cfg-00015,valorant,Intel Core i5-12400F,NVIDIA GTX 1660 Super,16,NVMe,1,1920x1080,medium,off,msaa_2x,low,ultra,38,118,92,balanced,0,0,0,0,0,0,0,1,0,211.55,157.04,118.1,4.727,6.368,99.0,52.0,44.56,82.6
synthetic-00015-09,cfg-00015,valorant,Intel Core i5-12400F,NVIDIA GTX 1660 Super,16,NVMe,1,1920x1080,medium,off,msaa_2x,low,ultra,38,118,92,balanced,0,0,0,0,0,0,0,0,1,213.39,162.69,122.34,4.686,6.147,98.8,52.0,44.56,82.6
synthetic-00015-10,cfg-00015,valorant,Intel Core i5-12400F,NVIDIA GTX 1660 Super,16,NVMe,1,1920x1080,medium,off,msaa_2x,low,ultra,38,118,92,balanced,1,0,0,1,0,0,1,1,0,216.81,168.93,127.03,4.612,5.92,98.33,52.0,44.56,82.6
synthetic-00015-11,cfg-00015,valorant,Intel Core i5-12400F,NVIDIA GTX 1660 Super,16,NVMe,1,1920x1080,medium,off,msaa_2x,low,ultra,38,118,92,balanced,0,0,0,0,0,0,0,1,1,220.09,174.81,131.46,4.544,5.721,97.88,52.0,44.56,82.6
synthetic-00015-12,cfg-00015,valorant,Intel Core i5-12400F,NVIDIA GTX 1660 Super,16,NVMe,1,1920x1080,medium,off,msaa_2x,low,ultra,38,118,92,balanced,0,1,1,0,0,0,1,0,0,212.78,160.79,120.91,4.7,6.219,98.88,52.0,44.56,82.6
synthetic-00016-00,cfg-00016,valorant,AMD Ryzen 5 5600X,NVIDIA GTX 1060 6GB,32,NVMe,0,2560x1440,high,on,off,ultra,low,137,166,76,balanced,0,0,0,0,0,0,0,0,0,60.0,43.28,34.63,16.667,23.103,96.68,54.2,64.74,64.0
synthetic-00016-01,cfg-00016,valorant,AMD Ryzen 5 5600X,NVIDIA GTX 1060 6GB,32,NVMe,0,2560x1440,high,on,off,ultra,low,137,166,76,balanced,1,0,0,0,0,0,0,0,0,60.0,45.05,36.04,16.667,22.2,96.27,54.2,64.74,64.0
synthetic-00016-02,cfg-00016,valorant,AMD Ryzen 5 5600X,NVIDIA GTX 1060 6GB,32,NVMe,0,2560x1440,high,on,off,ultra,low,137,166,76,balanced,0,1,0,0,0,0,0,0,0,60.0,45.64,36.52,16.667,21.908,95.73,54.2,64.74,64.0
synthetic-00016-03,cfg-00016,valorant,AMD Ryzen 5 5600X,NVIDIA GTX 1060 6GB,32,NVMe,0,2560x1440,high,on,off,ultra,low,137,166,76,balanced,0,0,1,0,0,0,0,0,0,60.0,42.85,34.28,16.667,23.336,96.91,54.2,64.74,64.0
synthetic-00016-04,cfg-00016,valorant,AMD Ryzen 5 5600X,NVIDIA GTX 1060 6GB,32,NVMe,0,2560x1440,high,on,off,ultra,low,137,166,76,balanced,0,0,0,1,0,0,0,0,0,60.0,43.55,34.84,16.667,22.962,96.55,54.2,64.74,64.0
synthetic-00016-05,cfg-00016,valorant,AMD Ryzen 5 5600X,NVIDIA GTX 1060 6GB,32,NVMe,0,2560x1440,high,on,off,ultra,low,137,166,76,balanced,0,0,0,0,1,0,0,0,0,60.0,45.55,36.44,16.667,21.953,95.51,54.2,64.74,64.0
synthetic-00016-06,cfg-00016,valorant,AMD Ryzen 5 5600X,NVIDIA GTX 1060 6GB,32,NVMe,0,2560x1440,high,on,off,ultra,low,137,166,76,balanced,0,0,0,0,0,1,0,0,0,60.0,47.71,38.17,16.667,20.959,94.77,54.2,64.74,64.0
synthetic-00016-07,cfg-00016,valorant,AMD Ryzen 5 5600X,NVIDIA GTX 1060 6GB,32,NVMe,0,2560x1440,high,on,off,ultra,low,137,166,76,balanced,0,0,0,0,0,0,1,0,0,60.0,44.59,35.67,16.667,22.426,96.11,54.2,64.74,64.0
synthetic-00016-08,cfg-00016,valorant,AMD Ryzen 5 5600X,NVIDIA GTX 1060 6GB,32,NVMe,0,2560x1440,high,on,off,ultra,low,137,166,76,balanced,0,0,0,0,0,0,0,1,0,60.0,45.44,36.36,16.667,22.005,95.66,54.2,64.74,64.0
synthetic-00016-09,cfg-00016,valorant,AMD Ryzen 5 5600X,NVIDIA GTX 1060 6GB,32,NVMe,0,2560x1440,high,on,off,ultra,low,137,166,76,balanced,0,0,0,0,0,0,0,0,1,60.0,45.89,36.71,16.667,21.793,95.67,54.2,64.74,64.0
synthetic-00016-10,cfg-00016,valorant,AMD Ryzen 5 5600X,NVIDIA GTX 1060 6GB,32,NVMe,0,2560x1440,high,on,off,ultra,low,137,166,76,balanced,0,0,0,1,1,0,1,0,1,60.0,48.86,39.08,16.667,20.468,94.18,54.2,64.74,64.0
synthetic-00016-11,cfg-00016,valorant,AMD Ryzen 5 5600X,NVIDIA GTX 1060 6GB,32,NVMe,0,2560x1440,high,on,off,ultra,low,137,166,76,balanced,0,0,1,0,0,1,1,0,1,60.0,50.12,40.1,16.667,19.952,93.85,54.2,64.74,64.0
synthetic-00016-12,cfg-00016,valorant,AMD Ryzen 5 5600X,NVIDIA GTX 1060 6GB,32,NVMe,0,2560x1440,high,on,off,ultra,low,137,166,76,balanced,0,0,0,1,0,1,0,0,0,60.0,47.76,38.21,16.667,20.936,94.72,54.2,64.74,64.0
synthetic-00017-00,cfg-00017,cyberpunk_2077,AMD Ryzen 5 5600X,AMD RX 7800 XT,32,NVMe,1,2560x1440,high,off,taa,ultra,low,62,66,55,balanced,0,0,0,0,0,0,0,0,0,105.76,78.39,57.69,9.456,12.757,46.24,98.2,48.56,85.8
synthetic-00017-01,cfg-00017,cyberpunk_2077,AMD Ryzen 5 5600X,AMD RX 7800 XT,32,NVMe,1,2560x1440,high,off,taa,ultra,low,62,66,55,balanced,1,0,0,0,0,0,0,0,0,108.72,83.32,61.32,9.198,12.002,45.45,98.2,48.56,85.8
synthetic-00017-02,cfg-00017,cyberpunk_2077,AMD Ryzen 5 5600X,AMD RX 7800 XT,32,NVMe,1,2560x1440,high,off,taa,ultra,low,62,66,55,balanced,0,1,0,0,0,0,0,0,0,107.44,81.62,60.07,9.308,12.252,45.79,98.2,48.56,85.8
synthetic-00017-03,cfg-00017,cyberpunk_2077,AMD Ryzen 5 5600X,AMD RX 7800 XT,32,NVMe,1,2560x1440,high,off,taa,ultra,low,62,66,55,balanced,0,0,1,0,0,0,0,0,0,111.79,89.8,66.09,8.946,11.136,44.64,98.2,48.56,85.8
synthetic-00017-04,cfg-00017,cyberpunk_2077,AMD Ryzen 5 5600X,AMD RX 7800 XT,32,NVMe,1,2560x1440,high,off,taa,ultra,low,62,66,55,balanced,0,0,0,1,0,0,0,0,0,106.18,79.58,58.57,9.418,12.567,46.12,98.2,48.56,85.8
synthetic-00017-05,cfg-00017,cyberpunk_2077,AMD Ryzen 5 5600X,AMD RX 7800 XT,32,NVMe,1,2560x1440,high,off,taa,ultra,low,62,66,55,balanced,0,0,0,0,1,0,0,0,0,115.7,96.79,71.24,8.643,10.331,43.6,98.2,48.56,85.8
synthetic-00017-06,cfg-00017,cyberpunk_2077,AMD Ryzen 5 5600X,AMD RX 7800 XT,32,NVMe,1,2560x1440,high,off,taa,ultra,low,62,66,55,balanced,0,0,0,0,0,1,0,0,0,108.41,83.44,61.41,9.224,11.985,45.53,98.2,48.56,85.8
synthetic-00017-07,cfg-00017,cyberpunk_2077,AMD Ryzen 5 5600X,AMD RX 7800 XT,32,NVMe,1,2560x1440,high,off,taa,ultra,low,62,66,55,balanced,0,0,0,0,0,0,1,0,0,111.47,89.84,66.12,8.971,11.131,44.72,98.2,48.56,85.8
synthetic-00017-08,cfg-00017,cyberpunk_2077,AMD Ryzen 5 5600X,AMD RX 7800 XT,32,NVMe,1,2560x1440,high,off,taa,ultra,low,62,66,55,balanced,0,0,0,0,0,0,0,1,0,108.46,83.9,61.75,9.22,11.919,45.52,98.2,48.56,85.8
synthetic-00017-09,cfg-00017,cyberpunk_2077,AMD Ryzen 5 5600X,AMD RX 7800 XT,32,NVMe,1,2560x1440,high,off,taa,ultra,low,62,66,55,balanced,0,0,0,0,0,0,0,0,1,108.27,83.14,61.19,9.236,12.028,45.57,98.2,48.56,85.8
synthetic-00017-10,cfg-00017,cyberpunk_2077,AMD Ryzen 5 5600X,AMD RX 7800 XT,32,NVMe,1,2560x1440,high,off,taa,ultra,low,62,66,55,balanced,0,0,0,0,1,1,0,0,0,117.78,101.23,74.51,8.49,9.878,43.05,98.2,48.56,85.8
synthetic-00017-11,cfg-00017,cyberpunk_2077,AMD Ryzen 5 5600X,AMD RX 7800 XT,32,NVMe,1,2560x1440,high,off,taa,ultra,low,62,66,55,balanced,1,0,0,0,1,0,1,0,0,122.7,111.64,82.17,8.15,8.957,41.75,98.2,48.56,85.8
synthetic-00017-12,cfg-00017,cyberpunk_2077,AMD Ryzen 5 5600X,AMD RX 7800 XT,32,NVMe,1,2560x1440,high,off,taa,ultra,low,62,66,55,balanced,1,0,0,0,0,1,0,1,1,115.12,96.55,71.06,8.687,10.357,43.76,98.2,48.56,85.8
synthetic-00018-00,cfg-00018,warzone,AMD Ryzen 5 5600X,NVIDIA RTX 4070,16,SSD,0,1920x1080,high,off,taa,ultra,ultra,40,67,27,balanced,0,0,0,0,0,0,0,0,0,135.4,102.9,82.32,7.386,9.718,42.0,96.0,48.56,64.0
synthetic-00018-01,cfg-00018,warzone,AMD Ryzen 5 5600X,NVIDIA RTX 4070,16,SSD,0,1920x1080,high,off,taa,ultra,ultra,40,67,27,balanced,1,0,0,0,0,0,0,0,0,139.19,109.29,87.43,7.184,9.15,41.22,96.0,48.56,64.0
synthetic-00018-02,cfg-00018,warzone,AMD Ryzen 5 5600X,NVIDIA RTX 4070,16,SSD,0,1920x1080,high,off,taa,ultra,ultra,40,67,27,balanced,0,1,0,0,0,0,0,0,0,136.75,105.16,84.13,7.313,9.509,41.72,96.0,48.56,64.0
synthetic-00018-03,cfg-00018,warzone,AMD Ryzen 5 5600X,NVIDIA RTX 4070,16,SSD,0,1920x1080,high,off,taa,ultra,ultra,40,67,27,balanced,0,0,1,0,0,0,0,0,0,143.12,117.66,94.12,6.987,8.499,40.4,96.0,48.56,64.0
synthetic-00018-04,cfg-00018,warzone,AMD Ryzen 5 5600X,NVIDIA RTX 4070,16,SSD,0,1920x1080,high,off,taa,ultra,ultra,40,67,27,balanced,0,0,0,1,0,0,0,0,0,135.94,103.8,83.04,7.356,9.634,41.89,96.0,48.56,64.0
synthetic-00018-05,cfg-00018,warzone,AMD Ryzen 5 5600X,NVIDIA RTX 4070,16,SSD,0,1920x1080,high,off,taa,ultra,ultra,40,67,27,balanced,0,0,0,0,1,0,0,0,0,141.08,112.56,90.05,7.088,8.884,40.82,96.0,48.56,64.0
synthetic-00018-06,cfg-00018,warzone,AMD Ryzen 5 5600X,NVIDIA RTX 4070,16,SSD,0,1920x1080,high,off,taa,ultra,ultra,40,67,27,balanced,0,0,0,0,0,1,0,0,0,137.84,106.99,85.59,7.255,9.347,41.5,96.0,48.56,64.0
synthetic-00018-07,cfg-00018,warzone,AMD Ryzen 5 5600X,NVIDIA RTX 4070,16,SSD,0,1920x1080,high,off,taa,ultra,ultra,40,67,27,balanced,0,0,0,0,0,0,1,0,0,142.71,117.71,94.17,7.007,8.496,40.49,96.0,48.56,64.0
synthetic-00018-08,cfg-00018,warzone,AMD Ryzen 5 5600X,NVIDIA RTX 4070,16,SSD,0,1920x1080,high,off,taa,ultra,ultra,40,67,27,balanced,0,0,0,0,0,0,0,1,0,139.22,110.92,88.73,7.183,9.016,41.21,96.0,48.56,64.0
synthetic-00018-09,cfg-00018,warzone,AMD Ryzen 5 5600X,NVIDIA RTX 4070,16,SSD,0,1920x1080,high,off,taa,ultra,ultra,40,67,27,balanced,0,0,0,0,0,0,0,0,1,137.02,105.62,84.49,7.298,9.468,41.66,96.0,48.56,64.0
synthetic-00018-10,cfg-00018,warzone,AMD Ryzen 5 5600X,NVIDIA RTX 4070,16,SSD,0,1920x1080,high,off,taa,ultra,ultra,40,67,27,balanced,0,0,1,0,0,1,0,0,1,146.12,122.9,98.32,6.844,8.137,39.78,96.0,48.56,64.0
synthetic-00018-11,cfg-00018,warzone,AMD Ryzen 5 5600X,NVIDIA RTX 4070,16,SSD,0,1920x1080,high,off,taa,ultra,ultra,40,67,27,balanced,1,1,0,0,0,0,0,0,1,141.56,113.38,90.71,7.064,8.82,40.73,96.0,48.56,64.0
synthetic-00018-12,cfg-00018,warzone,AMD Ryzen 5 5600X,NVIDIA RTX 4070,16,SSD,0,1920x1080,high,off,taa,ultra,ultra,40,67,27,balanced,1,0,0,0,0,0,1,0,1,146.98,125.19,100.15,6.804,7.988,39.6,96.0,48.56,64.0
synthetic-00019-00,cfg-00019,fortnite,Intel Core i7-13700K,NVIDIA RTX 3060 Laptop,8,NVMe,1,1920x1080,medium,off,msaa_2x,ultra,low,56,61,55,max_fps,0,0,0,0,0,0,0,0,0,181.36,134.42,103.77,5.514,7.439,46.24,52.0,48.56,70.6
synthetic-00019-01,cfg-00019,fortnite,Intel Core i7-13700K,NVIDIA RTX 3060 Laptop,8,NVMe,1,1920x1080,medium,off,msaa_2x,ultra,low,56,61,55,max_fps,1,0,0,0,0,0,0,0,0,179.91,132.05,101.94,5.558,7.573,46.46,52.0,48.56,70.6
synthetic-00019-02,cfg-00019,fortnite,Intel Core i7-13700K,NVIDIA RTX 3060 Laptop,8,NVMe,1,1920x1080,medium,off,msaa_2x,ultra,low,56,61,55,max_fps,0,1,0,0,0,0,0,0,0,184.24,139.97,108.06,5.428,7.144,45.79,52.0,48.56,70.6
synthetic-00019-03,cfg-00019,fortnite,Intel Core i7-13700K,NVIDIA RTX 3060 Laptop,8,NVMe,1,1920x1080,medium,off,msaa_2x,ultra,low,56,61,55,max_fps,0,0,1,0,0,0,0,0,0,185.35,141.05,108.89,5.395,7.09,45.62,52.0,48.56,70.6
synthetic-00019-04,cfg-00019,fortnite,Intel Core i7-13700K,NVIDIA RTX 3060 Laptop,8,NVMe,1,1920x1080,medium,off,msaa_2x,ultra,low,56,61,55,max_fps,0,0,0,1,0,0,0,0,0,182.09,136.46,105.35,5.492,7.328,46.12,52.0,48.56,70.6
synthetic-00019-05,cfg-00019,fortnite,Intel Core i7-13700K,NVIDIA RTX 3060 Laptop,8,NVMe,1,1920x1080,medium,off,msaa_2x,ultra,low,56,61,55,max_fps,0,0,0,0,1,0,0,0,0,191.88,153.14,118.23,5.212,6.53,44.61,52.0,48.56,70.6
synthetic-00019-06,cfg-00019,fortnite,Intel Core i7-13700K,NVIDIA RTX 3060 Laptop,8,NVMe,1,1920x1080,medium,off,msaa_2x,ultra,low,56,61,55,max_fps,0,0,0,0,0,1,0,0,0,185.91,143.09,110.46,5.379,6.989,45.53,52.0,48.56,70.6
synthetic-00019-07,cfg-00019,fortnite,Intel Core i7-13700K,NVIDIA RTX 3060 Laptop,8,NVMe,1,1920x1080,medium,off,msaa_2x,ultra,low,56,61,55,max_fps,0,0,0,0,0,0,1,0,0,184.27,139.23,107.48,5.427,7.183,45.79,52.0,48.56,70.6
synthetic-00019-08,cfg-00019,fortnite,Intel Core i7-13700K,NVIDIA RTX 3060 Laptop,8,NVMe,1,1920x1080,medium,off,msaa_2x,ultra,low,56,61,55,max_fps,0,0,0,0,0,0,0,1,0,186.15,144.27,111.38,5.372,6.931,45.5,52.0,48.56,70.6
synthetic-00019-09,cfg-00019,fortnite,Intel Core i7-13700K,NVIDIA RTX 3060 Laptop,8,NVMe,1,1920x1080,medium,off,msaa_2x,ultra,low,56,61,55,max_fps,0,0,0,0,0,0,0,0,1,189.3,148.76,114.85,5.283,6.722,45.01,52.0,48.56,70.6
synthetic-00019-10,cfg-00019,fortnite,Intel Core i7-13700K,NVIDIA RTX 3060 Laptop,8,NVMe,1,1920x1080,medium,off,msaa_2x,ultra,low,56,61,55,max_fps,0,1,0,0,1,0,0,1,0,197.91,166.37,128.44,5.053,6.011,43.68,52.0,48.56,70.6
synthetic-00019-11,cfg-00019,fortnite,Intel Core i7-13700K,NVIDIA RTX 3060 Laptop,8,NVMe,1,1920x1080,medium,off,msaa_2x,ultra,low,56,61,55,max_fps,0,0,1,1,1,1,0,0,0,198.47,166.58,128.6,5.038,6.003,43.59,52.0,48.56,70.6
synthetic-00019-12,cfg-00019,fortnite,Intel Core i7-13700K,NVIDIA RTX 3060 Laptop,8,NVMe,1,1920x1080,medium,off,msaa_2x,ultra,low,56,61,55,max_fps,1,0,1,1,0,0,1,0,0,186.7,144.07,111.22,5.356,6.941,45.41,52.0,48.56,70.6
synthetic-00020-00,cfg-00020,cyberpunk_2077,Intel Core i7-12700H,NVIDIA RTX 3060 Laptop,8,HDD,1,1920x1080,low,off,msaa_4x,low,ultra,20,202,82,max_fps,0,0,0,0,0,0,0,0,0,70.91,50.76,37.36,14.102,19.701,51.95,96.0,44.56,85.8
synthetic-00020-01,cfg-00020,cyberpunk_2077,Intel Core i7-12700H,NVIDIA RTX 3060 Laptop,8,HDD,1,1920x1080,low,off,msaa_4x,low,ultra,20,202,82,max_fps,1,0,0,0,0,0,0,0,0,70.35,49.85,36.69,14.215,20.062,52.18,96.0,44.56,85.8
synthetic-00020-02,cfg-00020,cyberpunk_2077,Intel Core i7-12700H,NVIDIA RTX 3060 Laptop,8,HDD,1,1920x1080,low,off,msaa_4x,low,ultra,20,202,82,max_fps,0,1,0,0,0,0,0,0,0,72.6,54.25,39.93,13.773,18.434,51.29,96.0,44.56,85.8
synthetic-00020-03,cfg-00020,cyberpunk_2077,Intel Core i7-12700H,NVIDIA RTX 3060 Laptop,8,HDD,1,1920x1080,low,off,msaa_4x,low,ultra,20,202,82,max_fps,0,0,1,0,0,0,0,0,0,74.96,58.31,42.91,13.341,17.151,50.36,96.0,44.56,85.8
synthetic-00020-04,cfg-00020,cyberpunk_2077,Intel Core i7-12700H,NVIDIA RTX 3060 Laptop,8,HDD,1,1920x1080,low,off,msaa_4x,low,ultra,20,202,82,max_fps,0,0,0,1,0,0,0,0,0,71.2,52.0,38.27,14.045,19.232,51.84,96.0,44.56,85.8
synthetic-00020-05,cfg-00020,cyberpunk_2077,Intel Core i7-12700H,NVIDIA RTX 3060 Laptop,8,HDD,1,1920x1080,low,off,msaa_4x,low,ultra,20,202,82,max_fps,0,0,0,0,1,0,0,0,0,77.58,62.93,46.32,12.89,15.891,49.32,96.0,44.56,85.8
synthetic-00020-06,cfg-00020,cyberpunk_2077,Intel Core i7-12700H,NVIDIA RTX 3060 Laptop,8,HDD,1,1920x1080,low,off,msaa_4x,low,ultra,20,202,82,max_fps,0,0,0,0,0,1,0,0,0,73.37,55.82,41.08,13.63,17.915,50.98,96.0,44.56,85.8
synthetic-00020-07,cfg-00020,cyberpunk_2077,Intel Core i7-12700H,NVIDIA RTX 3060 Laptop,8,HDD,1,1920x1080,low,off,msaa_4x,low,ultra,20,202,82,max_fps,0,0,0,0,0,0,1,0,0,74.74,58.34,42.94,13.379,17.14,50.44,96.0,44.56,85.8
synthetic-00020-08,cfg-00020,cyberpunk_2077,Intel Core i7-12700H,NVIDIA RTX 3060 Laptop,8,HDD,1,1920x1080,low,off,msaa_4x,low,ultra,20,202,82,max_fps,0,0,0,0,0,0,0,1,0,72.72,54.41,40.04,13.751,18.38,51.24,96.0,44.56,85.8
synthetic-00020-09,cfg-00020,cyberpunk_2077,Intel Core i7-12700H,NVIDIA RTX 3060 Laptop,8,HDD,1,1920x1080,low,off,msaa_4x,low,ultra,20,202,82,max_fps,0,0,0,0,0,0,0,0,1,76.21,60.61,44.61,13.122,16.498,49.86,96.0,44.56,85.8
synthetic-00020-10,cfg-00020,cyberpunk_2077,Intel Core i7-12700H,NVIDIA RTX 3060 Laptop,8,HDD,1,1920x1080,low,off,msaa_4x,low,ultra,20,202,82,max_fps,0,0,0,0,1,0,0,1,1,83.44,75.48,55.55,11.984,13.249,47.01,96.0,44.56,85.8
synthetic-00020-11,cfg-00020,cyberpunk_2077,Intel Core i7-12700H,NVIDIA RTX 3060 Laptop,8,HDD,1,1920x1080,low,off,msaa_4x,low,ultra,20,202,82,max_fps,1,1,0,0,0,0,0,0,0,71.99,53.19,39.15,13.892,18.801,51.53,96.0,44.56,85.8
synthetic-00020-12,cfg-00020,cyberpunk_2077,Intel Core i7-12700H,NVIDIA RTX 3060 Laptop,8,HDD,1,1920x1080,low,off,msaa_4x,low,ultra,20,202,82,max_fps,0,0,1,0,1,0,0,0,0,81.14,70.28,51.73,12.324,14.228,47.92,96.0,44.56,85.8
synthetic-00021-00,cfg-00021,warzone,AMD Ryzen 7 5800X3D,NVIDIA GTX 1060 6GB,16,NVMe,1,1920x1080,high,off,taa,ultra,medium,156,152,61,balanced,0,0,0,0,0,0,0,0,0,75.05,55.2,40.63,13.325,18.116,47.51,96.0,48.56,85.8
synthetic-00021-01,cfg-00021,warzone,AMD Ryzen 7 5800X3D,NVIDIA GTX 1060 6GB,16,NVMe,1,1920x1080,high,off,taa,ultra,medium,156,152,61,balanced,1,0,0,0,0,0,0,0,0,75.8,56.43,41.54,13.193,17.72,47.23,96.0,48.56,85.8
synthetic-00021-02,cfg-00021,warzone,AMD Ryzen 7 5800X3D,NVIDIA GTX 1060 6GB,16,NVMe,1,1920x1080,high,off,taa,ultra,medium,156,152,61,balanced,0,1,0,0,0,0,0,0,0,76.37,57.81,42.55,13.094,17.299,47.01,96.0,48.56,85.8
synthetic-00021-03,cfg-00021,warzone,AMD Ryzen 7 5800X3D,NVIDIA GTX 1060 6GB,16,NVMe,1,1920x1080,high,off,taa,ultra,medium,156,152,61,balanced,0,0,1,0,0,0,0,0,0,74.45,55.03,40.5,13.432,18.173,47.73,96.0,48.56,85.8
synthetic-00021-04,cfg-00021,warzone,AMD Ryzen 7 5800X3D,NVIDIA GTX 1060 6GB,16,NVMe,1,1920x1080,high,off,taa,ultra,medium,156,152,61,balanced,0,0,0,1,0,0,0,0,0,75.35,56.15,41.33,13.272,17.81,47.39,96.0,48.56,85.8
synthetic-00021-05,cfg-00021,warzone,AMD Ryzen 7 5800X3D,NVIDIA GTX 1060 6GB,16,NVMe,1,1920x1080,high,off,taa,ultra,medium,156,152,61,balanced,0,0,0,0,1,0,0,0,0,82.1,68.22,50.21,12.18,14.658,44.87,96.0,48.56,85.8
synthetic-00021-06,cfg-00021,warzone,AMD Ryzen 7 5800X3D,NVIDIA GTX 1060 6GB,16,NVMe,1,1920x1080,high,off,taa,ultra,medium,156,152,61,balanced,0,0,0,0,0,1,0,0,0,77.09,59.18,43.56,12.972,16.897,46.74,96.0,48.56,85.8
synthetic-00021-07,cfg-00021,warzone,AMD Ryzen 7 5800X3D,NVIDIA GTX 1060 6GB,16,NVMe,1,1920x1080,high,off,taa,ultra,medium,156,152,61,balanced,0,0,0,0,0,0,1,0,0,79.1,63.31,46.59,12.642,15.796,45.99,96.0,48.56,85.8
synthetic-00021-08,cfg-00021,warzone,AMD Ryzen 7 5800X3D,NVIDIA GTX 1060 6GB,16,NVMe,1,1920x1080,high,off,taa,ultra,medium,156,152,61,balanced,0,0,0,0,0,0,0,1,0,77.17,59.59,43.86,12.959,16.781,46.72,96.0,48.56,85.8
synthetic-00021-09,cfg-00021,warzone,AMD Ryzen 7 5800X3D,NVIDIA GTX 1060 6GB,16,NVMe,1,1920x1080,high,off,taa,ultra,medium,156,152,61,balanced,0,0,0,0,0,0,0,0,1,77.1,59.13,43.52,12.971,16.911,46.74,96.0,48.56,85.8
synthetic-00021-10,cfg-00021,warzone,AMD Ryzen 7 5800X3D,NVIDIA GTX 1060 6GB,16,NVMe,1,1920x1080,high,off,taa,ultra,medium,156,152,61,balanced,0,1,0,1,1,0,1,0,0,86.06,77.54,57.07,11.62,12.897,43.4,96.0,48.56,85.8
synthetic-00021-11,cfg-00021,warzone,AMD Ryzen 7 5800X3D,NVIDIA GTX 1060 6GB,16,NVMe,1,1920x1080,high,off,taa,ultra,medium,156,152,61,balanced,0,0,0,1,1,0,1,1,0,86.75,79.31,58.37,11.528,12.609,43.14,96.0,48.56,85.8
synthetic-00021-12,cfg-00021,warzone,AMD Ryzen 7 5800X3D,NVIDIA GTX 1060 6GB,16,NVMe,1,1920x1080,high,off,taa,ultra,medium,156,152,61,balanced,1,1,0,0,0,1,0,0,0,78.79,62.44,45.96,12.692,16.015,46.11,96.0,48.56,85.8
synthetic-00022-00,cfg-00022,fortnite,Intel Core i5-9400F,NVIDIA GTX 1060 6GB,16,HDD,0,1920x1080,medium,on,taa,medium,ultra,165,156,64,max_fps,0,0,0,0,0,0,0,0,0,67.59,49.52,39.62,14.796,20.194,94.14,52.0,46.0,64.0
synthetic-00022-01,cfg-00022,fortnite,Intel Core i5-9400F,NVIDIA GTX 1060 6GB,16,HDD,0,1920x1080,medium,on,taa,medium,ultra,165,156,64,max_fps,1,0,0,0,0,0,0,0,0,72.52,59.08,47.26,13.789,16.928,92.1,52.0,46.0,64.0
synthetic-00022-02,cfg-00022,fortnite,Intel Core i5-9400F,NVIDIA GTX 1060 6GB,16,HDD,0,1920x1080,medium,on,taa,medium,ultra,165,156,64,max_fps,0,1,0,0,0,0,0,0,0,69.65,53.37,42.7,14.358,18.736,93.29,52.0,46.0,64.0
synthetic-00022-03,cfg-00022,fortnite,Intel Core i5-9400F,NVIDIA GTX 1060 6GB,16,HDD,0,1920x1080,medium,on,taa,medium,ultra,165,156,64,max_fps,0,0,1,0,0,0,0,0,0,67.05,48.64,38.91,14.915,20.558,94.37,52.0,46.0,64.0
synthetic-00022-04,cfg-00022,fortnite,Intel Core i5-9400F,NVIDIA GTX 1060 6GB,16,HDD,0,1920x1080,medium,on,taa,medium,ultra,165,156,64,max_fps,0,0,0,1,0,0,0,0,0,68.53,53.7,42.96,14.592,18.622,93.75,52.0,46.0,64.0
synthetic-00022-05,cfg-00022,fortnite,Intel Core i5-9400F,NVIDIA GTX 1060 6GB,16,HDD,0,1920x1080,medium,on,taa,medium,ultra,165,156,64,max_fps,0,0,0,0,1,0,0,0,0,70.42,54.26,43.41,14.2,18.429,92.97,52.0,46.0,64.0
synthetic-00022-06,cfg-00022,fortnite,Intel Core i5-9400F,NVIDIA GTX 1060 6GB,16,HDD,0,1920x1080,medium,on,taa,medium,ultra,165,156,64,max_fps,0,0,0,0,0,1,0,0,0,71.93,57.48,45.98,13.903,17.398,92.34,52.0,46.0,64.0
synthetic-00022-07,cfg-00022,fortnite,Intel Core i5-9400F,NVIDIA GTX 1060 6GB,16,HDD,0,1920x1080,medium,on,taa,medium,ultra,165,156,64,max_fps,0,0,0,0,0,0,1,0,0,68.67,51.3,41.04,14.563,19.493,93.69,52.0,46.0,64.0
synthetic-00022-08,cfg-00022,fortnite,Intel Core i5-9400F,NVIDIA GTX 1060 6GB,16,HDD,0,1920x1080,medium,on,taa,medium,ultra,165,156,64,max_fps,0,0,0,0,0,0,0,1,0,70.72,55.48,44.39,14.14,18.023,92.84,52.0,46.0,64.0
synthetic-00022-09,cfg-00022,fortnite,Intel Core i5-9400F,NVIDIA GTX 1060 6GB,16,HDD,0,1920x1080,medium,on,taa,medium,ultra,165,156,64,max_fps,0,0,0,0,0,0,0,0,1,70.56,55.04,44.03,14.172,18.168,92.91,52.0,46.0,64.0
synthetic-00022-10,cfg-00022,fortnite,Intel Core i5-9400F,NVIDIA GTX 1060 6GB,16,HDD,0,1920x1080,medium,on,taa,medium,ultra,165,156,64,max_fps,0,0,0,1,1,0,0,1,0,73.88,63.58,50.87,13.535,15.728,91.53,52.0,46.0,64.0
synthetic-00022-11,cfg-00022,fortnite,Intel Core i5-9400F,NVIDIA GTX 1060 6GB,16,HDD,0,1920x1080,medium,on,taa,medium,ultra,165,156,64,max_fps,1,0,0,0,0,0,1,0,0,73.33,60.47,48.38,13.637,16.536,91.76,52.0,46.0,64.0
synthetic-00022-12,cfg-00022,fortnite,Intel Core i5-9400F,NVIDIA GTX 1060 6GB,16,HDD,0,1920x1080,medium,on,taa,medium,ultra,165,156,64,max_fps,0,0,0,1,0,0,0,0,1,71.33,58.96,47.16,14.019,16.962,92.59,52.0,46.0,64.0
synthetic-00023-00,cfg-00023,warzone,Intel Core i5-12400F,AMD RX 6600,16,NVMe,0,1920x1080,low,on,taa,low,ultra,79,150,73,max_fps,0,0,0,0,0,0,0,0,0,112.37,81.38,65.1,8.899,12.288,96.05,52.0,44.56,64.0
synthetic-00023-01,cfg-00023,warzone,Intel Core i5-12400F,AMD RX 6600,16,NVMe,0,1920x1080,low,on,taa,low,ultra,79,150,73,max_fps,1,0,0,0,0,0,0,0,0,120.57,97.2,77.76,8.294,10.289,94.0,52.0,44.56,64.0
synthetic-00023-02,cfg-00023,warzone,Intel Core i5-12400F,AMD RX 6600,16,NVMe,0,1920x1080,low,on,taa,low,ultra,79,150,73,max_fps,0,1,0,0,0,0,0,0,0,116.1,88.48,70.78,8.614,11.302,95.12,52.0,44.56,64.0
synthetic-00023-03,cfg-00023,warzone,Intel Core i5-12400F,AMD RX 6600,16,NVMe,0,1920x1080,low,on,taa,low,ultra,79,150,73,max_fps,0,0,1,0,0,0,0,0,0,114.84,85.44,68.36,8.708,11.704,95.43,52.0,44.56,64.0
synthetic-00023-04,cfg-00023,warzone,Intel Core i5-12400F,AMD RX 6600,16,NVMe,0,1920x1080,low,on,taa,low,ultra,79,150,73,max_fps,0,0,0,1,0,0,0,0,0,113.94,88.55,70.84,8.777,11.293,95.66,52.0,44.56,64.0
synthetic-00023-05,cfg-00023,warzone,Intel Core i5-12400F,AMD RX 6600,16,NVMe,0,1920x1080,low,on,taa,low,ultra,79,150,73,max_fps,0,0,0,0,1,0,0,0,0,117.09,89.22,71.38,8.541,11.208,94.87,52.0,44.56,64.0
synthetic-00023-06,cfg-00023,warzone,Intel Core i5-12400F,AMD RX 6600,16,NVMe,0,1920x1080,low,on,taa,low,ultra,79,150,73,max_fps,0,0,0,0,0,1,0,0,0,119.94,95.49,76.4,8.337,10.472,94.16,52.0,44.56,64.0
synthetic-00023-07,cfg-00023,warzone,Intel Core i5-12400F,AMD RX 6600,16,NVMe,0,1920x1080,low,on,taa,low,ultra,79,150,73,max_fps,0,0,0,0,0,0,1,0,0,114.17,84.33,67.46,8.759,11.859,95.6,52.0,44.56,64.0
synthetic-00023-08,cfg-00023,warzone,Intel Core i5-12400F,AMD RX 6600,16,NVMe,0,1920x1080,low,on,taa,low,ultra,79,150,73,max_fps,0,0,0,0,0,0,0,1,0,117.78,91.75,73.4,8.49,10.899,94.7,52.0,44.56,64.0
synthetic-00023-09,cfg-00023,warzone,Intel Core i5-12400F,AMD RX 6600,16,NVMe,0,1920x1080,low,on,taa,low,ultra,79,150,73,max_fps,0,0,0,0,0,0,0,0,1,116.23,88.94,71.15,8.604,11.244,95.09,52.0,44.56,64.0
synthetic-00023-10,cfg-00023,warzone,Intel Core i5-12400F,AMD RX 6600,16,NVMe,0,1920x1080,low,on,taa,low,ultra,79,150,73,max_fps,0,0,1,0,0,0,0,0,1,118.41,92.63,74.11,8.445,10.795,94.54,52.0,44.56,64.0
synthetic-00023-11,cfg-00023,warzone,Intel Core i5-12400F,AMD RX 6600,16,NVMe,0,1920x1080,low,on,taa,low,ultra,79,150,73,max_fps,1,1,0,0,0,1,0,0,0,130.12,116.94,93.55,7.685,8.551,91.62,52.0,44.56,64.0
synthetic-00023-12,cfg-00023,warzone,Intel Core i5-12400F,AMD RX 6600,16,NVMe,0,1920x1080,low,on,taa,low,ultra,79,150,73,max_fps,1,0,1,0,0,0,0,1,1,129.62,116.01,92.81,7.715,8.62,91.75,52.0,44.56,64.0
synthetic-00024-00,cfg-00024,warzone,AMD Ryzen 5 5600X,NVIDIA RTX 4060,24,NVMe,0,1280x720,medium,off,taa,medium,high,81,164,60,max_fps,0,0,0,0,0,0,0,0,0,124.58,91.75,73.4,8.027,10.899,93.29,50.88,46.0,64.0
synthetic-00024-01,cfg-00024,warzone,AMD Ryzen 5 5600X,NVIDIA RTX 4060,24,NVMe,0,1280x720,medium,off,taa,medium,high,81,164,60,max_fps,1,0,0,0,0,0,0,0,0,133.67,109.39,87.52,7.481,9.141,91.25,50.88,46.0,64.0
synthetic-00024-02,cfg-00024,warzone,AMD Ryzen 5 5600X,NVIDIA RTX 4060,24,NVMe,0,1280x720,medium,off,taa,medium,high,81,164,60,max_fps,0,1,0,0,0,0,0,0,0,128.24,98.51,78.81,7.798,10.151,92.47,50.88,46.0,64.0
synthetic-00024-03,cfg-00024,warzone,AMD Ryzen 5 5600X,NVIDIA RTX 4060,24,NVMe,0,1280x720,medium,off,taa,medium,high,81,164,60,max_fps,0,0,1,0,0,0,0,0,0,127.32,96.29,77.03,7.854,10.386,92.68,50.88,46.0,64.0
synthetic-00024-04,cfg-00024,warzone,AMD Ryzen 5 5600X,NVIDIA RTX 4060,24,NVMe,0,1280x720,medium,off,taa,medium,high,81,164,60,max_fps,0,0,0,1,0,0,0,0,0,126.32,99.34,79.47,7.916,10.066,92.9,50.88,46.0,64.0
synthetic-00024-05,cfg-00024,warzone,AMD Ryzen 5 5600X,NVIDIA RTX 4060,24,NVMe,0,1280x720,medium,off,taa,medium,high,81,164,60,max_fps,0,0,0,0,1,0,0,0,0,129.81,100.51,80.41,7.704,9.949,92.12,50.88,46.0,64.0
synthetic-00024-06,cfg-00024,warzone,AMD Ryzen 5 5600X,NVIDIA RTX 4060,24,NVMe,0,1280x720,medium,off,taa,medium,high,81,164,60,max_fps,0,0,0,0,0,1,0,0,0,132.41,105.98,84.78,7.553,9.436,91.54,50.88,46.0,64.0
synthetic-00024-07,cfg-00024,warzone,AMD Ryzen 5 5600X,NVIDIA RTX 4060,24,NVMe,0,1280x720,medium,off,taa,medium,high,81,164,60,max_fps,0,0,0,0,0,0,1,0,0,126.57,95.04,76.03,7.901,10.522,92.85,50.88,46.0,64.0
synthetic-00024-08,cfg-00024,warzone,AMD Ryzen 5 5600X,NVIDIA RTX 4060,24,NVMe,0,1280x720,medium,off,taa,medium,high,81,164,60,max_fps,0,0,0,0,0,0,0,1,0,130.58,103.32,82.65,7.658,9.679,91.94,50.88,46.0,64.0
synthetic-00024-09,cfg-00024,warzone,AMD Ryzen 5 5600X,NVIDIA RTX 4060,24,NVMe,0,1280x720,medium,off,taa,medium,high,81,164,60,max_fps,0,0,0,0,0,0,0,0,1,127.91,98.12,78.5,7.818,10.192,92.55,50.88,46.0,64.0
synthetic-00024-10,cfg-00024,warzone,AMD Ryzen 5 5600X,NVIDIA RTX 4060,24,NVMe,0,1280x720,medium,off,taa,medium,high,81,164,60,max_fps,1,0,1,0,0,1,0,0,1,144.46,130.92,104.74,6.922,7.638,88.82,50.88,46.0,64.0
synthetic-00024-11,cfg-00024,warzone,AMD Ryzen 5 5600X,NVIDIA RTX 4060,24,NVMe,0,1280x720,medium,off,taa,medium,high,81,164,60,max_fps,1,0,0,1,1,0,0,0,0,139.2,124.01,99.2,7.184,8.064,90.01,50.88,46.0,64.0
synthetic-00024-12,cfg-00024,warzone,AMD Ryzen 5 5600X,NVIDIA RTX 4060,24,NVMe,0,1280x720,medium,off,taa,medium,high,81,164,60,max_fps,1,0,0,0,0,0,0,1,0,139.0,120.5,96.4,7.194,8.299,90.05,50.88,46.0,64.0
synthetic-00025-00,cfg-00025,fortnite,Intel Core i5-12400F,NVIDIA RTX 4070,16,NVMe,1,2560x1440,medium,off,off,high,high,174,176,88,balanced,0,0,0,0,0,0,0,0,0,96.48,68.51,51.52,10.365,14.597,99.0,54.2,47.28,82.6
synthetic-00025-01,cfg-00025,fortnite,Intel Core i5-12400F,NVIDIA RTX 4070,16,NVMe,1,2560x1440,medium,off,off,high,high,174,176,88,balanced,1,0,0,0,0,0,0,0,0,103.52,81.99,61.65,9.66,12.197,97.18,54.2,47.28,82.6
synthetic-00025-02,cfg-00025,fortnite,Intel Core i5-12400F,NVIDIA RTX 4070,16,NVMe,1,2560x1440,medium,off,off,high,high,174,176,88,balanced,0,1,0,0,0,0,0,0,0,100.1,75.59,56.85,9.99,13.229,98.17,54.2,47.28,82.6
synthetic-00025-03,cfg-00025,fortnite,Intel Core i5-12400F,NVIDIA RTX 4070,16,NVMe,1,2560x1440,medium,off,off,high,high,174,176,88,balanced,0,0,1,0,0,0,0,0,0,98.6,71.97,54.12,10.142,13.895,98.61,54.2,47.28,82.6
synthetic-00025-04,cfg-00025,fortnite,Intel Core i5-12400F,NVIDIA RTX 4070,16,NVMe,1,2560x1440,medium,off,off,high,high,174,176,88,balanced,0,0,0,1,0,0,0,0,0,97.83,74.99,56.39,10.222,13.335,98.83,54.2,47.28,82.6
synthetic-00025-05,cfg-00025,fortnite,Intel Core i5-12400F,NVIDIA RTX 4070,16,NVMe,1,2560x1440,medium,off,off,high,high,174,176,88,balanced,0,0,0,0,1,0,0,0,0,104.77,83.36,62.69,9.545,11.996,96.82,54.2,47.28,82.6
synthetic-00025-06,cfg-00025,fortnite,Intel Core i5-12400F,NVIDIA RTX 4070,16,NVMe,1,2560x1440,medium,off,off,high,high,174,176,88,balanced,0,0,0,0,0,1,0,0,0,103.49,81.89,61.58,9.663,12.212,97.19,54.2,47.28,82.6
synthetic-00025-07,cfg-00025,fortnite,Intel Core i5-12400F,NVIDIA RTX 4070,16,NVMe,1,2560x1440,medium,off,off,high,high,174,176,88,balanced,0,0,0,0,0,0,1,0,0,98.02,71.02,53.4,10.202,14.081,98.78,54.2,47.28,82.6
synthetic-00025-08,cfg-00025,fortnite,Intel Core i5-12400F,NVIDIA RTX 4070,16,NVMe,1,2560x1440,medium,off,off,high,high,174,176,88,balanced,0,0,0,0,0,0,0,1,0,100.95,76.92,57.84,9.906,13.0,97.92,54.2,47.28,82.6
synthetic-00025-09,cfg-00025,fortnite,Intel Core i5-12400F,NVIDIA RTX 4070,16,NVMe,1,2560x1440,medium,off,off,high,high,174,176,88,balanced,0,0,0,0,0,0,0,0,1,100.64,76.79,57.75,9.936,13.023,98.01,54.2,47.28,82.6
synthetic-00025-10,cfg-00025,fortnite,Intel Core i5-12400F,NVIDIA RTX 4070,16,NVMe,1,2560x1440,medium,off,off,high,high,174,176,88,balanced,1,0,1,1,0,0,0,1,0,109.44,97.6,73.39,9.137,10.246,95.46,54.2,47.28,82.6
synthetic-00025-11,cfg-00025,fortnite,Intel Core i5-12400F,NVIDIA RTX 4070,16,NVMe,1,2560x1440,medium,off,off,high,high,174,176,88,balanced,0,0,1,0,1,0,1,1,0,110.7,95.03,71.46,9.034,10.523,95.1,54.2,47.28,82.6
synthetic-00025-12,cfg-00025,fortnite,Intel Core i5-12400F,NVIDIA RTX 4070,16,NVMe,1,2560x1440,medium,off,off,high,high,174,176,88,balanced,1,1,0,0,1,0,0,1,0,116.75,109.6,82.42,8.565,9.124,93.34,54.2,47.28,82.6
synthetic-00026-00,cfg-00026,valorant,Intel Core i7-13700K,NVIDIA RTX 3060 Laptop,16,NVMe,0,1280x720,ultra,off,fxaa,low,high,137,135,91,quality,0,0,0,0,0,0,0,0,0,214.77,151.91,121.53,4.656,6.583,99.0,50.88,44.56,64.0
synthetic-00026-01,cfg-00026,valorant,Intel Core i7-13700K,NVIDIA RTX 3060 Laptop,16,NVMe,0,1280x720,ultra,off,fxaa,low,high,137,135,91,quality,1,0,0,0,0,0,0,0,0,217.14,159.25,127.4,4.605,6.28,99.0,50.88,44.56,64.0
synthetic-00026-02,cfg-00026,valorant,Intel Core i7-13700K,NVIDIA RTX 3060 Laptop,16,NVMe,0,1280x720,ultra,off,fxaa,low,high,137,135,91,quality,0,1,0,0,0,0,0,0,0,223.04,168.12,134.49,4.484,5.948,98.78,50.88,44.56,64.0
synthetic-00026-03,cfg-00026,valorant,Intel Core i7-13700K,NVIDIA RTX 3060 Laptop,16,NVMe,0,1280x720,ultra,off,fxaa,low,high,137,135,91,quality,0,0,1,0,0,0,0,0,0,219.5,159.6,127.68,4.556,6.266,99.0,50.88,44.56,64.0
synthetic-00026-04,cfg-00026,valorant,Intel Core i7-13700K,NVIDIA RTX 3060 Laptop,16,NVMe,0,1280x720,ultra,off,fxaa,low,high,137,135,91,quality,0,0,0,1,0,0,0,0,0,215.83,153.6,122.88,4.633,6.51,99.0,50.88,44.56,64.0
synthetic-00026-05,cfg-00026,valorant,Intel Core i7-13700K,NVIDIA RTX 3060 Laptop,16,NVMe,0,1280x720,ultra,off,fxaa,low,high,137,135,91,quality,0,0,0,0,1,0,0,0,0,223.79,166.75,133.4,4.468,5.997,98.68,50.88,44.56,64.0
synthetic-00026-06,cfg-00026,valorant,Intel Core i7-13700K,NVIDIA RTX 3060 Laptop,16,NVMe,0,1280x720,ultra,off,fxaa,low,high,137,135,91,quality,0,0,0,0,0,1,0,0,0,230.62,182.25,145.8,4.336,5.487,97.79,50.88,44.56,64.0
synthetic-00026-07,cfg-00026,valorant,Intel Core i7-13700K,NVIDIA RTX 3060 Laptop,16,NVMe,0,1280x720,ultra,off,fxaa,low,high,137,135,91,quality,0,0,0,0,0,0,1,0,0,218.21,157.48,125.98,4.583,6.35,99.0,50.88,44.56,64.0
synthetic-00026-08,cfg-00026,valorant,Intel Core i7-13700K,NVIDIA RTX 3060 Laptop,16,NVMe,0,1280x720,ultra,off,fxaa,low,high,137,135,91,quality,0,0,0,0,0,0,0,1,0,222.61,165.47,132.37,4.492,6.044,98.84,50.88,44.56,64.0
synthetic-00026-09,cfg-00026,valorant,Intel Core i7-13700K,NVIDIA RTX 3060 Laptop,16,NVMe,0,1280x720,ultra,off,fxaa,low,high,137,135,91,quality,0,0,0,0,0,0,0,0,1,224.42,171.14,136.91,4.456,5.843,98.6,50.88,44.56,64.0
synthetic-00026-10,cfg-00026,valorant,Intel Core i7-13700K,NVIDIA RTX 3060 Laptop,16,NVMe,0,1280x720,ultra,off,fxaa,low,high,137,135,91,quality,0,0,0,1,1,0,0,1,0,231.07,179.88,143.91,4.328,5.559,97.73,50.88,44.56,64.0
synthetic-00026-11,cfg-00026,valorant,Intel Core i7-13700K,NVIDIA RTX 3060 Laptop,16,NVMe,0,1280x720,ultra,off,fxaa,low,high,137,135,91,quality,1,1,0,0,0,0,0,0,0,224.92,174.67,139.74,4.446,5.725,98.54,50.88,44.56,64.0
synthetic-00026-12,cfg-00026,valorant,Intel Core i7-13700K,NVIDIA RTX 3060 Laptop,16,NVMe,0,1280x720,ultra,off,fxaa,low,high,137,135,91,quality,0,1,0,1,0,1,0,0,0,237.67,197.06,157.64,4.208,5.075,96.87,50.88,44.56,64.0
synthetic-00027-00,cfg-00027,cyberpunk_2077,Intel Core i7-13700K,AMD RX 6600,32,NVMe,0,2560x1440,high,off,fxaa,high,low,34,195,85,max_fps,0,0,0,0,0,0,0,0,0,93.42,66.6,53.28,10.705,15.015,52.59,98.2,47.28,64.0
synthetic-00027-01,cfg-00027,cyberpunk_2077,Intel Core i7-13700K,AMD RX 6600,32,NVMe,0,2560x1440,high,off,fxaa,high,low,34,195,85,max_fps,1,0,0,0,0,0,0,0,0,92.67,65.4,52.32,10.791,15.29,52.81,98.2,47.28,64.0
synthetic-00027-02,cfg-00027,cyberpunk_2077,Intel Core i7-13700K,AMD RX 6600,32,NVMe,0,2560x1440,high,off,fxaa,high,low,34,195,85,max_fps,0,1,0,0,0,0,0,0,0,95.73,71.39,57.11,10.447,14.008,51.9,98.2,47.28,64.0
synthetic-00027-03,cfg-00027,cyberpunk_2077,Intel Core i7-13700K,AMD RX 6600,32,NVMe,0,2560x1440,high,off,fxaa,high,low,34,195,85,max_fps,0,0,1,0,0,0,0,0,0,98.74,76.53,61.22,10.127,13.067,50.99,98.2,47.28,64.0
synthetic-00027-04,cfg-00027,cyberpunk_2077,Intel Core i7-13700K,AMD RX 6600,32,NVMe,0,2560x1440,high,off,fxaa,high,low,34,195,85,max_fps,0,0,0,1,0,0,0,0,0,93.79,68.3,54.64,10.662,14.642,52.48,98.2,47.28,64.0
synthetic-00027-05,cfg-00027,cyberpunk_2077,Intel Core i7-13700K,AMD RX 6600,32,NVMe,0,2560x1440,high,off,fxaa,high,low,34,195,85,max_fps,0,0,0,0,1,0,0,0,0,97.34,73.08,58.46,10.273,13.684,51.41,98.2,47.28,64.0
synthetic-00027-06,cfg-00027,cyberpunk_2077,Intel Core i7-13700K,AMD RX 6600,32,NVMe,0,2560x1440,high,off,fxaa,high,low,34,195,85,max_fps,0,0,0,0,0,1,0,0,0,96.75,73.51,58.81,10.336,13.603,51.59,98.2,47.28,64.0
synthetic-00027-07,cfg-00027,cyberpunk_2077,Intel Core i7-13700K,AMD RX 6600,32,NVMe,0,2560x1440,high,off,fxaa,high,low,34,195,85,max_fps,0,0,0,0,0,0,1,0,0,98.46,76.58,61.26,10.156,13.059,51.08,98.2,47.28,64.0
synthetic-00027-08,cfg-00027,cyberpunk_2077,Intel Core i7-13700K,AMD RX 6600,32,NVMe,0,2560x1440,high,off,fxaa,high,low,34,195,85,max_fps,0,0,0,0,0,0,0,1,0,95.8,71.4,57.12,10.439,14.005,51.87,98.2,47.28,64.0
synthetic-00027-09,cfg-00027,cyberpunk_2077,Intel Core i7-13700K,AMD RX 6600,32,NVMe,0,2560x1440,high,off,fxaa,high,low,34,195,85,max_fps,0,0,0,0,0,0,0,0,1,97.29,74.27,59.42,10.279,13.464,51.43,98.2,47.28,64.0
synthetic-00027-10,cfg-00027,cyberpunk_2077,Intel Core i7-13700K,AMD RX 6600,32,NVMe,0,2560x1440,high,off,fxaa,high,low,34,195,85,max_fps,0,0,1,1,0,0,1,0,1,106.06,93.29,74.63,9.429,10.72,48.8,98.2,47.28,64.0
synthetic-00027-11,cfg-00027,cyberpunk_2077,Intel Core i7-13700K,AMD RX 6600,32,NVMe,0,2560x1440,high,off,fxaa,high,low,34,195,85,max_fps,0,1,1,1,0,0,0,0,1,103.69,88.34,70.67,9.644,11.321,49.51,98.2,47.28,64.0
synthetic-00027-12,cfg-00027,cyberpunk_2077,Intel Core i7-13700K,AMD RX 6600,32,NVMe,0,2560x1440,high,off,fxaa,high,low,34,195,85,max_fps,0,1,0,0,1,0,1,0,0,103.68,86.69,69.35,9.645,11.535,49.51,98.2,47.28,64.0
synthetic-00028-00,cfg-00028,cs2,AMD Ryzen 7 5800X3D,NVIDIA RTX 4070,32,SSD,1,1920x1080,ultra,off,msaa_2x,ultra,high,172,76,51,quality,0,0,0,0,0,0,0,0,0,135.1,100.64,75.68,7.402,9.936,91.39,52.0,48.56,82.6
synthetic-00028-01,cfg-00028,cs2,AMD Ryzen 7 5800X3D,NVIDIA RTX 4070,32,SSD,1,1920x1080,ultra,off,msaa_2x,ultra,high,172,76,51,quality,1,0,0,0,0,0,0,0,0,142.53,115.54,86.89,7.016,8.655,89.85,52.0,48.56,82.6
synthetic-00028-02,cfg-00028,cs2,AMD Ryzen 7 5800X3D,NVIDIA RTX 4070,32,SSD,1,1920x1080,ultra,off,msaa_2x,ultra,high,172,76,51,quality,0,1,0,0,0,0,0,0,0,138.71,107.13,80.57,7.209,9.334,90.64,52.0,48.56,82.6
synthetic-00028-03,cfg-00028,cs2,AMD Ryzen 7 5800X3D,NVIDIA RTX 4070,32,SSD,1,1920x1080,ultra,off,msaa_2x,ultra,high,172,76,51,quality,0,0,1,0,0,0,0,0,0,138.07,105.59,79.4,7.242,9.47,90.77,52.0,48.56,82.6
synthetic-00028-04,cfg-00028,cs2,AMD Ryzen 7 5800X3D,NVIDIA RTX 4070,32,SSD,1,1920x1080,ultra,off,msaa_2x,ultra,high,172,76,51,quality,0,0,0,1,0,0,0,0,0,136.99,108.6,81.67,7.3,9.208,91.0,52.0,48.56,82.6
synthetic-00028-05,cfg-00028,cs2,AMD Ryzen 7 5800X3D,NVIDIA RTX 4070,32,SSD,1,1920x1080,ultra,off,msaa_2x,ultra,high,172,76,51,quality,0,0,0,0,1,0,0,0,0,146.72,121.84,91.63,6.816,8.207,88.98,52.0,48.56,82.6
synthetic-00028-06,cfg-00028,cs2,AMD Ryzen 7 5800X3D,NVIDIA RTX 4070,32,SSD,1,1920x1080,ultra,off,msaa_2x,ultra,high,172,76,51,quality,0,0,0,0,0,1,0,0,0,143.16,115.01,86.49,6.985,8.695,89.72,52.0,48.56,82.6
synthetic-00028-07,cfg-00028,cs2,AMD Ryzen 7 5800X3D,NVIDIA RTX 4070,32,SSD,1,1920x1080,ultra,off,msaa_2x,ultra,high,172,76,51,quality,0,0,0,0,0,0,1,0,0,137.26,104.23,78.38,7.285,9.594,90.94,52.0,48.56,82.6
synthetic-00028-08,cfg-00028,cs2,AMD Ryzen 7 5800X3D,NVIDIA RTX 4070,32,SSD,1,1920x1080,ultra,off,msaa_2x,ultra,high,172,76,51,quality,0,0,0,0,0,0,0,1,0,140.28,109.95,82.68,7.129,9.095,90.32,52.0,48.56,82.6
synthetic-00028-09,cfg-00028,cs2,AMD Ryzen 7 5800X3D,NVIDIA RTX 4070,32,SSD,1,1920x1080,ultra,off,msaa_2x,ultra,high,172,76,51,quality,0,0,0,0,0,0,0,0,1,137.99,106.04,79.74,7.247,9.43,90.79,52.0,48.56,82.6
synthetic-00028-10,cfg-00028,cs2,AMD Ryzen 7 5800X3D,NVIDIA RTX 4070,32,SSD,1,1920x1080,ultra,off,msaa_2x,ultra,high,172,76,51,quality,0,1,0,0,0,1,1,0,0,147.69,123.49,92.86,6.771,8.098,88.78,52.0,48.56,82.6
synthetic-00028-11,cfg-00028,cs2,AMD Ryzen 7 5800X3D,NVIDIA RTX 4070,32,SSD,1,1920x1080,ultra,off,msaa_2x,ultra,high,172,76,51,quality,0,0,0,0,0,1,0,1,0,147.74,123.79,93.09,6.769,8.078,88.77,52.0,48.56,82.6
synthetic-00028-12,cfg-00028,cs2,AMD Ryzen 7 5800X3D,NVIDIA RTX 4070,32,SSD,1,1920x1080,ultra,off,msaa_2x,ultra,high,172,76,51,quality,0,0,1,1,0,0,0,0,0,139.75,113.13,85.07,7.156,8.839,90.43,52.0,48.56,82.6
synthetic-00029-00,cfg-00029,cs2,Intel Core i7-13700K,NVIDIA GTX 1660 Super,16,SSD,1,3840x2160,ultra,off,taa,low,medium,100,141,98,max_fps,0,0,0,0,0,0,0,0,0,68.0,47.65,35.07,14.705,20.986,55.34,99.0,98.89,85.8
synthetic-00029-01,cfg-00029,cs2,Intel Core i7-13700K,NVIDIA GTX 1660 Super,16,SSD,1,3840x2160,ultra,off,taa,low,medium,100,141,98,max_fps,1,0,0,0,0,0,0,0,0,67.46,46.78,34.43,14.824,21.375,55.57,99.0,98.89,85.8
synthetic-00029-02,cfg-00029,cs2,Intel Core i7-13700K,NVIDIA GTX 1660 Super,16,SSD,1,3840x2160,ultra,off,taa,low,medium,100,141,98,max_fps,0,1,0,0,0,0,0,0,0,69.94,51.74,38.08,14.297,19.328,54.54,99.0,98.89,85.8
synthetic-00029-03,cfg-00029,cs2,Intel Core i7-13700K,NVIDIA GTX 1660 Super,16,SSD,1,3840x2160,ultra,off,taa,low,medium,100,141,98,max_fps,0,0,1,0,0,0,0,0,0,67.46,47.51,34.97,14.824,21.047,55.57,99.0,98.89,85.8
synthetic-00029-04,cfg-00029,cs2,Intel Core i7-13700K,NVIDIA GTX 1660 Super,16,SSD,1,3840x2160,ultra,off,taa,low,medium,100,141,98,max_fps,0,0,0,1,0,0,0,0,0,68.28,49.09,36.13,14.647,20.371,55.23,99.0,98.89,85.8
synthetic-00029-05,cfg-00029,cs2,Intel Core i7-13700K,NVIDIA GTX 1660 Super,16,SSD,1,3840x2160,ultra,off,taa,low,medium,100,141,98,max_fps,0,0,0,0,1,0,0,0,0,74.4,59.23,43.59,13.442,16.884,52.71,99.0,98.89,85.8
synthetic-00029-06,cfg-00029,cs2,Intel Core i7-13700K,NVIDIA GTX 1660 Super,16,SSD,1,3840x2160,ultra,off,taa,low,medium,100,141,98,max_fps,0,0,0,0,0,1,0,0,0,70.74,53.45,39.34,14.136,18.709,54.21,99.0,98.89,85.8
synthetic-00029-07,cfg-00029,cs2,Intel Core i7-13700K,NVIDIA GTX 1660 Super,16,SSD,1,3840x2160,ultra,off,taa,low,medium,100,141,98,max_fps,0,0,0,0,0,0,1,0,0,72.66,56.57,41.64,13.763,17.677,53.42,99.0,98.89,85.8
synthetic-00029-08,cfg-00029,cs2,Intel Core i7-13700K,NVIDIA GTX 1660 Super,16,SSD,1,3840x2160,ultra,off,taa,low,medium,100,141,98,max_fps,0,0,0,0,0,0,0,1,0,69.25,49.97,36.78,14.441,20.013,54.83,99.0,98.89,85.8
synthetic-00029-09,cfg-00029,cs2,Intel Core i7-13700K,NVIDIA GTX 1660 Super,16,SSD,1,3840x2160,ultra,off,taa,low,medium,100,141,98,max_fps,0,0,0,0,0,0,0,0,1,71.34,54.33,39.98,14.018,18.407,53.97,99.0,98.89,85.8
synthetic-00029-10,cfg-00029,cs2,Intel Core i7-13700K,NVIDIA GTX 1660 Super,16,SSD,1,3840x2160,ultra,off,taa,low,medium,100,141,98,max_fps,0,0,0,0,1,1,0,0,0,76.72,64.77,47.67,13.034,15.439,51.75,99.0,98.89,85.8
synthetic-00029-11,cfg-00029,cs2,Intel Core i7-13700K,NVIDIA GTX 1660 Super,16,SSD,1,3840x2160,ultra,off,taa,low,medium,100,141,98,max_fps,0,0,0,0,0,1,1,0,0,75.06,62.11,45.71,13.322,16.1,52.43,99.0,98.89,85.8
synthetic-00029-12,cfg-00029,cs2,Intel Core i7-13700K,NVIDIA GTX 1660 Super,16,SSD,1,3840x2160,ultra,off,taa,low,medium,100,141,98,max_fps,0,0,1,1,0,0,0,0,1,70.79,54.93,40.43,14.126,18.204,54.19,99.0,98.89,85.8
synthetic-00030-00,cfg-00030,cs2,AMD Ryzen 7 7840HS,AMD RX 6600,12,SSD,1,1280x720,medium,off,fxaa,high,high,83,43,27,max_fps,0,0,0,0,0,0,0,0,0,196.68,149.48,112.41,5.084,6.69,88.0,50.88,47.28,82.6
synthetic-00030-01,cfg-00030,cs2,AMD Ryzen 7 7840HS,AMD RX 6600,12,SSD,1,1280x720,medium,off,fxaa,high,high,83,43,27,max_fps,1,0,0,0,0,0,0,0,0,207.5,171.33,128.84,4.819,5.837,86.46,50.88,47.28,82.6
synthetic-00030-02,cfg-00030,cs2,AMD Ryzen 7 7840HS,AMD RX 6600,12,SSD,1,1280x720,medium,off,fxaa,high,high,83,43,27,max_fps,0,1,0,0,0,0,0,0,0,201.01,156.74,117.87,4.975,6.38,87.38,50.88,47.28,82.6
synthetic-00030-03,cfg-00030,cs2,AMD Ryzen 7 7840HS,AMD RX 6600,12,SSD,1,1280x720,medium,off,fxaa,high,high,83,43,27,max_fps,0,0,1,0,0,0,0,0,0,201.01,156.74,117.87,4.975,6.38,87.38,50.88,47.28,82.6
synthetic-00030-04,cfg-00030,cs2,AMD Ryzen 7 7840HS,AMD RX 6600,12,SSD,1,1280x720,medium,off,fxaa,high,high,83,43,27,max_fps,0,0,0,1,0,0,0,0,0,199.43,160.36,120.59,5.014,6.236,87.61,50.88,47.28,82.6
synthetic-00030-05,cfg-00030,cs2,AMD Ryzen 7 7840HS,AMD RX 6600,12,SSD,1,1280x720,medium,off,fxaa,high,high,83,43,27,max_fps,0,0,0,0,1,0,0,0,0,213.59,180.59,135.81,4.682,5.537,85.59,50.88,47.28,82.6
synthetic-00030-06,cfg-00030,cs2,AMD Ryzen 7 7840HS,AMD RX 6600,12,SSD,1,1280x720,medium,off,fxaa,high,high,83,43,27,max_fps,0,0,0,0,0,1,0,0,0,207.3,167.62,126.05,4.824,5.966,86.49,50.88,47.28,82.6
synthetic-00030-07,cfg-00030,cs2,AMD Ryzen 7 7840HS,AMD RX 6600,12,SSD,1,1280x720,medium,off,fxaa,high,high,83,43,27,max_fps,0,0,0,0,0,0,1,0,0,199.83,154.74,116.37,5.004,6.462,87.55,50.88,47.28,82.6
synthetic-00030-08,cfg-00030,cs2,AMD Ryzen 7 7840HS,AMD RX 6600,12,SSD,1,1280x720,medium,off,fxaa,high,high,83,43,27,max_fps,0,0,0,0,0,0,0,1,0,204.21,163.14,122.68,4.897,6.13,86.93,50.88,47.28,82.6
synthetic-00030-09,cfg-00030,cs2,AMD Ryzen 7 7840HS,AMD RX 6600,12,SSD,1,1280x720,medium,off,fxaa,high,high,83,43,27,max_fps,0,0,0,0,0,0,0,0,1,202.97,160.1,120.4,4.927,6.246,87.1,50.88,47.28,82.6
synthetic-00030-10,cfg-00030,cs2,AMD Ryzen 7 7840HS,AMD RX 6600,12,SSD,1,1280x720,medium,off,fxaa,high,high,83,43,27,max_fps,1,0,1,0,0,1,0,0,1,224.41,202.17,152.03,4.456,4.946,84.05,50.88,47.28,82.6
synthetic-00030-11,cfg-00030,cs2,AMD Ryzen 7 7840HS,AMD RX 6600,12,SSD,1,1280x720,medium,off,fxaa,high,high,83,43,27,max_fps,0,1,1,0,0,0,0,0,0,204.94,163.51,122.96,4.879,6.116,86.82,50.88,47.28,82.6
synthetic-00030-12,cfg-00030,cs2,AMD Ryzen 7 7840HS,AMD RX 6600,12,SSD,1,1280x720,medium,off,fxaa,high,high,83,43,27,max_fps,1,0,0,0,0,0,0,0,1,213.02,181.12,136.2,4.694,5.521,85.67,50.88,47.28,82.6
synthetic-00031-00,cfg-00031,apex_legends,AMD Ryzen 7 7840HS,NVIDIA RTX 3060 Laptop,8,HDD,1,2560x1440,high,off,taa,medium,high,150,42,31,balanced,0,0,0,0,0,0,0,0,0,91.22,69.33,51.02,10.963,14.424,42.0,98.2,46.0,85.8
synthetic-00031-01,cfg-00031,apex_legends,AMD Ryzen 7 7840HS,NVIDIA RTX 3060 Laptop,8,HDD,1,2560x1440,high,off,taa,medium,high,150,42,31,balanced,1,0,0,0,0,0,0,0,0,92.13,70.85,52.15,10.854,14.114,41.72,98.2,46.0,85.8
synthetic-00031-02,cfg-00031,apex_legends,AMD Ryzen 7 7840HS,NVIDIA RTX 3060 Laptop,8,HDD,1,2560x1440,high,off,taa,medium,high,150,42,31,balanced,0,1,0,0,0,0,0,0,0,92.13,70.85,52.15,10.854,14.114,41.72,98.2,46.0,85.8
synthetic-00031-03,cfg-00031,apex_legends,AMD Ryzen 7 7840HS,NVIDIA RTX 3060 Laptop,8,HDD,1,2560x1440,high,off,taa,medium,high,150,42,31,balanced,0,0,1,0,0,0,0,0,0,96.42,79.27,58.34,10.371,12.616,40.4,98.2,46.0,85.8
synthetic-00031-04,cfg-00031,apex_legends,AMD Ryzen 7 7840HS,NVIDIA RTX 3060 Laptop,8,HDD,1,2560x1440,high,off,taa,medium,high,150,42,31,balanced,0,0,0,1,0,0,0,0,0,91.58,69.93,51.47,10.919,14.299,41.89,98.2,46.0,85.8
synthetic-00031-05,cfg-00031,apex_legends,AMD Ryzen 7 7840HS,NVIDIA RTX 3060 Laptop,8,HDD,1,2560x1440,high,off,taa,medium,high,150,42,31,balanced,0,0,0,0,1,0,0,0,0,99.79,85.36,62.83,10.021,11.715,39.37,98.2,46.0,85.8
synthetic-00031-06,cfg-00031,apex_legends,AMD Ryzen 7 7840HS,NVIDIA RTX 3060 Laptop,8,HDD,1,2560x1440,high,off,taa,medium,high,150,42,31,balanced,0,0,0,0,0,1,0,0,0,92.86,72.08,53.05,10.769,13.874,41.5,98.2,46.0,85.8
synthetic-00031-07,cfg-00031,apex_legends,AMD Ryzen 7 7840HS,NVIDIA RTX 3060 Laptop,8,HDD,1,2560x1440,high,off,taa,medium,high,150,42,31,balanced,0,0,0,0,0,0,1,0,0,96.15,79.3,58.37,10.401,12.61,40.49,98.2,46.0,85.8
synthetic-00031-08,cfg-00031,apex_legends,AMD Ryzen 7 7840HS,NVIDIA RTX 3060 Laptop,8,HDD,1,2560x1440,high,off,taa,medium,high,150,42,31,balanced,0,0,0,0,0,0,0,1,0,93.22,73.33,53.97,10.728,13.637,41.39,98.2,46.0,85.8
synthetic-00031-09,cfg-00031,apex_legends,AMD Ryzen 7 7840HS,NVIDIA RTX 3060 Laptop,8,HDD,1,2560x1440,high,off,taa,medium,high,150,42,31,balanced,0,0,0,0,0,0,0,0,1,95.51,76.63,56.4,10.47,13.051,40.68,98.2,46.0,85.8
synthetic-00031-10,cfg-00031,apex_legends,AMD Ryzen 7 7840HS,NVIDIA RTX 3060 Laptop,8,HDD,1,2560x1440,high,off,taa,medium,high,150,42,31,balanced,0,1,1,0,0,0,1,0,1,104.48,95.51,70.29,9.572,10.471,37.93,98.2,46.0,85.8
synthetic-00031-11,cfg-00031,apex_legends,AMD Ryzen 7 7840HS,NVIDIA RTX 3060 Laptop,8,HDD,1,2560x1440,high,off,taa,medium,high,150,42,31,balanced,1,1,0,0,0,1,0,0,0,94.37,74.66,54.95,10.596,13.394,41.03,98.2,46.0,85.8
synthetic-00031-12,cfg-00031,apex_legends,AMD Ryzen 7 7840HS,NVIDIA RTX 3060 Laptop,8,HDD,1,2560x1440,high,off,taa,medium,high,150,42,31,balanced,0,0,1,1,0,1,1,0,0,101.71,90.21,66.39,9.832,11.085,38.78,98.2,46.0,85.8
synthetic-00032-00,cfg-00032,cs2,AMD Ryzen 5 3600,AMD RX 7800 XT,32,NVMe,0,2560x1440,low,off,msaa_2x,ultra,low,37,197,74,max_fps,0,0,0,0,0,0,0,0,0,135.04,97.67,78.14,7.405,10.238,96.26,54.2,48.56,64.0
synthetic-00032-01,cfg-00032,cs2,AMD Ryzen 5 3600,AMD RX 7800 XT,32,NVMe,0,2560x1440,low,off,msaa_2x,ultra,low,37,197,74,max_fps,1,0,0,0,0,0,0,0,0,144.9,116.67,93.34,6.901,8.571,94.21,54.2,48.56,64.0
synthetic-00032-02,cfg-00032,cs2,AMD Ryzen 5 3600,AMD RX 7800 XT,32,NVMe,0,2560x1440,low,off,msaa_2x,ultra,low,37,197,74,max_fps,0,1,0,0,0,0,0,0,0,139.56,106.3,85.04,7.165,9.407,95.32,54.2,48.56,64.0
synthetic-00032-03,cfg-00032,cs2,AMD Ryzen 5 3600,AMD RX 7800 XT,32,NVMe,0,2560x1440,low,off,msaa_2x,ultra,low,37,197,74,max_fps,0,0,1,0,0,0,0,0,0,138.01,102.55,82.04,7.246,9.751,95.64,54.2,48.56,64.0
synthetic-00032-04,cfg-00032,cs2,AMD Ryzen 5 3600,AMD RX 7800 XT,32,NVMe,0,2560x1440,low,off,msaa_2x,ultra,low,37,197,74,max_fps,0,0,0,1,0,0,0,0,0,136.93,106.32,85.06,7.303,9.405,95.87,54.2,48.56,64.0
synthetic-00032-05,cfg-00032,cs2,AMD Ryzen 5 3600,AMD RX 7800 XT,32,NVMe,0,2560x1440,low,off,msaa_2x,ultra,low,37,197,74,max_fps,0,0,0,0,1,0,0,0,0,140.71,107.09,85.68,7.107,9.338,95.08,54.2,48.56,64.0
synthetic-00032-06,cfg-00032,cs2,AMD Ryzen 5 3600,AMD RX 7800 XT,32,NVMe,0,2560x1440,low,off,msaa_2x,ultra,low,37,197,74,max_fps,0,0,0,0,0,1,0,0,0,144.19,114.75,91.8,6.935,8.714,94.36,54.2,48.56,64.0
synthetic-00032-07,cfg-00032,cs2,AMD Ryzen 5 3600,AMD RX 7800 XT,32,NVMe,0,2560x1440,low,off,msaa_2x,ultra,low,37,197,74,max_fps,0,0,0,0,0,0,1,0,0,137.2,101.21,80.97,7.289,9.88,95.81,54.2,48.56,64.0
synthetic-00032-08,cfg-00032,cs2,AMD Ryzen 5 3600,AMD RX 7800 XT,32,NVMe,0,2560x1440,low,off,msaa_2x,ultra,low,37,197,74,max_fps,0,0,0,0,0,0,0,1,0,140.21,106.87,85.49,7.132,9.358,95.19,54.2,48.56,64.0
synthetic-00032-09,cfg-00032,cs2,AMD Ryzen 5 3600,AMD RX 7800 XT,32,NVMe,0,2560x1440,low,off,msaa_2x,ultra,low,37,197,74,max_fps,0,0,0,0,0,0,0,0,1,139.76,106.92,85.54,7.155,9.352,95.28,54.2,48.56,64.0
synthetic-00032-10,cfg-00032,cs2,AMD Ryzen 5 3600,AMD RX 7800 XT,32,NVMe,0,2560x1440,low,off,msaa_2x,ultra,low,37,197,74,max_fps,1,0,0,0,1,1,0,0,1,160.47,148.55,118.84,6.232,6.732,90.99,54.2,48.56,64.0
synthetic-00032-11,cfg-00032,cs2,AMD Ryzen 5 3600,AMD RX 7800 XT,32,NVMe,0,2560x1440,low,off,msaa_2x,ultra,low,37,197,74,max_fps,0,0,1,1,0,0,0,0,0,139.68,110.77,88.61,7.159,9.028,95.3,54.2,48.56,64.0
synthetic-00032-12,cfg-00032,cs2,AMD Ryzen 5 3600,AMD RX 7800 XT,32,NVMe,0,2560x1440,low,off,msaa_2x,ultra,low,37,197,74,max_fps,1,1,0,0,0,0,1,1,0,153.82,134.35,107.48,6.501,7.443,92.36,54.2,48.56,64.0
synthetic-00033-00,cfg-00033,cs2,Intel Core i7-12700H,NVIDIA RTX 4070,8,SSD,0,1920x1080,high,off,msaa_4x,medium,medium,142,55,28,quality,0,0,0,0,0,0,0,0,0,147.1,111.8,89.44,6.798,8.945,88.0,52.0,46.0,64.0
synthetic-00033-01,cfg-00033,cs2,Intel Core i7-12700H,NVIDIA RTX 4070,8,SSD,0,1920x1080,high,off,msaa_4x,medium,medium,142,55,28,quality,1,0,0,0,0,0,0,0,0,155.19,128.14,102.51,6.444,7.804,86.46,52.0,46.0,64.0
synthetic-00033-02,cfg-00033,cs2,Intel Core i7-12700H,NVIDIA RTX 4070,8,SSD,0,1920x1080,high,off,msaa_4x,medium,medium,142,55,28,quality,0,1,0,0,0,0,0,0,0,150.34,117.23,93.79,6.652,8.53,87.38,52.0,46.0,64.0
synthetic-00033-03,cfg-00033,cs2,Intel Core i7-12700H,NVIDIA RTX 4070,8,SSD,0,1920x1080,high,off,msaa_4x,medium,medium,142,55,28,quality,0,0,1,0,0,0,0,0,0,150.34,117.23,93.79,6.652,8.53,87.38,52.0,46.0,64.0
synthetic-00033-04,cfg-00033,cs2,Intel Core i7-12700H,NVIDIA RTX 4070,8,SSD,0,1920x1080,high,off,msaa_4x,medium,medium,142,55,28,quality,0,0,0,1,0,0,0,0,0,149.16,119.94,95.95,6.704,8.338,87.61,52.0,46.0,64.0
synthetic-00033-05,cfg-00033,cs2,Intel Core i7-12700H,NVIDIA RTX 4070,8,SSD,0,1920x1080,high,off,msaa_4x,medium,medium,142,55,28,quality,0,0,0,0,1,0,0,0,0,153.28,122.29,97.83,6.524,8.178,86.82,52.0,46.0,64.0
synthetic-00033-06,cfg-00033,cs2,Intel Core i7-12700H,NVIDIA RTX 4070,8,SSD,0,1920x1080,high,off,msaa_4x,medium,medium,142,55,28,quality,0,0,0,0,0,1,0,0,0,155.04,125.37,100.3,6.45,7.976,86.49,52.0,46.0,64.0
synthetic-00033-07,cfg-00033,cs2,Intel Core i7-12700H,NVIDIA RTX 4070,8,SSD,0,1920x1080,high,off,msaa_4x,medium,medium,142,55,28,quality,0,0,0,0,0,0,1,0,0,149.45,115.74,92.59,6.691,8.64,87.55,52.0,46.0,64.0
synthetic-00033-08,cfg-00033,cs2,Intel Core i7-12700H,NVIDIA RTX 4070,8,SSD,0,1920x1080,high,off,msaa_4x,medium,medium,142,55,28,quality,0,0,0,0,0,0,0,1,0,152.74,122.02,97.61,6.547,8.196,86.93,52.0,46.0,64.0
synthetic-00033-09,cfg-00033,cs2,Intel Core i7-12700H,NVIDIA RTX 4070,8,SSD,0,1920x1080,high,off,msaa_4x,medium,medium,142,55,28,quality,0,0,0,0,0,0,0,0,1,151.81,119.75,95.8,6.587,8.351,87.1,52.0,46.0,64.0
synthetic-00033-10,cfg-00033,cs2,Intel Core i7-12700H,NVIDIA RTX 4070,8,SSD,0,1920x1080,high,off,msaa_4x,medium,medium,142,55,28,quality,0,0,0,1,1,1,0,1,0,165.97,150.46,120.36,6.025,6.646,84.41,52.0,46.0,64.0
synthetic-00033-11,cfg-00033,cs2,Intel Core i7-12700H,NVIDIA RTX 4070,8,SSD,0,1920x1080,high,off,msaa_4x,medium,medium,142,55,28,quality,1,0,1,0,0,0,1,0,0,159.55,135.76,108.61,6.268,7.366,85.63,52.0,46.0,64.0
synthetic-00033-12,cfg-00033,cs2,Intel Core i7-12700H,NVIDIA RTX 4070,8,SSD,0,1920x1080,high,off,msaa_4x,medium,medium,142,55,28,quality,1,0,0,0,0,0,0,1,0,160.21,137.76,110.21,6.242,7.259,85.51,52.0,46.0,64.0
synthetic-00034-00,cfg-00034,apex_legends,AMD Ryzen 5 3600,NVIDIA GTX 1060 6GB,16,SSD,1,1920x1080,ultra,off,fxaa,low,ultra,78,115,25,max_fps,0,0,0,0,0,0,0,0,0,75.39,57.29,42.17,13.265,17.454,42.0,96.0,44.56,85.8
synthetic-00034-01,cfg-00034,apex_legends,AMD Ryzen 5 3600,NVIDIA GTX 1060 6GB,16,SSD,1,1920x1080,ultra,off,fxaa,low,ultra,78,115,25,max_fps,1,0,0,0,0,0,0,0,0,77.5,60.85,44.79,12.904,16.434,41.22,96.0,44.56,85.8
synthetic-00034-02,cfg-00034,apex_legends,AMD Ryzen 5 3600,NVIDIA GTX 1060 6GB,16,SSD,1,1920x1080,ultra,off,fxaa,low,ultra,78,115,25,max_fps,0,1,0,0,0,0,0,0,0,76.14,58.55,43.09,13.134,17.079,41.72,96.0,44.56,85.8
synthetic-00034-03,cfg-00034,apex_legends,AMD Ryzen 5 3600,NVIDIA GTX 1060 6GB,16,SSD,1,1920x1080,ultra,off,fxaa,low,ultra,78,115,25,max_fps,0,0,1,0,0,0,0,0,0,74.78,57.1,42.03,13.372,17.512,42.22,96.0,44.56,85.8
synthetic-00034-04,cfg-00034,apex_legends,AMD Ryzen 5 3600,NVIDIA GTX 1060 6GB,16,SSD,1,1920x1080,ultra,off,fxaa,low,ultra,78,115,25,max_fps,0,0,0,1,0,0,0,0,0,75.69,57.8,42.54,13.212,17.302,41.89,96.0,44.56,85.8
synthetic-00034-05,cfg-00034,apex_legends,AMD Ryzen 5 3600,NVIDIA GTX 1060 6GB,16,SSD,1,1920x1080,ultra,off,fxaa,low,ultra,78,115,25,max_fps,0,0,0,0,1,0,0,0,0,82.47,70.55,51.92,12.125,14.175,39.37,96.0,44.56,85.8
synthetic-00034-06,cfg-00034,apex_legends,AMD Ryzen 5 3600,NVIDIA GTX 1060 6GB,16,SSD,1,1920x1080,ultra,off,fxaa,low,ultra,78,115,25,max_fps,0,0,0,0,0,1,0,0,0,76.74,59.57,43.84,13.03,16.787,41.5,96.0,44.56,85.8
synthetic-00034-07,cfg-00034,apex_legends,AMD Ryzen 5 3600,NVIDIA GTX 1060 6GB,16,SSD,1,1920x1080,ultra,off,fxaa,low,ultra,78,115,25,max_fps,0,0,0,0,0,0,1,0,0,79.46,65.54,48.23,12.585,15.259,40.49,96.0,44.56,85.8
synthetic-00034-08,cfg-00034,apex_legends,AMD Ryzen 5 3600,NVIDIA GTX 1060 6GB,16,SSD,1,1920x1080,ultra,off,fxaa,low,ultra,78,115,25,max_fps,0,0,0,0,0,0,0,1,0,77.04,60.6,44.6,12.981,16.501,41.39,96.0,44.56,85.8
synthetic-00034-09,cfg-00034,apex_legends,AMD Ryzen 5 3600,NVIDIA GTX 1060 6GB,16,SSD,1,1920x1080,ultra,off,fxaa,low,ultra,78,115,25,max_fps,0,0,0,0,0,0,0,0,1,76.29,58.81,43.28,13.108,17.005,41.66,96.0,44.56,85.8
synthetic-00034-10,cfg-00034,apex_legends,AMD Ryzen 5 3600,NVIDIA GTX 1060 6GB,16,SSD,1,1920x1080,ultra,off,fxaa,low,ultra,78,115,25,max_fps,1,0,0,0,0,0,1,0,1,81.84,69.7,51.3,12.22,14.347,39.6,96.0,44.56,85.8
synthetic-00034-11,cfg-00034,apex_legends,AMD Ryzen 5 3600,NVIDIA GTX 1060 6GB,16,SSD,1,1920x1080,ultra,off,fxaa,low,ultra,78,115,25,max_fps,0,0,0,0,1,0,1,0,1,86.36,79.07,58.2,11.579,12.646,37.92,96.0,44.56,85.8
synthetic-00034-12,cfg-00034,apex_legends,AMD Ryzen 5 3600,NVIDIA GTX 1060 6GB,16,SSD,1,1920x1080,ultra,off,fxaa,low,ultra,78,115,25,max_fps,0,1,1,0,0,0,0,1,0,77.03,61.29,45.11,12.983,16.316,41.39,96.0,44.56,85.8
synthetic-00035-00,cfg-00035,cyberpunk_2077,Intel Core i7-13700K,NVIDIA RTX 3060 Laptop,16,SSD,1,1920x1080,high,off,taa,high,ultra,165,209,49,quality,0,0,0,0,0,0,0,0,0,70.62,52.74,38.82,14.16,18.96,44.96,96.0,47.28,85.8
synthetic-00035-01,cfg-00035,cyberpunk_2077,Intel Core i7-13700K,NVIDIA RTX 3060 Laptop,16,SSD,1,1920x1080,high,off,taa,high,ultra,165,209,49,quality,1,0,0,0,0,0,0,0,0,70.06,51.82,38.14,14.274,19.299,45.19,96.0,47.28,85.8
synthetic-00035-02,cfg-00035,cyberpunk_2077,Intel Core i7-13700K,NVIDIA RTX 3060 Laptop,16,SSD,1,1920x1080,high,off,taa,high,ultra,165,209,49,quality,0,1,0,0,0,0,0,0,0,71.62,54.61,40.19,13.963,18.312,44.57,96.0,47.28,85.8
synthetic-00035-03,cfg-00035,cyberpunk_2077,Intel Core i7-13700K,NVIDIA RTX 3060 Laptop,16,SSD,1,1920x1080,high,off,taa,high,ultra,165,209,49,quality,0,0,1,0,0,0,0,0,0,74.65,60.38,44.44,13.396,16.56,43.37,96.0,47.28,85.8
synthetic-00035-04,cfg-00035,cyberpunk_2077,Intel Core i7-13700K,NVIDIA RTX 3060 Laptop,16,SSD,1,1920x1080,high,off,taa,high,ultra,165,209,49,quality,0,0,0,1,0,0,0,0,0,70.91,53.44,39.33,14.103,18.713,44.85,96.0,47.28,85.8
synthetic-00035-05,cfg-00035,cyberpunk_2077,Intel Core i7-13700K,NVIDIA RTX 3060 Laptop,16,SSD,1,1920x1080,high,off,taa,high,ultra,165,209,49,quality,0,0,0,0,1,0,0,0,0,77.26,65.07,47.89,12.943,15.368,42.33,96.0,47.28,85.8
synthetic-00035-06,cfg-00035,cyberpunk_2077,Intel Core i7-13700K,NVIDIA RTX 3060 Laptop,16,SSD,1,1920x1080,high,off,taa,high,ultra,165,209,49,quality,0,0,0,0,0,1,0,0,0,72.24,55.74,41.03,13.842,17.939,44.32,96.0,47.28,85.8
synthetic-00035-07,cfg-00035,cyberpunk_2077,Intel Core i7-13700K,NVIDIA RTX 3060 Laptop,16,SSD,1,1920x1080,high,off,taa,high,ultra,165,209,49,quality,0,0,0,0,0,0,1,0,0,74.44,60.41,44.46,13.434,16.552,43.45,96.0,47.28,85.8
synthetic-00035-08,cfg-00035,cyberpunk_2077,Intel Core i7-13700K,NVIDIA RTX 3060 Laptop,16,SSD,1,1920x1080,high,off,taa,high,ultra,165,209,49,quality,0,0,0,0,0,0,0,1,0,72.42,56.43,41.54,13.808,17.72,44.25,96.0,47.28,85.8
synthetic-00035-09,cfg-00035,cyberpunk_2077,Intel Core i7-13700K,NVIDIA RTX 3060 Laptop,16,SSD,1,1920x1080,high,off,taa,high,ultra,165,209,49,quality,0,0,0,0,0,0,0,0,1,72.05,55.39,40.77,13.879,18.054,44.4,96.0,47.28,85.8
synthetic-00035-10,cfg-00035,cyberpunk_2077,Intel Core i7-13700K,NVIDIA RTX 3060 Laptop,16,SSD,1,1920x1080,high,off,taa,high,ultra,165,209,49,quality,0,1,0,0,0,0,1,0,0,75.22,61.95,45.6,13.295,16.141,43.14,96.0,47.28,85.8
synthetic-00035-11,cfg-00035,cyberpunk_2077,Intel Core i7-13700K,NVIDIA RTX 3060 Laptop,16,SSD,1,1920x1080,high,off,taa,high,ultra,165,209,49,quality,1,0,0,1,0,0,0,1,0,72.0,55.88,41.12,13.888,17.897,44.42,96.0,47.28,85.8
synthetic-00035-12,cfg-00035,cyberpunk_2077,Intel Core i7-13700K,NVIDIA RTX 3060 Laptop,16,SSD,1,1920x1080,high,off,taa,high,ultra,165,209,49,quality,0,1,0,1,1,0,1,0,0,80.77,73.09,53.79,12.381,13.682,40.94,96.0,47.28,85.8
synthetic-00036-00,cfg-00036,apex_legends,AMD Ryzen 5 3600,AMD RX 7800 XT,8,SSD,1,2560x1440,medium,on,off,ultra,ultra,116,104,92,balanced,0,0,0,0,0,0,0,0,0,60.0,42.38,31.87,16.667,23.595,99.0,54.2,48.56,82.6
synthetic-00036-01,cfg-00036,apex_legends,AMD Ryzen 5 3600,AMD RX 7800 XT,8,SSD,1,2560x1440,medium,on,off,ultra,ultra,116,104,92,balanced,1,0,0,0,0,0,0,0,0,60.0,47.3,35.57,16.667,21.144,98.03,54.2,48.56,82.6
synthetic-00036-02,cfg-00036,apex_legends,AMD Ryzen 5 3600,AMD RX 7800 XT,8,SSD,1,2560x1440,medium,on,off,ultra,ultra,116,104,92,balanced,0,1,0,0,0,0,0,0,0,60.0,45.2,33.99,16.667,22.125,98.99,54.2,48.56,82.6
synthetic-00036-03,cfg-00036,apex_legends,AMD Ryzen 5 3600,AMD RX 7800 XT,8,SSD,1,2560x1440,medium,on,off,ultra,ultra,116,104,92,balanced,0,0,1,0,0,0,0,0,0,60.0,43.57,32.76,16.667,22.952,99.0,54.2,48.56,82.6
synthetic-00036-04,cfg-00036,apex_legends,AMD Ryzen 5 3600,AMD RX 7800 XT,8,SSD,1,2560x1440,medium,on,off,ultra,ultra,116,104,92,balanced,0,0,0,1,0,0,0,0,0,60.0,45.82,34.46,16.667,21.823,99.0,54.2,48.56,82.6
synthetic-00036-05,cfg-00036,apex_legends,AMD Ryzen 5 3600,AMD RX 7800 XT,8,SSD,1,2560x1440,medium,on,off,ultra,ultra,116,104,92,balanced,0,0,0,0,1,0,0,0,0,60.0,47.51,35.73,16.667,21.048,97.66,54.2,48.56,82.6
synthetic-00036-06,cfg-00036,apex_legends,AMD Ryzen 5 3600,AMD RX 7800 XT,8,SSD,1,2560x1440,medium,on,off,ultra,ultra,116,104,92,balanced,0,0,0,0,0,1,0,0,0,60.0,47.4,35.64,16.667,21.098,98.0,54.2,48.56,82.6
synthetic-00036-07,cfg-00036,apex_legends,AMD Ryzen 5 3600,AMD RX 7800 XT,8,SSD,1,2560x1440,medium,on,off,ultra,ultra,116,104,92,balanced,0,0,0,0,0,0,1,0,0,60.0,43.25,32.52,16.667,23.124,99.0,54.2,48.56,82.6
synthetic-00036-08,cfg-00036,apex_legends,AMD Ryzen 5 3600,AMD RX 7800 XT,8,SSD,1,2560x1440,medium,on,off,ultra,ultra,116,104,92,balanced,0,0,0,0,0,0,0,1,0,60.0,45.06,33.88,16.667,22.193,98.9,54.2,48.56,82.6
synthetic-00036-09,cfg-00036,apex_legends,AMD Ryzen 5 3600,AMD RX 7800 XT,8,SSD,1,2560x1440,medium,on,off,ultra,ultra,116,104,92,balanced,0,0,0,0,0,0,0,0,1,60.0,46.83,35.21,16.667,21.356,98.24,54.2,48.56,82.6
synthetic-00036-10,cfg-00036,apex_legends,AMD Ryzen 5 3600,AMD RX 7800 XT,8,SSD,1,2560x1440,medium,on,off,ultra,ultra,116,104,92,balanced,0,0,0,1,0,0,1,1,0,60.0,48.74,36.65,16.667,20.518,98.24,54.2,48.56,82.6
synthetic-00036-11,cfg-00036,apex_legends,AMD Ryzen 5 3600,AMD RX 7800 XT,8,SSD,1,2560x1440,medium,on,off,ultra,ultra,116,104,92,balanced,0,0,0,1,0,0,0,0,1,60.0,49.91,37.53,16.667,20.035,97.94,54.2,48.56,82.6
synthetic-00036-12,cfg-00036,apex_legends,AMD Ryzen 5 3600,AMD RX 7800 XT,8,SSD,1,2560x1440,medium,on,off,ultra,ultra,116,104,92,balanced,0,1,0,0,0,1,1,0,1,60.0,53.75,40.42,16.667,18.605,95.36,54.2,48.56,82.6
synthetic-00037-00,cfg-00037,fortnite,Intel Core i7-13700K,NVIDIA RTX 2060,32,HDD,0,2560x1440,high,off,msaa_4x,high,medium,129,206,28,quality,0,0,0,0,0,0,0,0,0,90.69,68.92,55.14,11.027,14.509,42.0,98.2,54.68,64.0
synthetic-00037-01,cfg-00037,fortnite,Intel Core i7-13700K,NVIDIA RTX 2060,32,HDD,0,2560x1440,high,off,msaa_4x,high,medium,129,206,28,quality,1,0,0,0,0,0,0,0,0,89.96,67.72,54.18,11.116,14.766,42.22,98.2,54.68,64.0
synthetic-00037-02,cfg-00037,fortnite,Intel Core i7-13700K,NVIDIA RTX 2060,32,HDD,0,2560x1440,high,off,msaa_4x,high,medium,129,206,28,quality,0,1,0,0,0,0,0,0,0,91.59,70.43,56.35,10.918,14.198,41.72,98.2,54.68,64.0
synthetic-00037-03,cfg-00037,fortnite,Intel Core i7-13700K,NVIDIA RTX 2060,32,HDD,0,2560x1440,high,off,msaa_4x,high,medium,129,206,28,quality,0,0,1,0,0,0,0,0,0,95.85,78.8,63.04,10.432,12.69,40.4,98.2,54.68,64.0
synthetic-00037-04,cfg-00037,fortnite,Intel Core i7-13700K,NVIDIA RTX 2060,32,HDD,0,2560x1440,high,off,msaa_4x,high,medium,129,206,28,quality,0,0,0,1,0,0,0,0,0,91.05,69.52,55.62,10.983,14.383,41.89,98.2,54.68,64.0
synthetic-00037-05,cfg-00037,fortnite,Intel Core i7-13700K,NVIDIA RTX 2060,32,HDD,0,2560x1440,high,off,msaa_4x,high,medium,129,206,28,quality,0,0,0,0,1,0,0,0,0,94.49,75.39,60.31,10.583,13.265,40.82,98.2,54.68,64.0
synthetic-00037-06,cfg-00037,fortnite,Intel Core i7-13700K,NVIDIA RTX 2060,32,HDD,0,2560x1440,high,off,msaa_4x,high,medium,129,206,28,quality,0,0,0,0,0,1,0,0,0,92.32,71.66,57.33,10.832,13.955,41.5,98.2,54.68,64.0
synthetic-00037-07,cfg-00037,fortnite,Intel Core i7-13700K,NVIDIA RTX 2060,32,HDD,0,2560x1440,high,off,msaa_4x,high,medium,129,206,28,quality,0,0,0,0,0,0,1,0,0,95.76,79.15,63.32,10.443,12.634,40.43,98.2,54.68,64.0
synthetic-00037-08,cfg-00037,fortnite,Intel Core i7-13700K,NVIDIA RTX 2060,32,HDD,0,2560x1440,high,off,msaa_4x,high,medium,129,206,28,quality,0,0,0,0,0,0,0,1,0,93.08,73.89,59.11,10.744,13.534,41.26,98.2,54.68,64.0
synthetic-00037-09,cfg-00037,fortnite,Intel Core i7-13700K,NVIDIA RTX 2060,32,HDD,0,2560x1440,high,off,msaa_4x,high,medium,129,206,28,quality,0,0,0,0,0,0,0,0,1,93.13,73.04,58.44,10.737,13.69,41.24,98.2,54.68,64.0
synthetic-00037-10,cfg-00037,fortnite,Intel Core i7-13700K,NVIDIA RTX 2060,32,HDD,0,2560x1440,high,off,msaa_4x,high,medium,129,206,28,quality,0,0,0,0,1,0,1,1,0,100.95,89.42,71.53,9.906,11.183,38.83,98.2,54.68,64.0
synthetic-00037-11,cfg-00037,fortnite,Intel Core i7-13700K,NVIDIA RTX 2060,32,HDD,0,2560x1440,high,off,msaa_4x,high,medium,129,206,28,quality,0,0,0,1,0,1,0,0,0,92.59,72.12,57.7,10.8,13.866,41.41,98.2,54.68,64.0
synthetic-00037-12,cfg-00037,fortnite,Intel Core i7-13700K,NVIDIA RTX 2060,32,HDD,0,2560x1440,high,off,msaa_4x,high,medium,129,206,28,quality,1,0,0,1,0,0,1,0,0,94.97,77.62,62.1,10.529,12.883,40.68,98.2,54.68,64.0
synthetic-00038-00,cfg-00038,fortnite,AMD Ryzen 7 5800X3D,NVIDIA RTX 4060,16,SSD,0,3840x2160,medium,off,msaa_4x,high,ultra,86,204,49,max_fps,0,0,0,0,0,0,0,0,0,74.05,55.31,44.24,13.504,18.081,44.96,99.0,71.53,64.0
synthetic-00038-01,cfg-00038,fortnite,AMD Ryzen 7 5800X3D,NVIDIA RTX 4060,16,SSD,0,3840x2160,medium,off,msaa_4x,high,ultra,86,204,49,max_fps,1,0,0,0,0,0,0,0,0,74.79,56.53,45.23,13.37,17.689,44.68,99.0,71.53,64.0
synthetic-00038-02,cfg-00038,fortnite,AMD Ryzen 7 5800X3D,NVIDIA RTX 4060,16,SSD,0,3840x2160,medium,off,msaa_4x,high,ultra,86,204,49,max_fps,0,1,0,0,0,0,0,0,0,75.1,57.26,45.81,13.316,17.463,44.57,99.0,71.53,64.0
synthetic-00038-03,cfg-00038,fortnite,AMD Ryzen 7 5800X3D,NVIDIA RTX 4060,16,SSD,0,3840x2160,medium,off,msaa_4x,high,ultra,86,204,49,max_fps,0,0,1,0,0,0,0,0,0,78.28,63.32,50.66,12.775,15.793,43.37,99.0,71.53,64.0
synthetic-00038-04,cfg-00038,fortnite,AMD Ryzen 7 5800X3D,NVIDIA RTX 4060,16,SSD,0,3840x2160,medium,off,msaa_4x,high,ultra,86,204,49,max_fps,0,0,0,1,0,0,0,0,0,74.35,56.04,44.83,13.45,17.845,44.85,99.0,71.53,64.0
synthetic-00038-05,cfg-00038,fortnite,AMD Ryzen 7 5800X3D,NVIDIA RTX 4060,16,SSD,0,3840x2160,medium,off,msaa_4x,high,ultra,86,204,49,max_fps,0,0,0,0,1,0,0,0,0,77.16,60.55,48.44,12.959,16.517,43.79,99.0,71.53,64.0
synthetic-00038-06,cfg-00038,fortnite,AMD Ryzen 7 5800X3D,NVIDIA RTX 4060,16,SSD,0,3840x2160,medium,off,msaa_4x,high,ultra,86,204,49,max_fps,0,0,0,0,0,1,0,0,0,75.75,58.45,46.76,13.201,17.108,44.32,99.0,71.53,64.0
synthetic-00038-07,cfg-00038,fortnite,AMD Ryzen 7 5800X3D,NVIDIA RTX 4060,16,SSD,0,3840x2160,medium,off,msaa_4x,high,ultra,86,204,49,max_fps,0,0,0,0,0,0,1,0,0,78.53,64.2,51.36,12.734,15.577,43.27,99.0,71.53,64.0
synthetic-00038-08,cfg-00038,fortnite,AMD Ryzen 7 5800X3D,NVIDIA RTX 4060,16,SSD,0,3840x2160,medium,off,msaa_4x,high,ultra,86,204,49,max_fps,0,0,0,0,0,0,0,1,0,76.01,59.34,47.47,13.156,16.853,44.23,99.0,71.53,64.0
synthetic-00038-09,cfg-00038,fortnite,AMD Ryzen 7 5800X3D,NVIDIA RTX 4060,16,SSD,0,3840x2160,medium,off,msaa_4x,high,ultra,86,204,49,max_fps,0,0,0,0,0,0,0,0,1,75.55,58.08,46.46,13.236,17.217,44.4,99.0,71.53,64.0
synthetic-00038-10,cfg-00038,fortnite,AMD Ryzen 7 5800X3D,NVIDIA RTX 4060,16,SSD,0,3840x2160,medium,off,msaa_4x,high,ultra,86,204,49,max_fps,1,0,0,0,1,0,0,0,1,78.92,63.88,51.1,12.671,15.655,43.12,99.0,71.53,64.0
synthetic-00038-11,cfg-00038,fortnite,AMD Ryzen 7 5800X3D,NVIDIA RTX 4060,16,SSD,0,3840x2160,medium,off,msaa_4x,high,ultra,86,204,49,max_fps,1,1,0,0,1,0,0,0,0,78.51,63.1,50.48,12.737,15.849,43.28,99.0,71.53,64.0
synthetic-00038-12,cfg-00038,fortnite,AMD Ryzen 7 5800X3D,NVIDIA RTX 4060,16,SSD,0,3840x2160,medium,off,msaa_4x,high,ultra,86,204,49,max_fps,1,1,1,0,0,0,0,1,0,80.94,68.89,55.11,12.355,14.515,42.36,99.0,71.53,64.0
synthetic-00039-00,cfg-00039,apex_legends,AMD Ryzen 5 5600X,NVIDIA RTX 4060,16,HDD,0,1280x720,low,off,msaa_2x,low,ultra,79,154,62,quality,0,0,0,0,0,0,0,0,0,172.86,126.98,101.59,5.785,7.875,93.72,50.88,44.56,64.0
synthetic-00039-01,cfg-00039,apex_legends,AMD Ryzen 5 5600X,NVIDIA RTX 4060,16,HDD,0,1280x720,low,off,msaa_2x,low,ultra,79,154,62,quality,1,0,0,0,0,0,0,0,0,185.48,151.44,121.15,5.391,6.603,91.67,50.88,44.56,64.0
synthetic-00039-02,cfg-00039,apex_legends,AMD Ryzen 5 5600X,NVIDIA RTX 4060,16,HDD,0,1280x720,low,off,msaa_2x,low,ultra,79,154,62,quality,0,1,0,0,0,0,0,0,0,178.04,136.6,109.28,5.617,7.321,92.88,50.88,44.56,64.0
synthetic-00039-03,cfg-00039,apex_legends,AMD Ryzen 5 5600X,NVIDIA RTX 4060,16,HDD,0,1280x720,low,off,msaa_2x,low,ultra,79,154,62,quality,0,0,1,0,0,0,0,0,0,176.66,133.27,106.62,5.66,7.503,93.1,50.88,44.56,64.0
synthetic-00039-04,cfg-00039,apex_legends,AMD Ryzen 5 5600X,NVIDIA RTX 4060,16,HDD,0,1280x720,low,off,msaa_2x,low,ultra,79,154,62,quality,0,0,0,1,0,0,0,0,0,175.28,137.59,110.07,5.705,7.268,93.33,50.88,44.56,64.0
synthetic-00039-05,cfg-00039,apex_legends,AMD Ryzen 5 5600X,NVIDIA RTX 4060,16,HDD,0,1280x720,low,off,msaa_2x,low,ultra,79,154,62,quality,0,0,0,0,1,0,0,0,0,180.12,139.12,111.3,5.552,7.188,92.54,50.88,44.56,64.0
synthetic-00039-06,cfg-00039,apex_legends,AMD Ryzen 5 5600X,NVIDIA RTX 4060,16,HDD,0,1280x720,low,off,msaa_2x,low,ultra,79,154,62,quality,0,0,0,0,0,1,0,0,0,183.84,147.03,117.63,5.439,6.801,91.94,50.88,44.56,64.0
synthetic-00039-07,cfg-00039,apex_legends,AMD Ryzen 5 5600X,NVIDIA RTX 4060,16,HDD,0,1280x720,low,off,msaa_2x,low,ultra,79,154,62,quality,0,0,0,0,0,0,1,0,0,175.63,131.54,105.23,5.694,7.602,93.27,50.88,44.56,64.0
synthetic-00039-08,cfg-00039,apex_legends,AMD Ryzen 5 5600X,NVIDIA RTX 4060,16,HDD,0,1280x720,low,off,msaa_2x,low,ultra,79,154,62,quality,0,0,0,0,0,0,0,1,0,180.1,140.34,112.27,5.552,7.125,92.54,50.88,44.56,64.0
synthetic-00039-09,cfg-00039,apex_legends,AMD Ryzen 5 5600X,NVIDIA RTX 4060,16,HDD,0,1280x720,low,off,msaa_2x,low,ultra,79,154,62,quality,0,0,0,0,0,0,0,0,1,180.27,140.67,112.54,5.547,7.109,92.52,50.88,44.56,64.0
synthetic-00039-10,cfg-00039,apex_legends,AMD Ryzen 5 5600X,NVIDIA RTX 4060,16,HDD,0,1280x720,low,off,msaa_2x,low,ultra,79,154,62,quality,0,0,1,1,1,0,0,0,1,190.94,165.65,132.52,5.237,6.037,90.79,50.88,44.56,64.0
synthetic-00039-11,cfg-00039,apex_legends,AMD Ryzen 5 5600X,NVIDIA RTX 4060,16,HDD,0,1280x720,low,off,msaa_2x,low,ultra,79,154,62,quality,0,0,0,0,1,1,0,0,0,190.28,158.49,126.79,5.255,6.309,90.9,50.88,44.56,64.0
synthetic-00039-12,cfg-00039,apex_legends,AMD Ryzen 5 5600X,NVIDIA RTX 4060,16,HDD,0,1280x720,low,off,msaa_2x,low,ultra,79,154,62,quality,0,0,1,0,1,0,1,0,0,185.44,148.38,118.7,5.392,6.74,91.68,50.88,44.56,64.0
synthetic-00040-00,cfg-00040,valorant,Intel Core i5-9400F,NVIDIA RTX 4060,16,NVMe,0,1920x1080,medium,off,msaa_4x,medium,medium,97,178,57,max_fps,0,0,0,0,0,0,0,0,0,136.0,100.54,80.43,7.353,9.946,92.66,52.0,46.0,64.0
synthetic-00040-01,cfg-00040,valorant,Intel Core i5-9400F,NVIDIA RTX 4060,16,NVMe,0,1920x1080,medium,off,msaa_4x,medium,medium,97,178,57,max_fps,1,0,0,0,0,0,0,0,0,137.99,106.06,84.85,7.247,9.429,92.25,52.0,46.0,64.0
synthetic-00040-02,cfg-00040,valorant,Intel Core i5-9400F,NVIDIA RTX 4060,16,NVMe,0,1920x1080,medium,off,msaa_4x,medium,medium,97,178,57,max_fps,0,1,0,0,0,0,0,0,0,139.87,107.64,86.11,7.149,9.29,91.86,52.0,46.0,64.0
synthetic-00040-03,cfg-00040,valorant,Intel Core i5-9400F,NVIDIA RTX 4060,16,NVMe,0,1920x1080,medium,off,msaa_4x,medium,medium,97,178,57,max_fps,0,0,1,0,0,0,0,0,0,138.99,105.51,84.41,7.195,9.478,92.04,52.0,46.0,64.0
synthetic-00040-04,cfg-00040,valorant,Intel Core i5-9400F,NVIDIA RTX 4060,16,NVMe,0,1920x1080,medium,off,msaa_4x,medium,medium,97,178,57,max_fps,0,0,0,1,0,0,0,0,0,136.67,101.64,81.31,7.317,9.839,92.52,52.0,46.0,64.0
synthetic-00040-05,cfg-00040,valorant,Intel Core i5-9400F,NVIDIA RTX 4060,16,NVMe,0,1920x1080,medium,off,msaa_4x,medium,medium,97,178,57,max_fps,0,0,0,0,1,0,0,0,0,141.71,110.12,88.1,7.057,9.081,91.48,52.0,46.0,64.0
synthetic-00040-06,cfg-00040,valorant,Intel Core i5-9400F,NVIDIA RTX 4060,16,NVMe,0,1920x1080,medium,off,msaa_4x,medium,medium,97,178,57,max_fps,0,0,0,0,0,1,0,0,0,144.4,115.72,92.58,6.925,8.641,90.93,52.0,46.0,64.0
synthetic-00040-07,cfg-00040,valorant,Intel Core i5-9400F,NVIDIA RTX 4060,16,NVMe,0,1920x1080,medium,off,msaa_4x,medium,medium,97,178,57,max_fps,0,0,0,0,0,0,1,0,0,138.18,104.14,83.31,7.237,9.602,92.21,52.0,46.0,64.0
synthetic-00040-08,cfg-00040,valorant,Intel Core i5-9400F,NVIDIA RTX 4060,16,NVMe,0,1920x1080,medium,off,msaa_4x,medium,medium,97,178,57,max_fps,0,0,0,0,0,0,0,1,0,140.96,109.29,87.43,7.094,9.15,91.64,52.0,46.0,64.0
synthetic-00040-09,cfg-00040,valorant,Intel Core i5-9400F,NVIDIA RTX 4060,16,NVMe,0,1920x1080,medium,off,msaa_4x,medium,medium,97,178,57,max_fps,0,0,0,0,0,0,0,0,1,139.39,106.99,85.59,7.174,9.346,91.96,52.0,46.0,64.0
synthetic-00040-10,cfg-00040,valorant,Intel Core i5-9400F,NVIDIA RTX 4060,16,NVMe,0,1920x1080,medium,off,msaa_4x,medium,medium,97,178,57,max_fps,0,0,0,1,0,0,0,1,1,144.21,115.63,92.5,6.934,8.649,90.97,52.0,46.0,64.0
synthetic-00040-11,cfg-00040,valorant,Intel Core i5-9400F,NVIDIA RTX 4060,16,NVMe,0,1920x1080,medium,off,msaa_4x,medium,medium,97,178,57,max_fps,0,0,0,1,0,1,0,0,1,147.34,121.63,97.31,6.787,8.221,90.32,52.0,46.0,64.0
synthetic-00040-12,cfg-00040,valorant,Intel Core i5-9400F,NVIDIA RTX 4060,16,NVMe,0,1920x1080,medium,off,msaa_4x,medium,medium,97,178,57,max_fps,1,0,0,0,1,0,0,0,0,143.35,115.17,92.14,6.976,8.683,91.15,52.0,46.0,64.0
synthetic-00041-00,cfg-00041,cyberpunk_2077,Intel Core i5-9400F,AMD RX 6600,32,NVMe,0,1920x1080,high,on,fxaa,ultra,high,93,52,78,quality,0,0,0,0,0,0,0,0,0,77.61,55.85,44.68,12.884,17.906,51.11,96.0,48.56,64.0
synthetic-00041-01,cfg-00041,cyberpunk_2077,Intel Core i5-9400F,AMD RX 6600,32,NVMe,0,1920x1080,high,on,fxaa,ultra,high,93,52,78,quality,1,0,0,0,0,0,0,0,0,79.79,59.42,47.54,12.533,16.829,50.32,96.0,48.56,64.0
synthetic-00041-02,cfg-00041,cyberpunk_2077,Intel Core i5-9400F,AMD RX 6600,32,NVMe,0,1920x1080,high,on,fxaa,ultra,high,93,52,78,quality,0,1,0,0,0,0,0,0,0,79.37,59.45,47.56,12.599,16.821,50.47,96.0,48.56,64.0
synthetic-00041-03,cfg-00041,cyberpunk_2077,Intel Core i5-9400F,AMD RX 6600,32,NVMe,0,1920x1080,high,on,fxaa,ultra,high,93,52,78,quality,0,0,1,0,0,0,0,0,0,82.04,64.12,51.3,12.189,15.595,49.51,96.0,48.56,64.0
synthetic-00041-04,cfg-00041,cyberpunk_2077,Intel Core i5-9400F,AMD RX 6600,32,NVMe,0,1920x1080,high,on,fxaa,ultra,high,93,52,78,quality,0,0,0,1,0,0,0,0,0,77.92,57.13,45.7,12.833,17.504,50.99,96.0,48.56,64.0
synthetic-00041-05,cfg-00041,cyberpunk_2077,Intel Core i5-9400F,AMD RX 6600,32,NVMe,0,1920x1080,high,on,fxaa,ultra,high,93,52,78,quality,0,0,0,0,1,0,0,0,0,80.87,61.25,49.0,12.365,16.327,49.93,96.0,48.56,64.0
synthetic-00041-06,cfg-00041,cyberpunk_2077,Intel Core i5-9400F,AMD RX 6600,32,NVMe,0,1920x1080,high,on,fxaa,ultra,high,93,52,78,quality,0,0,0,0,0,1,0,0,0,80.19,61.12,48.89,12.47,16.363,50.18,96.0,48.56,64.0
synthetic-00041-07,cfg-00041,cyberpunk_2077,Intel Core i5-9400F,AMD RX 6600,32,NVMe,0,1920x1080,high,on,fxaa,ultra,high,93,52,78,quality,0,0,0,0,0,0,1,0,0,81.81,64.16,51.33,12.224,15.585,49.59,96.0,48.56,64.0
synthetic-00041-08,cfg-00041,cyberpunk_2077,Intel Core i5-9400F,AMD RX 6600,32,NVMe,0,1920x1080,high,on,fxaa,ultra,high,93,52,78,quality,0,0,0,0,0,0,0,1,0,79.59,59.85,47.88,12.564,16.709,50.39,96.0,48.56,64.0
synthetic-00041-09,cfg-00041,cyberpunk_2077,Intel Core i5-9400F,AMD RX 6600,32,NVMe,0,1920x1080,high,on,fxaa,ultra,high,93,52,78,quality,0,0,0,0,0,0,0,0,1,80.51,61.55,49.24,12.421,16.248,50.06,96.0,48.56,64.0
synthetic-00041-10,cfg-00041,cyberpunk_2077,Intel Core i5-9400F,AMD RX 6600,32,NVMe,0,1920x1080,high,on,fxaa,ultra,high,93,52,78,quality,0,0,0,1,0,1,0,0,0,80.37,62.14,49.72,12.442,16.092,50.11,96.0,48.56,64.0
synthetic-00041-11,cfg-00041,cyberpunk_2077,Intel Core i5-9400F,AMD RX 6600,32,NVMe,0,1920x1080,high,on,fxaa,ultra,high,93,52,78,quality,0,0,0,0,1,0,1,0,0,84.73,69.27,55.41,11.802,14.437,48.54,96.0,48.56,64.0
synthetic-00041-12,cfg-00041,cyberpunk_2077,Intel Core i5-9400F,AMD RX 6600,32,NVMe,0,1920x1080,high,on,fxaa,ultra,high,93,52,78,quality,0,1,0,0,1,1,1,0,0,87.81,76.45,61.16,11.389,13.081,47.43,96.0,48.56,64.0
synthetic-00042-00,cfg-00042,warzone,Intel Core i7-13700K,AMD RX 6600,16,NVMe,0,2560x1440,low,off,off,high,ultra,162,75,27,balanced,0,0,0,0,0,0,0,0,0,115.79,88.0,70.4,8.636,11.363,42.0,98.2,47.28,64.0
synthetic-00042-01,cfg-00042,warzone,Intel Core i7-13700K,AMD RX 6600,16,NVMe,0,2560x1440,low,off,off,high,ultra,162,75,27,balanced,1,0,0,0,0,0,0,0,0,114.87,86.47,69.18,8.706,11.564,42.22,98.2,47.28,64.0
synthetic-00042-02,cfg-00042,warzone,Intel Core i7-13700K,AMD RX 6600,16,NVMe,0,2560x1440,low,off,off,high,ultra,162,75,27,balanced,0,1,0,0,0,0,0,0,0,116.95,89.94,71.95,8.551,11.119,41.72,98.2,47.28,64.0
synthetic-00042-03,cfg-00042,warzone,Intel Core i7-13700K,AMD RX 6600,16,NVMe,0,2560x1440,low,off,off,high,ultra,162,75,27,balanced,0,0,1,0,0,0,0,0,0,122.39,100.62,80.5,8.17,9.938,40.4,98.2,47.28,64.0
synthetic-00042-04,cfg-00042,warzone,Intel Core i7-13700K,AMD RX 6600,16,NVMe,0,2560x1440,low,off,off,high,ultra,162,75,27,balanced,0,0,0,1,0,0,0,0,0,116.26,88.77,71.02,8.602,11.265,41.89,98.2,47.28,64.0
synthetic-00042-05,cfg-00042,warzone,Intel Core i7-13700K,AMD RX 6600,16,NVMe,0,2560x1440,low,off,off,high,ultra,162,75,27,balanced,0,0,0,0,1,0,0,0,0,120.66,96.26,77.01,8.288,10.389,40.82,98.2,47.28,64.0
synthetic-00042-06,cfg-00042,warzone,Intel Core i7-13700K,AMD RX 6600,16,NVMe,0,2560x1440,low,off,off,high,ultra,162,75,27,balanced,0,0,0,0,0,1,0,0,0,117.88,91.5,73.2,8.483,10.929,41.5,98.2,47.28,64.0
synthetic-00042-07,cfg-00042,warzone,Intel Core i7-13700K,AMD RX 6600,16,NVMe,0,2560x1440,low,off,off,high,ultra,162,75,27,balanced,0,0,0,0,0,0,1,0,0,122.05,100.66,80.53,8.194,9.934,40.49,98.2,47.28,64.0
synthetic-00042-08,cfg-00042,warzone,Intel Core i7-13700K,AMD RX 6600,16,NVMe,0,2560x1440,low,off,off,high,ultra,162,75,27,balanced,0,0,0,0,0,0,0,1,0,119.06,94.86,75.89,8.399,10.542,41.21,98.2,47.28,64.0
synthetic-00042-09,cfg-00042,warzone,Intel Core i7-13700K,AMD RX 6600,16,NVMe,0,2560x1440,low,off,off,high,ultra,162,75,27,balanced,0,0,0,0,0,0,0,0,1,117.18,90.32,72.26,8.534,11.071,41.66,98.2,47.28,64.0
synthetic-00042-10,cfg-00042,warzone,Intel Core i7-13700K,AMD RX 6600,16,NVMe,0,2560x1440,low,off,off,high,ultra,162,75,27,balanced,1,0,0,1,0,0,1,0,0,121.06,98.75,79.0,8.26,10.127,40.73,98.2,47.28,64.0
synthetic-00042-11,cfg-00042,warzone,Intel Core i7-13700K,AMD RX 6600,16,NVMe,0,2560x1440,low,off,off,high,ultra,162,75,27,balanced,1,0,0,0,1,0,0,1,0,122.35,100.48,80.38,8.173,9.952,40.42,98.2,47.28,64.0
synthetic-00042-12,cfg-00042,warzone,Intel Core i7-13700K,AMD RX 6600,16,NVMe,0,2560x1440,low,off,off,high,ultra,162,75,27,balanced,0,1,1,0,0,0,0,1,0,125.82,107.97,86.38,7.948,9.262,39.57,98.2,47.28,64.0
synthetic-00043-00,cfg-00043,cs2,Intel Core i7-13700K,NVIDIA GTX 1060 6GB,24,SSD,0,1920x1080,ultra,off,taa,low,low,171,149,26,quality,0,0,0,0,0,0,0,0,0,121.02,91.97,73.58,8.263,10.873,88.0,52.0,44.56,64.0
synthetic-00043-01,cfg-00043,cs2,Intel Core i7-13700K,NVIDIA GTX 1060 6GB,24,SSD,0,1920x1080,ultra,off,taa,low,low,171,149,26,quality,1,0,0,0,0,0,0,0,0,127.67,105.42,84.34,7.832,9.486,86.46,52.0,44.56,64.0
synthetic-00043-02,cfg-00043,cs2,Intel Core i7-13700K,NVIDIA GTX 1060 6GB,24,SSD,0,1920x1080,ultra,off,taa,low,low,171,149,26,quality,0,1,0,0,0,0,0,0,0,123.68,96.45,77.16,8.085,10.368,87.38,52.0,44.56,64.0
synthetic-00043-03,cfg-00043,cs2,Intel Core i7-13700K,NVIDIA GTX 1060 6GB,24,SSD,0,1920x1080,ultra,off,taa,low,low,171,149,26,quality,0,0,1,0,0,0,0,0,0,120.05,90.37,72.3,8.33,11.065,88.22,52.0,44.56,64.0
synthetic-00043-04,cfg-00043,cs2,Intel Core i7-13700K,NVIDIA GTX 1060 6GB,24,SSD,0,1920x1080,ultra,off,taa,low,low,171,149,26,quality,0,0,0,1,0,0,0,0,0,122.71,98.67,78.94,8.149,10.134,87.61,52.0,44.56,64.0
synthetic-00043-05,cfg-00043,cs2,Intel Core i7-13700K,NVIDIA GTX 1060 6GB,24,SSD,0,1920x1080,ultra,off,taa,low,low,171,149,26,quality,0,0,0,0,1,0,0,0,0,126.1,100.6,80.48,7.93,9.94,86.82,52.0,44.56,64.0
synthetic-00043-06,cfg-00043,cs2,Intel Core i7-13700K,NVIDIA GTX 1060 6GB,24,SSD,0,1920x1080,ultra,off,taa,low,low,171,149,26,quality,0,0,0,0,0,1,0,0,0,127.55,103.14,82.51,7.84,9.696,86.49,52.0,44.56,64.0
synthetic-00043-07,cfg-00043,cs2,Intel Core i7-13700K,NVIDIA GTX 1060 6GB,24,SSD,0,1920x1080,ultra,off,taa,low,low,171,149,26,quality,0,0,0,0,0,0,1,0,0,122.96,95.22,76.17,8.133,10.502,87.55,52.0,44.56,64.0
synthetic-00043-08,cfg-00043,cs2,Intel Core i7-13700K,NVIDIA GTX 1060 6GB,24,SSD,0,1920x1080,ultra,off,taa,low,low,171,149,26,quality,0,0,0,0,0,0,0,1,0,125.65,100.38,80.31,7.958,9.962,86.93,52.0,44.56,64.0
synthetic-00043-09,cfg-00043,cs2,Intel Core i7-13700K,NVIDIA GTX 1060 6GB,24,SSD,0,1920x1080,ultra,off,taa,low,low,171,149,26,quality,0,0,0,0,0,0,0,0,1,122.47,94.4,75.52,8.165,10.593,87.66,52.0,44.56,64.0
synthetic-00043-10,cfg-00043,cs2,Intel Core i7-13700K,NVIDIA GTX 1060 6GB,24,SSD,0,1920x1080,ultra,off,taa,low,low,171,149,26,quality,0,1,0,0,0,0,0,0,1,124.95,98.61,78.89,8.003,10.141,87.09,52.0,44.56,64.0
synthetic-00043-11,cfg-00043,cs2,Intel Core i7-13700K,NVIDIA GTX 1060 6GB,24,SSD,0,1920x1080,ultra,off,taa,low,low,171,149,26,quality,1,1,0,0,0,0,0,0,0,129.92,109.35,87.48,7.697,9.145,85.94,52.0,44.56,64.0
synthetic-00043-12,cfg-00043,cs2,Intel Core i7-13700K,NVIDIA GTX 1060 6GB,24,SSD,0,1920x1080,ultra,off,taa,low,low,171,149,26,quality,0,0,0,0,0,0,0,1,1,126.83,102.41,81.93,7.884,9.765,86.65,52.0,44.56,64.0
synthetic-00044-00,cfg-00044,apex_legends,Intel Core i5-9400F,AMD RX 6600,32,NVMe,0,2560x1440,medium,on,off,low,medium,32,149,46,max_fps,0,0,0,0,0,0,0,0,0,60.0,44.98,35.98,16.667,22.233,90.33,54.2,44.56,64.0
synthetic-00044-01,cfg-00044,apex_legends,Intel Core i5-9400F,AMD RX 6600,32,NVMe,0,2560x1440,medium,on,off,low,medium,32,149,46,max_fps,1,0,0,0,0,0,0,0,0,60.0,49.89,39.91,16.667,20.043,88.29,54.2,44.56,64.0
synthetic-00044-02,cfg-00044,apex_legends,Intel Core i5-9400F,AMD RX 6600,32,NVMe,0,2560x1440,medium,on,off,low,medium,32,149,46,max_fps,0,1,0,0,0,0,0,0,0,60.0,46.48,37.19,16.667,21.514,89.62,54.2,44.56,64.0
synthetic-00044-03,cfg-00044,apex_legends,Intel Core i5-9400F,AMD RX 6600,32,NVMe,0,2560x1440,medium,on,off,low,medium,32,149,46,max_fps,0,0,1,0,0,0,0,0,0,60.0,46.17,36.93,16.667,21.661,89.71,54.2,44.56,64.0
synthetic-00044-04,cfg-00044,apex_legends,Intel Core i5-9400F,AMD RX 6600,32,NVMe,0,2560x1440,medium,on,off,low,medium,32,149,46,max_fps,0,0,0,1,0,0,0,0,0,60.0,47.78,38.22,16.667,20.93,89.94,54.2,44.56,64.0
synthetic-00044-05,cfg-00044,apex_legends,Intel Core i5-9400F,AMD RX 6600,32,NVMe,0,2560x1440,medium,on,off,low,medium,32,149,46,max_fps,0,0,0,0,1,0,0,0,0,60.0,47.25,37.8,16.667,21.165,89.15,54.2,44.56,64.0
synthetic-00044-06,cfg-00044,apex_legends,Intel Core i5-9400F,AMD RX 6600,32,NVMe,0,2560x1440,medium,on,off,low,medium,32,149,46,max_fps,0,0,0,0,0,1,0,0,0,60.0,48.3,38.64,16.667,20.704,88.71,54.2,44.56,64.0
synthetic-00044-07,cfg-00044,apex_legends,Intel Core i5-9400F,AMD RX 6600,32,NVMe,0,2560x1440,medium,on,off,low,medium,32,149,46,max_fps,0,0,0,0,0,0,1,0,0,60.0,45.84,36.67,16.667,21.814,89.88,54.2,44.56,64.0
synthetic-00044-08,cfg-00044,apex_legends,Intel Core i5-9400F,AMD RX 6600,32,NVMe,0,2560x1440,medium,on,off,low,medium,32,149,46,max_fps,0,0,0,0,0,0,0,1,0,60.0,47.66,38.13,16.667,20.983,89.16,54.2,44.56,64.0
synthetic-00044-09,cfg-00044,apex_legends,Intel Core i5-9400F,AMD RX 6600,32,NVMe,0,2560x1440,medium,on,off,low,medium,32,149,46,max_fps,0,0,0,0,0,0,0,0,1,60.0,46.15,36.92,16.667,21.668,89.81,54.2,44.56,64.0
synthetic-00044-10,cfg-00044,apex_legends,Intel Core i5-9400F,AMD RX 6600,32,NVMe,0,2560x1440,medium,on,off,low,medium,32,149,46,max_fps,0,0,0,0,0,1,1,0,1,60.0,49.85,39.88,16.667,20.059,87.98,54.2,44.56,64.0
synthetic-00044-11,cfg-00044,apex_legends,Intel Core i5-9400F,AMD RX 6600,32,NVMe,0,2560x1440,medium,on,off,low,medium,32,149,46,max_fps,1,0,0,0,0,0,0,0,1,60.0,50.79,40.63,16.667,19.689,87.88,54.2,44.56,64.0
synthetic-00044-12,cfg-00044,apex_legends,Intel Core i5-9400F,AMD RX 6600,32,NVMe,0,2560x1440,medium,on,off,low,medium,32,149,46,max_fps,0,1,0,0,0,1,1,0,0,60.0,50.15,40.12,16.667,19.938,87.8,54.2,44.56,64.0
synthetic-00045-00,cfg-00045,warzone,AMD Ryzen 5 3600,NVIDIA RTX 3060 Laptop,12,SSD,1,2560x1440,medium,off,msaa_4x,medium,ultra,32,157,41,balanced,0,0,0,0,0,0,0,0,0,59.63,44.98,33.11,16.771,22.232,43.27,98.2,46.0,85.8
synthetic-00045-01,cfg-00045,warzone,AMD Ryzen 5 3600,NVIDIA RTX 3060 Laptop,12,SSD,1,2560x1440,medium,off,msaa_4x,medium,ultra,32,157,41,balanced,1,0,0,0,0,0,0,0,0,61.3,47.78,35.17,16.314,20.927,42.49,98.2,46.0,85.8
synthetic-00045-02,cfg-00045,warzone,AMD Ryzen 5 3600,NVIDIA RTX 3060 Laptop,12,SSD,1,2560x1440,medium,off,msaa_4x,medium,ultra,32,157,41,balanced,0,1,0,0,0,0,0,0,0,60.33,46.22,34.02,16.576,21.633,42.94,98.2,46.0,85.8
synthetic-00045-03,cfg-00045,warzone,AMD Ryzen 5 3600,NVIDIA RTX 3060 Laptop,12,SSD,1,2560x1440,medium,off,msaa_4x,medium,ultra,32,157,41,balanced,0,0,1,0,0,0,0,0,0,63.03,51.46,37.87,15.866,19.433,41.67,98.2,46.0,85.8
synthetic-00045-04,cfg-00045,warzone,AMD Ryzen 5 3600,NVIDIA RTX 3060 Laptop,12,SSD,1,2560x1440,medium,off,msaa_4x,medium,ultra,32,157,41,balanced,0,0,0,1,0,0,0,0,0,59.87,45.46,33.46,16.704,21.998,43.16,98.2,46.0,85.8
synthetic-00045-05,cfg-00045,warzone,AMD Ryzen 5 3600,NVIDIA RTX 3060 Laptop,12,SSD,1,2560x1440,medium,off,msaa_4x,medium,ultra,32,157,41,balanced,0,0,0,0,1,0,0,0,0,65.23,55.43,40.8,15.33,18.04,40.64,98.2,46.0,85.8
synthetic-00045-06,cfg-00045,warzone,AMD Ryzen 5 3600,NVIDIA RTX 3060 Laptop,12,SSD,1,2560x1440,medium,off,msaa_4x,medium,ultra,32,157,41,balanced,0,0,0,0,0,1,0,0,0,60.83,47.09,34.66,16.44,21.234,42.71,98.2,46.0,85.8
synthetic-00045-07,cfg-00045,warzone,AMD Ryzen 5 3600,NVIDIA RTX 3060 Laptop,12,SSD,1,2560x1440,medium,off,msaa_4x,medium,ultra,32,157,41,balanced,0,0,0,0,0,0,1,0,0,62.85,51.48,37.89,15.912,19.424,41.76,98.2,46.0,85.8
synthetic-00045-08,cfg-00045,warzone,AMD Ryzen 5 3600,NVIDIA RTX 3060 Laptop,12,SSD,1,2560x1440,medium,off,msaa_4x,medium,ultra,32,157,41,balanced,0,0,0,0,0,0,0,1,0,61.31,48.5,35.7,16.311,20.619,42.48,98.2,46.0,85.8
synthetic-00045-09,cfg-00045,warzone,AMD Ryzen 5 3600,NVIDIA RTX 3060 Laptop,12,SSD,1,2560x1440,medium,off,msaa_4x,medium,ultra,32,157,41,balanced,0,0,0,0,0,0,0,0,1,61.75,48.65,35.81,16.195,20.555,42.28,98.2,46.0,85.8
synthetic-00045-10,cfg-00045,warzone,AMD Ryzen 5 3600,NVIDIA RTX 3060 Laptop,12,SSD,1,2560x1440,medium,off,msaa_4x,medium,ultra,32,157,41,balanced,0,1,0,1,0,1,0,0,0,61.57,48.51,35.7,16.24,20.615,42.36,98.2,46.0,85.8
synthetic-00045-11,cfg-00045,warzone,AMD Ryzen 5 3600,NVIDIA RTX 3060 Laptop,12,SSD,1,2560x1440,medium,off,msaa_4x,medium,ultra,32,157,41,balanced,0,0,0,0,1,1,0,1,1,68.8,62.94,46.33,14.535,15.887,38.96,98.2,46.0,85.8
synthetic-00045-12,cfg-00045,warzone,AMD Ryzen 5 3600,NVIDIA RTX 3060 Laptop,12,SSD,1,2560x1440,medium,off,msaa_4x,medium,ultra,32,157,41,balanced,1,0,0,0,0,0,0,1,0,62.83,51.11,37.62,15.916,19.566,41.77,98.2,46.0,85.8
synthetic-00046-00,cfg-00046,warzone,AMD Ryzen 7 5800X3D,NVIDIA GTX 1660 Super,16,SSD,1,2560x1440,high,on,msaa_4x,ultra,medium,159,62,44,balanced,0,0,0,0,0,0,0,0,0,60.0,45.09,33.19,16.667,22.177,43.91,98.2,64.74,85.8
synthetic-00046-01,cfg-00046,warzone,AMD Ryzen 7 5800X3D,NVIDIA GTX 1660 Super,16,SSD,1,2560x1440,high,on,msaa_4x,ultra,medium,159,62,44,balanced,1,0,0,0,0,0,0,0,0,60.0,45.63,33.58,16.667,21.915,43.63,98.2,64.74,85.8
synthetic-00046-02,cfg-00046,warzone,AMD Ryzen 7 5800X3D,NVIDIA GTX 1660 Super,16,SSD,1,2560x1440,high,on,msaa_4x,ultra,medium,159,62,44,balanced,0,1,0,0,0,0,0,0,0,60.0,45.89,33.77,16.667,21.792,43.55,98.2,64.74,85.8
synthetic-00046-03,cfg-00046,warzone,AMD Ryzen 7 5800X3D,NVIDIA GTX 1660 Super,16,SSD,1,2560x1440,high,on,msaa_4x,ultra,medium,159,62,44,balanced,0,0,1,0,0,0,0,0,0,60.0,45.31,33.35,16.667,22.071,44.13,98.2,64.74,85.8
synthetic-00046-04,cfg-00046,warzone,AMD Ryzen 7 5800X3D,NVIDIA GTX 1660 Super,16,SSD,1,2560x1440,high,on,msaa_4x,ultra,medium,159,62,44,balanced,0,0,0,1,0,0,0,0,0,60.0,45.43,33.44,16.667,22.01,43.79,98.2,64.74,85.8
synthetic-00046-05,cfg-00046,warzone,AMD Ryzen 7 5800X3D,NVIDIA GTX 1660 Super,16,SSD,1,2560x1440,high,on,msaa_4x,ultra,medium,159,62,44,balanced,0,0,0,0,1,0,0,0,0,60.0,50.82,37.4,16.667,19.679,41.27,98.2,64.74,85.8
synthetic-00046-06,cfg-00046,warzone,AMD Ryzen 7 5800X3D,NVIDIA GTX 1660 Super,16,SSD,1,2560x1440,high,on,msaa_4x,ultra,medium,159,62,44,balanced,0,0,0,0,0,1,0,0,0,60.0,46.4,34.15,16.667,21.554,43.31,98.2,64.74,85.8
synthetic-00046-07,cfg-00046,warzone,AMD Ryzen 7 5800X3D,NVIDIA GTX 1660 Super,16,SSD,1,2560x1440,high,on,msaa_4x,ultra,medium,159,62,44,balanced,0,0,0,0,0,0,1,0,0,60.0,49.21,36.22,16.667,20.32,42.27,98.2,64.74,85.8
synthetic-00046-08,cfg-00046,warzone,AMD Ryzen 7 5800X3D,NVIDIA GTX 1660 Super,16,SSD,1,2560x1440,high,on,msaa_4x,ultra,medium,159,62,44,balanced,0,0,0,0,0,0,0,1,0,60.0,47.29,34.81,16.667,21.144,43.12,98.2,64.74,85.8
synthetic-00046-09,cfg-00046,warzone,AMD Ryzen 7 5800X3D,NVIDIA GTX 1660 Super,16,SSD,1,2560x1440,high,on,msaa_4x,ultra,medium,159,62,44,balanced,0,0,0,0,0,0,0,0,1,60.0,46.17,33.98,16.667,21.66,43.42,98.2,64.74,85.8
synthetic-00046-10,cfg-00046,warzone,AMD Ryzen 7 5800X3D,NVIDIA GTX 1660 Super,16,SSD,1,2560x1440,high,on,msaa_4x,ultra,medium,159,62,44,balanced,0,0,0,1,0,0,0,1,0,60.0,47.52,34.98,16.667,21.043,43.04,98.2,64.74,85.8
synthetic-00046-11,cfg-00046,warzone,AMD Ryzen 7 5800X3D,NVIDIA GTX 1660 Super,16,SSD,1,2560x1440,high,on,msaa_4x,ultra,medium,159,62,44,balanced,0,0,1,0,1,0,0,1,0,60.0,52.5,38.64,16.667,19.047,41.0,98.2,64.74,85.8
synthetic-00046-12,cfg-00046,warzone,AMD Ryzen 7 5800X3D,NVIDIA GTX 1660 Super,16,SSD,1,2560x1440,high,on,msaa_4x,ultra,medium,159,62,44,balanced,0,0,0,1,0,1,0,0,0,60.0,46.66,34.34,16.667,21.43,43.23,98.2,64.74,85.8
synthetic-00047-00,cfg-00047,apex_legends,Intel Core i7-13700K,NVIDIA RTX 4060,16,SSD,0,2560x1440,ultra,off,fxaa,medium,high,157,42,54,balanced,0,0,0,0,0,0,0,0,0,125.75,93.32,74.66,7.952,10.715,46.02,98.2,46.0,64.0
synthetic-00047-01,cfg-00047,apex_legends,Intel Core i7-13700K,NVIDIA RTX 4060,16,SSD,0,2560x1440,ultra,off,fxaa,medium,high,157,42,54,balanced,1,0,0,0,0,0,0,0,0,124.75,91.68,73.34,8.016,10.908,46.25,98.2,46.0,64.0
synthetic-00047-02,cfg-00047,apex_legends,Intel Core i7-13700K,NVIDIA RTX 4060,16,SSD,0,2560x1440,ultra,off,fxaa,medium,high,157,42,54,balanced,0,1,0,0,0,0,0,0,0,127.71,97.09,77.67,7.83,10.3,45.59,98.2,46.0,64.0
synthetic-00047-03,cfg-00047,apex_legends,Intel Core i7-13700K,NVIDIA RTX 4060,16,SSD,0,2560x1440,ultra,off,fxaa,medium,high,157,42,54,balanced,0,0,1,0,0,0,0,0,0,132.92,106.9,85.52,7.523,9.355,44.43,98.2,46.0,64.0
synthetic-00047-04,cfg-00047,apex_legends,Intel Core i7-13700K,NVIDIA RTX 4060,16,SSD,0,2560x1440,ultra,off,fxaa,medium,high,157,42,54,balanced,0,0,0,1,0,0,0,0,0,126.26,94.71,75.77,7.92,10.558,45.91,98.2,46.0,64.0
synthetic-00047-05,cfg-00047,apex_legends,Intel Core i7-13700K,NVIDIA RTX 4060,16,SSD,0,2560x1440,ultra,off,fxaa,medium,high,157,42,54,balanced,0,0,0,0,1,0,0,0,0,131.04,102.2,81.76,7.631,9.785,44.85,98.2,46.0,64.0
synthetic-00047-06,cfg-00047,apex_legends,Intel Core i7-13700K,NVIDIA RTX 4060,16,SSD,0,2560x1440,ultra,off,fxaa,medium,high,157,42,54,balanced,0,0,0,0,0,1,0,0,0,128.86,99.22,79.38,7.76,10.078,45.33,98.2,46.0,64.0
synthetic-00047-07,cfg-00047,apex_legends,Intel Core i7-13700K,NVIDIA RTX 4060,16,SSD,0,2560x1440,ultra,off,fxaa,medium,high,157,42,54,balanced,0,0,0,0,0,0,1,0,0,132.55,106.95,85.56,7.545,9.35,44.51,98.2,46.0,64.0
synthetic-00047-08,cfg-00047,apex_legends,Intel Core i7-13700K,NVIDIA RTX 4060,16,SSD,0,2560x1440,ultra,off,fxaa,medium,high,157,42,54,balanced,0,0,0,0,0,0,0,1,0,128.51,98.79,79.03,7.782,10.122,45.41,98.2,46.0,64.0
synthetic-00047-09,cfg-00047,apex_legends,Intel Core i7-13700K,NVIDIA RTX 4060,16,SSD,0,2560x1440,ultra,off,fxaa,medium,high,157,42,54,balanced,0,0,0,0,0,0,0,0,1,128.67,98.82,79.05,7.772,10.12,45.37,98.2,46.0,64.0
synthetic-00047-10,cfg-00047,apex_legends,Intel Core i7-13700K,NVIDIA RTX 4060,16,SSD,0,2560x1440,ultra,off,fxaa,medium,high,157,42,54,balanced,1,1,0,0,1,0,0,1,0,133.53,107.79,86.23,7.489,9.277,44.29,98.2,46.0,64.0
synthetic-00047-11,cfg-00047,apex_legends,Intel Core i7-13700K,NVIDIA RTX 4060,16,SSD,0,2560x1440,ultra,off,fxaa,medium,high,157,42,54,balanced,1,0,1,1,0,0,0,0,1,134.04,109.77,87.82,7.46,9.11,44.18,98.2,46.0,64.0
synthetic-00047-12,cfg-00047,apex_legends,Intel Core i7-13700K,NVIDIA RTX 4060,16,SSD,0,2560x1440,ultra,off,fxaa,medium,high,157,42,54,balanced,0,0,0,1,1,0,0,1,1,135.66,112.22,89.77,7.371,8.911,43.82,98.2,46.0,64.0
synthetic-00048-00,cfg-00048,cs2,Intel Core i7-13700K,NVIDIA RTX 2060,16,SSD,0,1920x1080,low,off,fxaa,high,high,146,98,94,max_fps,0,0,0,0,0,0,0,0,0,161.07,113.47,90.77,6.209,8.813,99.0,52.0,47.28,64.0
synthetic-00048-01,cfg-00048,cs2,Intel Core i7-13700K,NVIDIA RTX 2060,16,SSD,0,1920x1080,low,off,fxaa,high,high,146,98,94,max_fps,1,0,0,0,0,0,0,0,0,169.93,130.87,104.7,5.885,7.641,98.95,52.0,47.28,64.0
synthetic-00048-02,cfg-00048,cs2,Intel Core i7-13700K,NVIDIA RTX 2060,16,SSD,0,1920x1080,low,off,fxaa,high,high,146,98,94,max_fps,0,1,0,0,0,0,0,0,0,167.41,125.95,100.76,5.973,7.939,99.0,52.0,47.28,64.0
synthetic-00048-03,cfg-00048,cs2,Intel Core i7-13700K,NVIDIA RTX 2060,16,SSD,0,1920x1080,low,off,fxaa,high,high,146,98,94,max_fps,0,0,1,0,0,0,0,0,0,164.61,119.22,95.38,6.075,8.388,99.0,52.0,47.28,64.0
synthetic-00048-04,cfg-00048,cs2,Intel Core i7-13700K,NVIDIA RTX 2060,16,SSD,0,1920x1080,low,off,fxaa,high,high,146,98,94,max_fps,0,0,0,1,0,0,0,0,0,163.32,124.5,99.6,6.123,8.032,99.0,52.0,47.28,64.0
synthetic-00048-05,cfg-00048,cs2,Intel Core i7-13700K,NVIDIA RTX 2060,16,SSD,0,1920x1080,low,off,fxaa,high,high,146,98,94,max_fps,0,0,0,0,1,0,0,0,0,167.83,124.58,99.66,5.958,8.027,99.0,52.0,47.28,64.0
synthetic-00048-06,cfg-00048,cs2,Intel Core i7-13700K,NVIDIA RTX 2060,16,SSD,0,1920x1080,low,off,fxaa,high,high,146,98,94,max_fps,0,0,0,0,0,1,0,0,0,173.12,136.64,109.32,5.776,7.318,98.4,52.0,47.28,64.0
synthetic-00048-07,cfg-00048,cs2,Intel Core i7-13700K,NVIDIA RTX 2060,16,SSD,0,1920x1080,low,off,fxaa,high,high,146,98,94,max_fps,0,0,0,0,0,0,1,0,0,163.65,117.64,94.11,6.111,8.5,99.0,52.0,47.28,64.0
synthetic-00048-08,cfg-00048,cs2,Intel Core i7-13700K,NVIDIA RTX 2060,16,SSD,0,1920x1080,low,off,fxaa,high,high,146,98,94,max_fps,0,0,0,0,0,0,0,1,0,167.24,124.32,99.45,5.98,8.044,99.0,52.0,47.28,64.0
synthetic-00048-09,cfg-00048,cs2,Intel Core i7-13700K,NVIDIA RTX 2060,16,SSD,0,1920x1080,low,off,fxaa,high,high,146,98,94,max_fps,0,0,0,0,0,0,0,0,1,168.59,128.49,102.79,5.931,7.783,99.0,52.0,47.28,64.0
synthetic-00048-10,cfg-00048,cs2,Intel Core i7-13700K,NVIDIA RTX 2060,16,SSD,0,1920x1080,low,off,fxaa,high,high,146,98,94,max_fps,0,0,0,0,1,0,1,0,1,176.42,141.92,113.53,5.668,7.046,97.83,52.0,47.28,64.0
synthetic-00048-11,cfg-00048,cs2,Intel Core i7-13700K,NVIDIA RTX 2060,16,SSD,0,1920x1080,low,off,fxaa,high,high,146,98,94,max_fps,1,0,0,1,1,0,1,0,0,178.76,153.11,122.49,5.594,6.531,97.42,52.0,47.28,64.0
synthetic-00048-12,cfg-00048,cs2,Intel Core i7-13700K,NVIDIA RTX 2060,16,SSD,0,1920x1080,low,off,fxaa,high,high,146,98,94,max_fps,0,0,1,0,0,0,1,0,0,166.91,123.04,98.43,5.991,8.128,99.0,52.0,47.28,64.0
synthetic-00049-00,cfg-00049,cs2,Intel Core i7-12700H,NVIDIA RTX 2060,24,SSD,0,1920x1080,ultra,off,msaa_2x,high,ultra,57,196,97,quality,0,0,0,0,0,0,0,0,0,106.91,75.02,60.01,9.353,13.33,99.0,52.0,47.28,64.0
synthetic-00049-01,cfg-00049,cs2,Intel Core i7-12700H,NVIDIA RTX 2060,24,SSD,0,1920x1080,ultra,off,msaa_2x,high,ultra,57,196,97,quality,1,0,0,0,0,0,0,0,0,112.8,86.55,69.24,8.866,11.554,99.0,52.0,47.28,64.0
synthetic-00049-02,cfg-00049,cs2,Intel Core i7-12700H,NVIDIA RTX 2060,24,SSD,0,1920x1080,ultra,off,msaa_2x,high,ultra,57,196,97,quality,0,1,0,0,0,0,0,0,0,111.22,83.52,66.82,8.991,11.973,99.0,52.0,47.28,64.0
synthetic-00049-03,cfg-00049,cs2,Intel Core i7-12700H,NVIDIA RTX 2060,24,SSD,0,1920x1080,ultra,off,msaa_2x,high,ultra,57,196,97,quality,0,0,1,0,0,0,0,0,0,109.27,78.83,63.06,9.152,12.685,99.0,52.0,47.28,64.0
synthetic-00049-04,cfg-00049,cs2,Intel Core i7-12700H,NVIDIA RTX 2060,24,SSD,0,1920x1080,ultra,off,msaa_2x,high,ultra,57,196,97,quality,0,0,0,1,0,0,0,0,0,108.41,82.41,65.93,9.224,12.134,99.0,52.0,47.28,64.0
synthetic-00049-05,cfg-00049,cs2,Intel Core i7-12700H,NVIDIA RTX 2060,24,SSD,0,1920x1080,ultra,off,msaa_2x,high,ultra,57,196,97,quality,0,0,0,0,1,0,0,0,0,111.41,82.38,65.9,8.976,12.139,99.0,52.0,47.28,64.0
synthetic-00049-06,cfg-00049,cs2,Intel Core i7-12700H,NVIDIA RTX 2060,24,SSD,0,1920x1080,ultra,off,msaa_2x,high,ultra,57,196,97,quality,0,0,0,0,0,1,0,0,0,115.03,90.68,72.54,8.694,11.028,99.0,52.0,47.28,64.0
synthetic-00049-07,cfg-00049,cs2,Intel Core i7-12700H,NVIDIA RTX 2060,24,SSD,0,1920x1080,ultra,off,msaa_2x,high,ultra,57,196,97,quality,0,0,0,0,0,0,1,0,0,108.63,77.78,62.22,9.206,12.857,99.0,52.0,47.28,64.0
synthetic-00049-08,cfg-00049,cs2,Intel Core i7-12700H,NVIDIA RTX 2060,24,SSD,0,1920x1080,ultra,off,msaa_2x,high,ultra,57,196,97,quality,0,0,0,0,0,0,0,1,0,111.01,82.21,65.76,9.008,12.165,99.0,52.0,47.28,64.0
synthetic-00049-09,cfg-00049,cs2,Intel Core i7-12700H,NVIDIA RTX 2060,24,SSD,0,1920x1080,ultra,off,msaa_2x,high,ultra,57,196,97,quality,0,0,0,0,0,0,0,0,1,112.1,85.38,68.31,8.921,11.712,99.0,52.0,47.28,64.0
synthetic-00049-10,cfg-00049,cs2,Intel Core i7-12700H,NVIDIA RTX 2060,24,SSD,0,1920x1080,ultra,off,msaa_2x,high,ultra,57,196,97,quality,0,0,1,1,0,0,0,1,0,114.14,92.26,73.81,8.761,10.838,99.0,52.0,47.28,64.0
synthetic-00049-11,cfg-00049,cs2,Intel Core i7-12700H,NVIDIA RTX 2060,24,SSD,0,1920x1080,ultra,off,msaa_2x,high,ultra,57,196,97,quality,1,0,0,0,0,1,1,0,0,121.21,103.44,82.75,8.25,9.668,97.39,52.0,47.28,64.0
synthetic-00049-12,cfg-00049,cs2,Intel Core i7-12700H,NVIDIA RTX 2060,24,SSD,0,1920x1080,ultra,off,msaa_2x,high,ultra,57,196,97,quality,0,1,1,0,0,0,0,0,0,113.27,86.95,69.56,8.829,11.5,99.0,52.0,47.28,64.0
synthetic-00050-00,cfg-00050,fortnite,Intel Core i5-12400F,NVIDIA RTX 2060,32,NVMe,0,1920x1080,medium,off,taa,high,low,105,46,40,max_fps,0,0,0,0,0,0,0,0,0,169.08,127.7,102.16,5.914,7.831,89.06,52.0,47.28,64.0
synthetic-00050-01,cfg-00050,fortnite,Intel Core i5-12400F,NVIDIA RTX 2060,32,NVMe,0,1920x1080,medium,off,taa,high,low,105,46,40,max_fps,1,0,0,0,0,0,0,0,0,181.42,151.88,121.51,5.512,6.584,87.01,52.0,47.28,64.0
synthetic-00050-02,cfg-00050,fortnite,Intel Core i5-12400F,NVIDIA RTX 2060,32,NVMe,0,1920x1080,medium,off,taa,high,low,105,46,40,max_fps,0,1,0,0,0,0,0,0,0,173.04,134.54,107.63,5.779,7.433,88.4,52.0,47.28,64.0
synthetic-00050-03,cfg-00050,fortnite,Intel Core i5-12400F,NVIDIA RTX 2060,32,NVMe,0,1920x1080,medium,off,taa,high,low,105,46,40,max_fps,0,0,1,0,0,0,0,0,0,172.8,133.93,107.15,5.787,7.466,88.44,52.0,47.28,64.0
synthetic-00050-04,cfg-00050,fortnite,Intel Core i5-12400F,NVIDIA RTX 2060,32,NVMe,0,1920x1080,medium,off,taa,high,low,105,46,40,max_fps,0,0,0,1,0,0,0,0,0,171.44,137.25,109.8,5.833,7.286,88.67,52.0,47.28,64.0
synthetic-00050-05,cfg-00050,fortnite,Intel Core i5-12400F,NVIDIA RTX 2060,32,NVMe,0,1920x1080,medium,off,taa,high,low,105,46,40,max_fps,0,0,0,0,1,0,0,0,0,176.18,139.73,111.78,5.676,7.157,87.88,52.0,47.28,64.0
synthetic-00050-06,cfg-00050,fortnite,Intel Core i5-12400F,NVIDIA RTX 2060,32,NVMe,0,1920x1080,medium,off,taa,high,low,105,46,40,max_fps,0,0,0,0,0,1,0,0,0,178.51,144.05,115.24,5.602,6.942,87.5,52.0,47.28,64.0
synthetic-00050-07,cfg-00050,fortnite,Intel Core i5-12400F,NVIDIA RTX 2060,32,NVMe,0,1920x1080,medium,off,taa,high,low,105,46,40,max_fps,0,0,0,0,0,0,1,0,0,171.78,132.22,105.78,5.821,7.563,88.61,52.0,47.28,64.0
synthetic-00050-08,cfg-00050,fortnite,Intel Core i5-12400F,NVIDIA RTX 2060,32,NVMe,0,1920x1080,medium,off,taa,high,low,105,46,40,max_fps,0,0,0,0,0,0,0,1,0,176.92,142.8,114.24,5.652,7.003,87.76,52.0,47.28,64.0
synthetic-00050-09,cfg-00050,fortnite,Intel Core i5-12400F,NVIDIA RTX 2060,32,NVMe,0,1920x1080,medium,off,taa,high,low,105,46,40,max_fps,0,0,0,0,0,0,0,0,1,171.6,132.15,105.72,5.827,7.567,88.64,52.0,47.28,64.0
synthetic-00050-10,cfg-00050,fortnite,Intel Core i5-12400F,NVIDIA RTX 2060,32,NVMe,0,1920x1080,medium,off,taa,high,low,105,46,40,max_fps,0,0,0,1,0,1,1,0,0,182.27,156.14,124.91,5.486,6.405,86.87,52.0,47.28,64.0
synthetic-00050-11,cfg-00050,fortnite,Intel Core i5-12400F,NVIDIA RTX 2060,32,NVMe,0,1920x1080,medium,off,taa,high,low,105,46,40,max_fps,0,0,1,0,0,1,0,0,0,181.63,149.58,119.67,5.506,6.685,86.98,52.0,47.28,64.0
synthetic-00050-12,cfg-00050,fortnite,Intel Core i5-12400F,NVIDIA RTX 2060,32,NVMe,0,1920x1080,medium,off,taa,high,low,105,46,40,max_fps,1,0,1,0,0,1,0,1,0,197.91,184.61,147.69,5.053,5.417,84.28,52.0,47.28,64.0
synthetic-00051-00,cfg-00051,cs2,Intel Core i7-13700K,NVIDIA RTX 4070,12,NVMe,1,3840x2160,high,off,msaa_2x,ultra,high,144,111,86,quality,0,0,0,0,0,0,0,0,0,91.22,64.95,47.8,10.963,15.397,52.8,99.0,80.92,85.8
synthetic-00051-01,cfg-00051,cs2,Intel Core i7-13700K,NVIDIA RTX 4070,12,NVMe,1,3840x2160,high,off,msaa_2x,ultra,high,144,111,86,quality,1,0,0,0,0,0,0,0,0,90.49,63.78,46.94,11.051,15.68,53.02,99.0,80.92,85.8
synthetic-00051-02,cfg-00051,cs2,Intel Core i7-13700K,NVIDIA RTX 4070,12,NVMe,1,3840x2160,high,off,msaa_2x,ultra,high,144,111,86,quality,0,1,0,0,0,0,0,0,0,93.5,69.69,51.29,10.695,14.35,52.1,99.0,80.92,85.8
synthetic-00051-03,cfg-00051,cs2,Intel Core i7-13700K,NVIDIA RTX 4070,12,NVMe,1,3840x2160,high,off,msaa_2x,ultra,high,144,111,86,quality,0,0,1,0,0,0,0,0,0,96.42,74.64,54.93,10.371,13.398,51.2,99.0,80.92,85.8
synthetic-00051-04,cfg-00051,cs2,Intel Core i7-13700K,NVIDIA RTX 4070,12,NVMe,1,3840x2160,high,off,msaa_2x,ultra,high,144,111,86,quality,0,0,0,1,0,0,0,0,0,91.58,66.63,49.04,10.919,15.009,52.69,99.0,80.92,85.8
synthetic-00051-05,cfg-00051,cs2,Intel Core i7-13700K,NVIDIA RTX 4070,12,NVMe,1,3840x2160,high,off,msaa_2x,ultra,high,144,111,86,quality,0,0,0,0,1,0,0,0,0,99.79,80.57,59.3,10.021,12.411,50.17,99.0,80.92,85.8
synthetic-00051-06,cfg-00051,cs2,Intel Core i7-13700K,NVIDIA RTX 4070,12,NVMe,1,3840x2160,high,off,msaa_2x,ultra,high,144,111,86,quality,0,0,0,0,0,1,0,0,0,94.5,71.78,52.83,10.582,13.932,51.79,99.0,80.92,85.8
synthetic-00051-07,cfg-00051,cs2,Intel Core i7-13700K,NVIDIA RTX 4070,12,NVMe,1,3840x2160,high,off,msaa_2x,ultra,high,144,111,86,quality,0,0,0,0,0,0,1,0,0,96.93,76.05,55.97,10.317,13.149,51.05,99.0,80.92,85.8
synthetic-00051-08,cfg-00051,cs2,Intel Core i7-13700K,NVIDIA RTX 4070,12,NVMe,1,3840x2160,high,off,msaa_2x,ultra,high,144,111,86,quality,0,0,0,0,0,0,0,1,0,92.89,68.08,50.1,10.766,14.689,52.29,99.0,80.92,85.8
synthetic-00051-09,cfg-00051,cs2,Intel Core i7-13700K,NVIDIA RTX 4070,12,NVMe,1,3840x2160,high,off,msaa_2x,ultra,high,144,111,86,quality,0,0,0,0,0,0,0,0,1,96.87,75.69,55.71,10.323,13.212,51.06,99.0,80.92,85.8
synthetic-00051-10,cfg-00051,cs2,Intel Core i7-13700K,NVIDIA RTX 4070,12,NVMe,1,3840x2160,high,off,msaa_2x,ultra,high,144,111,86,quality,1,0,1,1,0,0,0,1,0,96.84,76.6,56.38,10.326,13.055,51.07,99.0,80.92,85.8
synthetic-00051-11,cfg-00051,cs2,Intel Core i7-13700K,NVIDIA RTX 4070,12,NVMe,1,3840x2160,high,off,msaa_2x,ultra,high,144,111,86,quality,0,1,0,0,0,1,0,0,0,96.53,76.18,56.07,10.359,13.126,51.17,99.0,80.92,85.8
synthetic-00051-12,cfg-00051,cs2,Intel Core i7-13700K,NVIDIA RTX 4070,12,NVMe,1,3840x2160,high,off,msaa_2x,ultra,high,144,111,86,quality,0,1,1,1,0,0,0,0,1,102.9,89.3,65.72,9.718,11.198,49.22,99.0,80.92,85.8
synthetic-00052-00,cfg-00052,fortnite,Intel Core i5-9400F,NVIDIA RTX 3060 Laptop,8,NVMe,1,1280x720,low,off,off,high,ultra,151,142,74,max_fps,0,0,0,0,0,0,0,0,0,75.8,54.83,41.23,13.192,18.239,96.26,50.88,47.28,82.6
synthetic-00052-01,cfg-00052,fortnite,Intel Core i5-9400F,NVIDIA RTX 3060 Laptop,8,NVMe,1,1280x720,low,off,off,high,ultra,151,142,74,max_fps,1,0,0,0,0,0,0,0,0,81.34,65.49,49.25,12.295,15.269,94.21,50.88,47.28,82.6
synthetic-00052-02,cfg-00052,fortnite,Intel Core i5-9400F,NVIDIA RTX 3060 Laptop,8,NVMe,1,1280x720,low,off,off,high,ultra,151,142,74,max_fps,0,1,0,0,0,0,0,0,0,78.34,59.67,44.87,12.765,16.759,95.32,50.88,47.28,82.6
synthetic-00052-03,cfg-00052,fortnite,Intel Core i5-9400F,NVIDIA RTX 3060 Laptop,8,NVMe,1,1280x720,low,off,off,high,ultra,151,142,74,max_fps,0,0,1,0,0,0,0,0,0,77.47,57.57,43.29,12.908,17.371,95.64,50.88,47.28,82.6
synthetic-00052-04,cfg-00052,fortnite,Intel Core i5-9400F,NVIDIA RTX 3060 Laptop,8,NVMe,1,1280x720,low,off,off,high,ultra,151,142,74,max_fps,0,0,0,1,0,0,0,0,0,76.86,59.68,44.88,13.01,16.755,95.87,50.88,47.28,82.6
synthetic-00052-05,cfg-00052,fortnite,Intel Core i5-9400F,NVIDIA RTX 3060 Laptop,8,NVMe,1,1280x720,low,off,off,high,ultra,151,142,74,max_fps,0,0,0,0,1,0,0,0,0,82.32,66.58,50.07,12.147,15.019,93.85,50.88,47.28,82.6
synthetic-00052-06,cfg-00052,fortnite,Intel Core i5-9400F,NVIDIA RTX 3060 Laptop,8,NVMe,1,1280x720,low,off,off,high,ultra,151,142,74,max_fps,0,0,0,0,0,1,0,0,0,80.94,64.42,48.44,12.355,15.524,94.36,50.88,47.28,82.6
synthetic-00052-07,cfg-00052,fortnite,Intel Core i5-9400F,NVIDIA RTX 3060 Laptop,8,NVMe,1,1280x720,low,off,off,high,ultra,151,142,74,max_fps,0,0,0,0,0,0,1,0,0,77.02,56.81,42.72,12.984,17.601,95.81,50.88,47.28,82.6
synthetic-00052-08,cfg-00052,fortnite,Intel Core i5-9400F,NVIDIA RTX 3060 Laptop,8,NVMe,1,1280x720,low,off,off,high,ultra,151,142,74,max_fps,0,0,0,0,0,0,0,1,0,79.32,61.48,46.24,12.607,16.264,94.96,50.88,47.28,82.6
synthetic-00052-09,cfg-00052,fortnite,Intel Core i5-9400F,NVIDIA RTX 3060 Laptop,8,NVMe,1,1280x720,low,off,off,high,ultra,151,142,74,max_fps,0,0,0,0,0,0,0,0,1,79.97,62.62,47.09,12.505,15.969,94.72,50.88,47.28,82.6
synthetic-00052-10,cfg-00052,fortnite,Intel Core i5-9400F,NVIDIA RTX 3060 Laptop,8,NVMe,1,1280x720,low,off,off,high,ultra,151,142,74,max_fps,0,1,0,0,1,1,0,0,1,91.68,86.63,65.15,10.907,11.543,90.39,50.88,47.28,82.6
synthetic-00052-11,cfg-00052,fortnite,Intel Core i5-9400F,NVIDIA RTX 3060 Laptop,8,NVMe,1,1280x720,low,off,off,high,ultra,151,142,74,max_fps,0,1,0,0,0,0,0,1,0,81.59,66.04,49.66,12.257,15.142,94.12,50.88,47.28,82.6
synthetic-00052-12,cfg-00052,fortnite,Intel Core i5-9400F,NVIDIA RTX 3060 Laptop,8,NVMe,1,1280x720,low,off,off,high,ultra,151,142,74,max_fps,1,0,0,1,0,0,1,0,0,82.91,71.25,53.58,12.062,14.036,93.63,50.88,47.28,82.6
synthetic-00053-00,cfg-00053,valorant,Intel Core i5-9400F,NVIDIA GTX 1660 Super,32,SSD,0,3840x2160,medium,off,taa,low,low,153,166,74,balanced,0,0,0,0,0,0,0,0,0,95.25,68.9,55.12,10.498,14.514,96.26,60.4,58.47,64.0
synthetic-00053-01,cfg-00053,valorant,Intel Core i5-9400F,NVIDIA GTX 1660 Super,32,SSD,0,3840x2160,medium,off,taa,low,low,153,166,74,balanced,1,0,0,0,0,0,0,0,0,96.65,72.74,58.19,10.347,13.748,95.85,60.4,58.47,64.0
synthetic-00053-02,cfg-00053,valorant,Intel Core i5-9400F,NVIDIA GTX 1660 Super,32,SSD,0,3840x2160,medium,off,taa,low,low,153,166,74,balanced,0,1,0,0,0,0,0,0,0,98.44,74.98,59.99,10.158,13.337,95.32,60.4,58.47,64.0
synthetic-00053-03,cfg-00053,valorant,Intel Core i5-9400F,NVIDIA GTX 1660 Super,32,SSD,0,3840x2160,medium,off,taa,low,low,153,166,74,balanced,0,0,1,0,0,0,0,0,0,94.49,67.67,54.13,10.583,14.779,96.48,60.4,58.47,64.0
synthetic-00053-04,cfg-00053,valorant,Intel Core i5-9400F,NVIDIA GTX 1660 Super,32,SSD,0,3840x2160,medium,off,taa,low,low,153,166,74,balanced,0,0,0,1,0,0,0,0,0,95.72,69.66,55.73,10.447,14.356,96.12,60.4,58.47,64.0
synthetic-00053-05,cfg-00053,valorant,Intel Core i5-9400F,NVIDIA GTX 1660 Super,32,SSD,0,3840x2160,medium,off,taa,low,low,153,166,74,balanced,0,0,0,0,1,0,0,0,0,99.26,75.54,60.43,10.075,13.238,95.08,60.4,58.47,64.0
synthetic-00053-06,cfg-00053,valorant,Intel Core i5-9400F,NVIDIA GTX 1660 Super,32,SSD,0,3840x2160,medium,off,taa,low,low,153,166,74,balanced,0,0,0,0,0,1,0,0,0,101.71,80.95,64.76,9.832,12.354,94.36,60.4,58.47,64.0
synthetic-00053-07,cfg-00053,valorant,Intel Core i5-9400F,NVIDIA GTX 1660 Super,32,SSD,0,3840x2160,medium,off,taa,low,low,153,166,74,balanced,0,0,0,0,0,0,1,0,0,97.13,72.27,57.82,10.295,13.837,95.71,60.4,58.47,64.0
synthetic-00053-08,cfg-00053,valorant,Intel Core i5-9400F,NVIDIA GTX 1660 Super,32,SSD,0,3840x2160,medium,off,taa,low,low,153,166,74,balanced,0,0,0,0,0,0,0,1,0,98.73,74.97,59.97,10.128,13.339,95.24,60.4,58.47,64.0
synthetic-00053-09,cfg-00053,valorant,Intel Core i5-9400F,NVIDIA GTX 1660 Super,32,SSD,0,3840x2160,medium,off,taa,low,low,153,166,74,balanced,0,0,0,0,0,0,0,0,1,98.58,75.42,60.34,10.144,13.259,95.28,60.4,58.47,64.0
synthetic-00053-10,cfg-00053,valorant,Intel Core i5-9400F,NVIDIA GTX 1660 Super,32,SSD,0,3840x2160,medium,off,taa,low,low,153,166,74,balanced,1,0,1,1,0,0,0,0,1,99.08,77.52,62.02,10.093,12.9,95.13,60.4,58.47,64.0
synthetic-00053-11,cfg-00053,valorant,Intel Core i5-9400F,NVIDIA GTX 1660 Super,32,SSD,0,3840x2160,medium,off,taa,low,low,153,166,74,balanced,0,0,0,0,0,1,1,1,1,108.35,94.4,75.52,9.229,10.593,92.41,60.4,58.47,64.0
synthetic-00053-12,cfg-00053,valorant,Intel Core i5-9400F,NVIDIA GTX 1660 Super,32,SSD,0,3840x2160,medium,off,taa,low,low,153,166,74,balanced,1,0,0,1,1,0,0,0,0,100.59,79.3,63.44,9.942,12.61,94.69,60.4,58.47,64.0
synthetic-00054-00,cfg-00054,warzone,Intel Core i5-12400F,NVIDIA RTX 2060,8,HDD,0,1920x1080,high,off,fxaa,ultra,medium,85,184,104,quality,0,0,0,0,0,0,0,0,0,69.33,48.19,38.55,14.424,20.752,99.0,52.0,48.56,64.0
synthetic-00054-01,cfg-00054,warzone,Intel Core i5-12400F,NVIDIA RTX 2060,8,HDD,0,1920x1080,high,off,fxaa,ultra,medium,85,184,104,quality,1,0,0,0,0,0,0,0,0,74.39,57.8,46.24,13.443,17.302,99.0,52.0,48.56,64.0
synthetic-00054-02,cfg-00054,warzone,Intel Core i5-12400F,NVIDIA RTX 2060,8,HDD,0,1920x1080,high,off,fxaa,ultra,medium,85,184,104,quality,0,1,0,0,0,0,0,0,0,72.26,54.03,43.23,13.839,18.508,99.0,52.0,48.56,64.0
synthetic-00054-03,cfg-00054,warzone,Intel Core i5-12400F,NVIDIA RTX 2060,8,HDD,0,1920x1080,high,off,fxaa,ultra,medium,85,184,104,quality,0,0,1,0,0,0,0,0,0,70.85,50.65,40.52,14.114,19.743,99.0,52.0,48.56,64.0
synthetic-00054-04,cfg-00054,warzone,Intel Core i5-12400F,NVIDIA RTX 2060,8,HDD,0,1920x1080,high,off,fxaa,ultra,medium,85,184,104,quality,0,0,0,1,0,0,0,0,0,70.3,53.09,42.47,14.225,18.835,99.0,52.0,48.56,64.0
synthetic-00054-05,cfg-00054,warzone,Intel Core i5-12400F,NVIDIA RTX 2060,8,HDD,0,1920x1080,high,off,fxaa,ultra,medium,85,184,104,quality,0,0,0,0,1,0,0,0,0,72.24,52.94,42.35,13.843,18.889,99.0,52.0,48.56,64.0
synthetic-00054-06,cfg-00054,warzone,Intel Core i5-12400F,NVIDIA RTX 2060,8,HDD,0,1920x1080,high,off,fxaa,ultra,medium,85,184,104,quality,0,0,0,0,0,1,0,0,0,74.76,58.76,47.01,13.376,17.017,99.0,52.0,48.56,64.0
synthetic-00054-07,cfg-00054,warzone,Intel Core i5-12400F,NVIDIA RTX 2060,8,HDD,0,1920x1080,high,off,fxaa,ultra,medium,85,184,104,quality,0,0,0,0,0,0,1,0,0,70.44,49.97,39.98,14.197,20.011,99.0,52.0,48.56,64.0
synthetic-00054-08,cfg-00054,warzone,Intel Core i5-12400F,NVIDIA RTX 2060,8,HDD,0,1920x1080,high,off,fxaa,ultra,medium,85,184,104,quality,0,0,0,0,0,0,0,1,0,72.67,54.49,43.59,13.761,18.353,99.0,52.0,48.56,64.0
synthetic-00054-09,cfg-00054,warzone,Intel Core i5-12400F,NVIDIA RTX 2060,8,HDD,0,1920x1080,high,off,fxaa,ultra,medium,85,184,104,quality,0,0,0,0,0,0,0,0,1,75.4,59.73,47.78,13.263,16.742,99.0,52.0,48.56,64.0
synthetic-00054-10,cfg-00054,warzone,Intel Core i5-12400F,NVIDIA RTX 2060,8,HDD,0,1920x1080,high,off,fxaa,ultra,medium,85,184,104,quality,0,0,0,1,1,0,1,0,0,73.87,58.9,47.12,13.537,16.978,99.0,52.0,48.56,64.0
synthetic-00054-11,cfg-00054,warzone,Intel Core i5-12400F,NVIDIA RTX 2060,8,HDD,0,1920x1080,high,off,fxaa,ultra,medium,85,184,104,quality,0,0,0,0,0,0,0,1,1,78.32,65.79,52.63,12.768,15.2,98.98,52.0,48.56,64.0
synthetic-00054-12,cfg-00054,warzone,Intel Core i5-12400F,NVIDIA RTX 2060,8,HDD,0,1920x1080,high,off,fxaa,ultra,medium,85,184,104,quality,1,0,0,0,1,0,0,0,0,76.94,62.27,49.82,12.997,16.058,99.0,52.0,48.56,64.0
synthetic-00055-00,cfg-00055,apex_legends,Intel Core i7-13700K,NVIDIA GTX 1060 6GB,16,NVMe,1,1920x1080,medium,off,msaa_4x,medium,low,155,96,44,max_fps,0,0,0,0,0,0,0,0,0,126.21,94.85,69.81,7.924,10.543,43.91,96.0,46.0,85.8
synthetic-00055-01,cfg-00055,apex_legends,Intel Core i7-13700K,NVIDIA GTX 1060 6GB,16,NVMe,1,1920x1080,medium,off,msaa_4x,medium,low,155,96,44,max_fps,1,0,0,0,0,0,0,0,0,125.2,93.19,68.59,7.987,10.731,44.13,96.0,46.0,85.8
synthetic-00055-02,cfg-00055,apex_legends,Intel Core i7-13700K,NVIDIA GTX 1060 6GB,16,NVMe,1,1920x1080,medium,off,msaa_4x,medium,low,155,96,44,max_fps,0,1,0,0,0,0,0,0,0,127.8,97.75,71.94,7.825,10.231,43.55,96.0,46.0,85.8
synthetic-00055-03,cfg-00055,apex_legends,Intel Core i7-13700K,NVIDIA GTX 1060 6GB,16,NVMe,1,1920x1080,medium,off,msaa_4x,medium,low,155,96,44,max_fps,0,0,1,0,0,0,0,0,0,125.2,94.54,69.58,7.987,10.578,44.13,96.0,46.0,85.8
synthetic-00055-04,cfg-00055,apex_legends,Intel Core i7-13700K,NVIDIA GTX 1060 6GB,16,NVMe,1,1920x1080,medium,off,msaa_4x,medium,low,155,96,44,max_fps,0,0,0,1,0,0,0,0,0,126.71,95.95,70.62,7.892,10.422,43.79,96.0,46.0,85.8
synthetic-00055-05,cfg-00055,apex_legends,Intel Core i7-13700K,NVIDIA GTX 1060 6GB,16,NVMe,1,1920x1080,medium,off,msaa_4x,medium,low,155,96,44,max_fps,0,0,0,0,1,0,0,0,0,138.07,116.93,86.06,7.243,8.552,41.27,96.0,46.0,85.8
synthetic-00055-06,cfg-00055,apex_legends,Intel Core i7-13700K,NVIDIA GTX 1060 6GB,16,NVMe,1,1920x1080,medium,off,msaa_4x,medium,low,155,96,44,max_fps,0,0,0,0,0,1,0,0,0,128.88,99.66,73.35,7.759,10.034,43.31,96.0,46.0,85.8
synthetic-00055-07,cfg-00055,apex_legends,Intel Core i7-13700K,NVIDIA GTX 1060 6GB,16,NVMe,1,1920x1080,medium,off,msaa_4x,medium,low,155,96,44,max_fps,0,0,0,0,0,0,1,0,0,133.02,108.59,79.92,7.518,9.209,42.39,96.0,46.0,85.8
synthetic-00055-08,cfg-00055,apex_legends,Intel Core i7-13700K,NVIDIA GTX 1060 6GB,16,NVMe,1,1920x1080,medium,off,msaa_4x,medium,low,155,96,44,max_fps,0,0,0,0,0,0,0,1,0,128.97,100.36,73.87,7.754,9.964,43.29,96.0,46.0,85.8
synthetic-00055-09,cfg-00055,apex_legends,Intel Core i7-13700K,NVIDIA GTX 1060 6GB,16,NVMe,1,1920x1080,medium,off,msaa_4x,medium,low,155,96,44,max_fps,0,0,0,0,0,0,0,0,1,128.39,98.79,72.71,7.789,10.122,43.42,96.0,46.0,85.8
synthetic-00055-10,cfg-00055,apex_legends,Intel Core i7-13700K,NVIDIA GTX 1060 6GB,16,NVMe,1,1920x1080,medium,off,msaa_4x,medium,low,155,96,44,max_fps,0,0,1,0,0,0,1,0,0,131.75,107.62,79.21,7.59,9.292,42.68,96.0,46.0,85.8
synthetic-00055-11,cfg-00055,apex_legends,Intel Core i7-13700K,NVIDIA GTX 1060 6GB,16,NVMe,1,1920x1080,medium,off,msaa_4x,medium,low,155,96,44,max_fps,0,1,0,1,0,1,0,0,1,132.22,106.08,78.07,7.563,9.427,42.57,96.0,46.0,85.8
synthetic-00055-12,cfg-00055,apex_legends,Intel Core i7-13700K,NVIDIA GTX 1060 6GB,16,NVMe,1,1920x1080,medium,off,msaa_4x,medium,low,155,96,44,max_fps,1,0,0,0,0,0,1,0,0,131.75,106.26,78.21,7.59,9.411,42.68,96.0,46.0,85.8
synthetic-00056-00,cfg-00056,cyberpunk_2077,AMD Ryzen 7 7840HS,NVIDIA RTX 4060,24,SSD,1,1920x1080,medium,off,msaa_4x,low,medium,19,98,103,max_fps,0,0,0,0,0,0,0,0,0,108.09,75.23,55.37,9.252,13.293,56.4,96.0,44.56,85.8
synthetic-00056-01,cfg-00056,cyberpunk_2077,AMD Ryzen 7 7840HS,NVIDIA RTX 4060,24,SSD,1,1920x1080,medium,off,msaa_4x,low,medium,19,98,103,max_fps,1,0,0,0,0,0,0,0,0,109.17,76.97,56.65,9.16,12.993,56.12,96.0,44.56,85.8
synthetic-00056-02,cfg-00056,cyberpunk_2077,AMD Ryzen 7 7840HS,NVIDIA RTX 4060,24,SSD,1,1920x1080,medium,off,msaa_4x,low,medium,19,98,103,max_fps,0,1,0,0,0,0,0,0,0,111.33,82.1,60.42,8.982,12.181,55.56,96.0,44.56,85.8
synthetic-00056-03,cfg-00056,cyberpunk_2077,AMD Ryzen 7 7840HS,NVIDIA RTX 4060,24,SSD,1,1920x1080,medium,off,msaa_4x,low,medium,19,98,103,max_fps,0,0,1,0,0,0,0,0,0,114.25,86.61,63.75,8.753,11.546,54.8,96.0,44.56,85.8
synthetic-00056-04,cfg-00056,cyberpunk_2077,AMD Ryzen 7 7840HS,NVIDIA RTX 4060,24,SSD,1,1920x1080,medium,off,msaa_4x,low,medium,19,98,103,max_fps,0,0,0,1,0,0,0,0,0,108.52,77.64,57.14,9.215,12.88,56.29,96.0,44.56,85.8
synthetic-00056-05,cfg-00056,cyberpunk_2077,AMD Ryzen 7 7840HS,NVIDIA RTX 4060,24,SSD,1,1920x1080,medium,off,msaa_4x,low,medium,19,98,103,max_fps,0,0,0,0,1,0,0,0,0,118.25,93.58,68.88,8.457,10.686,53.77,96.0,44.56,85.8
synthetic-00056-06,cfg-00056,cyberpunk_2077,AMD Ryzen 7 7840HS,NVIDIA RTX 4060,24,SSD,1,1920x1080,medium,off,msaa_4x,low,medium,19,98,103,max_fps,0,0,0,0,0,1,0,0,0,112.63,84.92,62.5,8.879,11.776,55.22,96.0,44.56,85.8
synthetic-00056-07,cfg-00056,cyberpunk_2077,AMD Ryzen 7 7840HS,NVIDIA RTX 4060,24,SSD,1,1920x1080,medium,off,msaa_4x,low,medium,19,98,103,max_fps,0,0,0,0,0,0,1,0,0,113.93,86.68,63.79,8.778,11.537,54.89,96.0,44.56,85.8
synthetic-00056-08,cfg-00056,cyberpunk_2077,AMD Ryzen 7 7840HS,NVIDIA RTX 4060,24,SSD,1,1920x1080,medium,off,msaa_4x,low,medium,19,98,103,max_fps,0,0,0,0,0,0,0,1,0,110.85,80.74,59.42,9.022,12.385,55.69,96.0,44.56,85.8
synthetic-00056-09,cfg-00056,cyberpunk_2077,AMD Ryzen 7 7840HS,NVIDIA RTX 4060,24,SSD,1,1920x1080,medium,off,msaa_4x,low,medium,19,98,103,max_fps,0,0,0,0,0,0,0,0,1,113.71,86.51,63.67,8.794,11.559,54.94,96.0,44.56,85.8
synthetic-00056-10,cfg-00056,cyberpunk_2077,AMD Ryzen 7 7840HS,NVIDIA RTX 4060,24,SSD,1,1920x1080,medium,off,msaa_4x,low,medium,19,98,103,max_fps,1,1,1,0,0,0,0,1,0,119.54,98.19,72.26,8.365,10.185,53.43,96.0,44.56,85.8
synthetic-00056-11,cfg-00056,cyberpunk_2077,AMD Ryzen 7 7840HS,NVIDIA RTX 4060,24,SSD,1,1920x1080,medium,off,msaa_4x,low,medium,19,98,103,max_fps,0,1,1,0,0,0,0,0,0,117.07,93.05,68.49,8.542,10.747,54.07,96.0,44.56,85.8
synthetic-00056-12,cfg-00056,cyberpunk_2077,AMD Ryzen 7 7840HS,NVIDIA RTX 4060,24,SSD,1,1920x1080,medium,off,msaa_4x,low,medium,19,98,103,max_fps,1,1,0,0,0,1,1,0,0,120.8,102.17,75.2,8.278,9.787,53.11,96.0,44.56,85.8
synthetic-00057-00,cfg-00057,apex_legends,Intel Core i7-12700H,NVIDIA RTX 2060,16,NVMe,0,1920x1080,high,off,off,high,ultra,70,40,53,quality,0,0,0,0,0,0,0,0,0,146.34,108.74,86.99,6.833,9.196,45.81,96.0,47.28,64.0
synthetic-00057-01,cfg-00057,apex_legends,Intel Core i7-12700H,NVIDIA RTX 2060,16,NVMe,0,1920x1080,high,off,off,high,ultra,70,40,53,quality,1,0,0,0,0,0,0,0,0,145.17,106.82,85.46,6.888,9.361,46.04,96.0,47.28,64.0
synthetic-00057-02,cfg-00057,apex_legends,Intel Core i7-12700H,NVIDIA RTX 2060,16,NVMe,0,1920x1080,high,off,off,high,ultra,70,40,53,quality,0,1,0,0,0,0,0,0,0,148.58,113.01,90.41,6.73,8.848,45.38,96.0,47.28,64.0
synthetic-00057-03,cfg-00057,apex_legends,Intel Core i7-12700H,NVIDIA RTX 2060,16,NVMe,0,1920x1080,high,off,off,high,ultra,70,40,53,quality,0,0,1,0,0,0,0,0,0,154.68,124.54,99.64,6.465,8.029,44.22,96.0,47.28,64.0
synthetic-00057-04,cfg-00057,apex_legends,Intel Core i7-12700H,NVIDIA RTX 2060,16,NVMe,0,1920x1080,high,off,off,high,ultra,70,40,53,quality,0,0,0,1,0,0,0,0,0,146.93,110.32,88.26,6.806,9.065,45.7,96.0,47.28,64.0
synthetic-00057-05,cfg-00057,apex_legends,Intel Core i7-12700H,NVIDIA RTX 2060,16,NVMe,0,1920x1080,high,off,off,high,ultra,70,40,53,quality,0,0,0,0,1,0,0,0,0,152.49,119.07,95.26,6.558,8.398,44.64,96.0,47.28,64.0
synthetic-00057-06,cfg-00057,apex_legends,Intel Core i7-12700H,NVIDIA RTX 2060,16,NVMe,0,1920x1080,high,off,off,high,ultra,70,40,53,quality,0,0,0,0,0,1,0,0,0,149.9,115.47,92.38,6.671,8.66,45.13,96.0,47.28,64.0
synthetic-00057-07,cfg-00057,apex_legends,Intel Core i7-12700H,NVIDIA RTX 2060,16,NVMe,0,1920x1080,high,off,off,high,ultra,70,40,53,quality,0,0,0,0,0,0,1,0,0,154.24,124.61,99.69,6.483,8.025,44.3,96.0,47.28,64.0
synthetic-00057-08,cfg-00057,apex_legends,Intel Core i7-12700H,NVIDIA RTX 2060,16,NVMe,0,1920x1080,high,off,off,high,ultra,70,40,53,quality,0,0,0,0,0,0,0,1,0,149.55,115.11,92.08,6.687,8.688,45.2,96.0,47.28,64.0
synthetic-00057-09,cfg-00057,apex_legends,Intel Core i7-12700H,NVIDIA RTX 2060,16,NVMe,0,1920x1080,high,off,off,high,ultra,70,40,53,quality,0,0,0,0,0,0,0,0,1,149.65,114.95,91.96,6.682,8.699,45.18,96.0,47.28,64.0
synthetic-00057-10,cfg-00057,apex_legends,Intel Core i7-12700H,NVIDIA RTX 2060,16,NVMe,0,1920x1080,high,off,off,high,ultra,70,40,53,quality,1,0,0,0,0,0,0,1,0,148.28,112.94,90.35,6.744,8.855,45.44,96.0,47.28,64.0
synthetic-00057-11,cfg-00057,apex_legends,Intel Core i7-12700H,NVIDIA RTX 2060,16,NVMe,0,1920x1080,high,off,off,high,ultra,70,40,53,quality,0,0,0,0,0,0,1,1,1,159.46,135.4,108.32,6.271,7.386,43.3,96.0,47.28,64.0
synthetic-00057-12,cfg-00057,apex_legends,Intel Core i7-12700H,NVIDIA RTX 2060,16,NVMe,0,1920x1080,high,off,off,high,ultra,70,40,53,quality,1,0,0,0,1,0,1,0,0,158.06,131.17,104.94,6.327,7.624,43.57,96.0,47.28,64.0
synthetic-00058-00,cfg-00058,cyberpunk_2077,Intel Core i7-12700H,AMD RX 7800 XT,16,SSD,1,1920x1080,low,off,msaa_2x,low,ultra,59,51,66,max_fps,0,0,0,0,0,0,0,0,0,134.63,98.39,72.42,7.428,10.163,48.56,96.0,44.56,85.8
synthetic-00058-01,cfg-00058,cyberpunk_2077,Intel Core i7-12700H,AMD RX 7800 XT,16,SSD,1,1920x1080,low,off,msaa_2x,low,ultra,59,51,66,max_fps,1,0,0,0,0,0,0,0,0,133.55,96.64,71.13,7.488,10.347,48.79,96.0,44.56,85.8
synthetic-00058-02,cfg-00058,cyberpunk_2077,Intel Core i7-12700H,AMD RX 7800 XT,16,SSD,1,1920x1080,low,off,msaa_2x,low,ultra,59,51,66,max_fps,0,1,0,0,0,0,0,0,0,137.21,103.53,76.2,7.288,9.659,48.03,96.0,44.56,85.8
synthetic-00058-03,cfg-00058,cyberpunk_2077,Intel Core i7-12700H,AMD RX 7800 XT,16,SSD,1,1920x1080,low,off,msaa_2x,low,ultra,59,51,66,max_fps,0,0,1,0,0,0,0,0,0,142.31,112.84,83.05,7.027,8.862,46.97,96.0,44.56,85.8
synthetic-00058-04,cfg-00058,cyberpunk_2077,Intel Core i7-12700H,AMD RX 7800 XT,16,SSD,1,1920x1080,low,off,msaa_2x,low,ultra,59,51,66,max_fps,0,0,0,1,0,0,0,0,0,135.17,100.25,73.78,7.398,9.975,48.45,96.0,44.56,85.8
synthetic-00058-05,cfg-00058,cyberpunk_2077,Intel Core i7-12700H,AMD RX 7800 XT,16,SSD,1,1920x1080,low,off,msaa_2x,low,ultra,59,51,66,max_fps,0,0,0,0,1,0,0,0,0,147.29,121.69,89.57,6.789,8.217,45.93,96.0,44.56,85.8
synthetic-00058-06,cfg-00058,cyberpunk_2077,Intel Core i7-12700H,AMD RX 7800 XT,16,SSD,1,1920x1080,low,off,msaa_2x,low,ultra,59,51,66,max_fps,0,0,0,0,0,1,0,0,0,138.53,106.12,78.1,7.219,9.423,47.75,96.0,44.56,85.8
synthetic-00058-07,cfg-00058,cyberpunk_2077,Intel Core i7-12700H,AMD RX 7800 XT,16,SSD,1,1920x1080,low,off,msaa_2x,low,ultra,59,51,66,max_fps,0,0,0,0,0,0,1,0,0,141.9,112.9,83.09,7.047,8.857,47.05,96.0,44.56,85.8
synthetic-00058-08,cfg-00058,cyberpunk_2077,Intel Core i7-12700H,AMD RX 7800 XT,16,SSD,1,1920x1080,low,off,msaa_2x,low,ultra,59,51,66,max_fps,0,0,0,0,0,0,0,1,0,138.06,105.37,77.56,7.243,9.49,47.85,96.0,44.56,85.8
synthetic-00058-09,cfg-00058,cyberpunk_2077,Intel Core i7-12700H,AMD RX 7800 XT,16,SSD,1,1920x1080,low,off,msaa_2x,low,ultra,59,51,66,max_fps,0,0,0,0,0,0,0,0,1,138.7,106.28,78.22,7.21,9.409,47.72,96.0,44.56,85.8
synthetic-00058-10,cfg-00058,cyberpunk_2077,Intel Core i7-12700H,AMD RX 7800 XT,16,SSD,1,1920x1080,low,off,msaa_2x,low,ultra,59,51,66,max_fps,1,0,1,0,0,0,0,0,0,140.93,110.38,81.24,7.096,9.059,47.25,96.0,44.56,85.8
synthetic-00058-11,cfg-00058,cyberpunk_2077,Intel Core i7-12700H,AMD RX 7800 XT,16,SSD,1,1920x1080,low,off,msaa_2x,low,ultra,59,51,66,max_fps,0,0,1,1,0,0,0,1,1,148.23,126.37,93.01,6.746,7.913,45.74,96.0,44.56,85.8
synthetic-00058-12,cfg-00058,cyberpunk_2077,Intel Core i7-12700H,AMD RX 7800 XT,16,SSD,1,1920x1080,low,off,msaa_2x,low,ultra,59,51,66,max_fps,0,0,0,0,1,0,1,0,1,156.47,142.2,104.66,6.391,7.032,44.02,96.0,44.56,85.8
synthetic-00059-00,cfg-00059,valorant,Intel Core i5-12400F,NVIDIA RTX 2060,8,NVMe,0,2560x1440,medium,off,off,ultra,medium,77,74,92,max_fps,0,0,0,0,0,0,0,0,0,208.28,147.12,117.7,4.801,6.797,99.0,54.2,48.78,64.0
synthetic-00059-01,cfg-00059,valorant,Intel Core i5-12400F,NVIDIA RTX 2060,8,NVMe,0,2560x1440,medium,off,off,ultra,medium,77,74,92,max_fps,1,0,0,0,0,0,0,0,0,211.33,155.47,124.38,4.732,6.432,99.0,54.2,48.78,64.0
synthetic-00059-02,cfg-00059,valorant,Intel Core i5-12400F,NVIDIA RTX 2060,8,NVMe,0,2560x1440,medium,off,off,ultra,medium,77,74,92,max_fps,0,1,0,0,0,0,0,0,0,216.36,162.99,130.39,4.622,6.136,98.99,54.2,48.78,64.0
synthetic-00059-03,cfg-00059,valorant,Intel Core i5-12400F,NVIDIA RTX 2060,8,NVMe,0,2560x1440,medium,off,off,ultra,medium,77,74,92,max_fps,0,0,1,0,0,0,0,0,0,212.87,154.57,123.66,4.698,6.469,99.0,54.2,48.78,64.0
synthetic-00059-04,cfg-00059,valorant,Intel Core i5-12400F,NVIDIA RTX 2060,8,NVMe,0,2560x1440,medium,off,off,ultra,medium,77,74,92,max_fps,0,0,0,1,0,0,0,0,0,209.3,148.77,119.01,4.778,6.722,99.0,54.2,48.78,64.0
synthetic-00059-05,cfg-00059,valorant,Intel Core i5-12400F,NVIDIA RTX 2060,8,NVMe,0,2560x1440,medium,off,off,ultra,medium,77,74,92,max_fps,0,0,0,0,1,0,0,0,0,217.03,161.51,129.2,4.608,6.192,98.89,54.2,48.78,64.0
synthetic-00059-06,cfg-00059,valorant,Intel Core i5-12400F,NVIDIA RTX 2060,8,NVMe,0,2560x1440,medium,off,off,ultra,medium,77,74,92,max_fps,0,0,0,0,0,1,0,0,0,223.72,176.73,141.38,4.47,5.658,98.0,54.2,48.78,64.0
synthetic-00059-07,cfg-00059,valorant,Intel Core i5-12400F,NVIDIA RTX 2060,8,NVMe,0,2560x1440,medium,off,off,ultra,medium,77,74,92,max_fps,0,0,0,0,0,0,1,0,0,211.63,152.55,122.04,4.725,6.555,99.0,54.2,48.78,64.0
synthetic-00059-08,cfg-00059,valorant,Intel Core i5-12400F,NVIDIA RTX 2060,8,NVMe,0,2560x1440,medium,off,off,ultra,medium,77,74,92,max_fps,0,0,0,0,0,0,0,1,0,215.89,160.26,128.21,4.632,6.24,99.0,54.2,48.78,64.0
synthetic-00059-09,cfg-00059,valorant,Intel Core i5-12400F,NVIDIA RTX 2060,8,NVMe,0,2560x1440,medium,off,off,ultra,medium,77,74,92,max_fps,0,0,0,0,0,0,0,0,1,221.93,173.2,138.56,4.506,5.774,98.24,54.2,48.78,64.0
synthetic-00059-10,cfg-00059,valorant,Intel Core i5-12400F,NVIDIA RTX 2060,8,NVMe,0,2560x1440,medium,off,off,ultra,medium,77,74,92,max_fps,0,1,0,0,0,0,1,1,1,236.54,202.18,161.74,4.228,4.946,96.27,54.2,48.78,64.0
synthetic-00059-11,cfg-00059,valorant,Intel Core i5-12400F,NVIDIA RTX 2060,8,NVMe,0,2560x1440,medium,off,off,ultra,medium,77,74,92,max_fps,1,0,1,1,0,0,0,0,0,216.15,163.21,130.57,4.626,6.127,99.0,54.2,48.78,64.0
synthetic-00059-12,cfg-00059,valorant,Intel Core i5-12400F,NVIDIA RTX 2060,8,NVMe,0,2560x1440,medium,off,off,ultra,medium,77,74,92,max_fps,0,0,0,0,1,0,0,1,0,223.9,173.93,139.15,4.466,5.749,97.97,54.2,48.78,64.0
synthetic-00060-00,cfg-00060,cyberpunk_2077,AMD Ryzen 5 3600,NVIDIA RTX 4070,32,HDD,0,1920x1080,medium,off,msaa_2x,high,ultra,105,109,35,balanced,0,0,0,0,0,0,0,0,0,97.7,74.25,59.4,10.235,13.468,42.0,96.0,47.28,64.0
synthetic-00060-01,cfg-00060,cyberpunk_2077,AMD Ryzen 5 3600,NVIDIA RTX 4070,32,HDD,0,1920x1080,medium,off,msaa_2x,high,ultra,105,109,35,balanced,1,0,0,0,0,0,0,0,0,100.44,78.86,63.09,9.957,12.68,41.22,96.0,47.28,64.0
synthetic-00060-02,cfg-00060,cyberpunk_2077,AMD Ryzen 5 3600,NVIDIA RTX 4070,32,HDD,0,1920x1080,medium,off,msaa_2x,high,ultra,105,109,35,balanced,0,1,0,0,0,0,0,0,0,98.68,75.88,60.71,10.134,13.178,41.72,96.0,47.28,64.0
synthetic-00060-03,cfg-00060,cyberpunk_2077,AMD Ryzen 5 3600,NVIDIA RTX 4070,32,HDD,0,1920x1080,medium,off,msaa_2x,high,ultra,105,109,35,balanced,0,0,1,0,0,0,0,0,0,103.27,84.9,67.92,9.683,11.779,40.4,96.0,47.28,64.0
synthetic-00060-04,cfg-00060,cyberpunk_2077,AMD Ryzen 5 3600,NVIDIA RTX 4070,32,HDD,0,1920x1080,medium,off,msaa_2x,high,ultra,105,109,35,balanced,0,0,0,1,0,0,0,0,0,98.09,74.9,59.92,10.195,13.351,41.89,96.0,47.28,64.0
synthetic-00060-05,cfg-00060,cyberpunk_2077,AMD Ryzen 5 3600,NVIDIA RTX 4070,32,HDD,0,1920x1080,medium,off,msaa_2x,high,ultra,105,109,35,balanced,0,0,0,0,1,0,0,0,0,101.8,81.22,64.98,9.823,12.312,40.82,96.0,47.28,64.0
synthetic-00060-06,cfg-00060,cyberpunk_2077,AMD Ryzen 5 3600,NVIDIA RTX 4070,32,HDD,0,1920x1080,medium,off,msaa_2x,high,ultra,105,109,35,balanced,0,0,0,0,0,1,0,0,0,99.46,77.2,61.76,10.054,12.953,41.5,96.0,47.28,64.0
synthetic-00060-07,cfg-00060,cyberpunk_2077,AMD Ryzen 5 3600,NVIDIA RTX 4070,32,HDD,0,1920x1080,medium,off,msaa_2x,high,ultra,105,109,35,balanced,0,0,0,0,0,0,1,0,0,102.98,84.94,67.95,9.711,11.774,40.49,96.0,47.28,64.0
synthetic-00060-08,cfg-00060,cyberpunk_2077,AMD Ryzen 5 3600,NVIDIA RTX 4070,32,HDD,0,1920x1080,medium,off,msaa_2x,high,ultra,105,109,35,balanced,0,0,0,0,0,0,0,1,0,100.19,79.39,63.51,9.981,12.596,41.29,96.0,47.28,64.0
synthetic-00060-09,cfg-00060,cyberpunk_2077,AMD Ryzen 5 3600,NVIDIA RTX 4070,32,HDD,0,1920x1080,medium,off,msaa_2x,high,ultra,105,109,35,balanced,0,0,0,0,0,0,0,0,1,100.34,78.7,62.96,9.966,12.707,41.24,96.0,47.28,64.0
synthetic-00060-10,cfg-00060,cyberpunk_2077,AMD Ryzen 5 3600,NVIDIA RTX 4070,32,HDD,0,1920x1080,medium,off,msaa_2x,high,ultra,105,109,35,balanced,0,0,1,1,1,1,0,0,0,107.93,93.2,74.56,9.266,10.73,39.07,96.0,47.28,64.0
synthetic-00060-11,cfg-00060,cyberpunk_2077,AMD Ryzen 5 3600,NVIDIA RTX 4070,32,HDD,0,1920x1080,medium,off,msaa_2x,high,ultra,105,109,35,balanced,0,1,0,1,1,1,0,0,0,103.95,84.99,68.0,9.62,11.765,40.21,96.0,47.28,64.0
synthetic-00060-12,cfg-00060,cyberpunk_2077,AMD Ryzen 5 3600,NVIDIA RTX 4070,32,HDD,0,1920x1080,medium,off,msaa_2x,high,ultra,105,109,35,balanced,1,0,0,1,0,1,0,0,1,104.21,85.45,68.36,9.596,11.703,40.14,96.0,47.28,64.0
synthetic-00061-00,cfg-00061,cyberpunk_2077,AMD Ryzen 5 3600,NVIDIA GTX 1060 6GB,32,HDD,1,1920x1080,ultra,off,taa,low,low,133,46,94,balanced,0,0,0,0,0,0,0,0,0,52.91,37.28,27.44,18.899,26.827,54.49,96.0,44.56,85.8
synthetic-00061-01,cfg-00061,cyberpunk_2077,AMD Ryzen 5 3600,NVIDIA GTX 1060 6GB,32,HDD,1,1920x1080,ultra,off,taa,low,low,133,46,94,balanced,1,0,0,0,0,0,0,0,0,54.4,39.69,29.21,18.384,25.195,53.71,96.0,44.56,85.8
synthetic-00061-02,cfg-00061,cyberpunk_2077,AMD Ryzen 5 3600,NVIDIA GTX 1060 6GB,32,HDD,1,1920x1080,ultra,off,taa,low,low,133,46,94,balanced,0,1,0,0,0,0,0,0,0,54.36,40.31,29.67,18.396,24.806,53.73,96.0,44.56,85.8
synthetic-00061-03,cfg-00061,cyberpunk_2077,AMD Ryzen 5 3600,NVIDIA GTX 1060 6GB,32,HDD,1,1920x1080,ultra,off,taa,low,low,133,46,94,balanced,0,0,1,0,0,0,0,0,0,52.49,37.17,27.35,19.051,26.906,54.72,96.0,44.56,85.8
synthetic-00061-04,cfg-00061,cyberpunk_2077,AMD Ryzen 5 3600,NVIDIA GTX 1060 6GB,32,HDD,1,1920x1080,ultra,off,taa,low,low,133,46,94,balanced,0,0,0,1,0,0,0,0,0,53.13,38.35,28.22,18.823,26.078,54.38,96.0,44.56,85.8
synthetic-00061-05,cfg-00061,cyberpunk_2077,AMD Ryzen 5 3600,NVIDIA GTX 1060 6GB,32,HDD,1,1920x1080,ultra,off,taa,low,low,133,46,94,balanced,0,0,0,0,1,0,0,0,0,57.89,46.3,34.08,17.275,21.597,51.86,96.0,44.56,85.8
synthetic-00061-06,cfg-00061,cyberpunk_2077,AMD Ryzen 5 3600,NVIDIA GTX 1060 6GB,32,HDD,1,1920x1080,ultra,off,taa,low,low,133,46,94,balanced,0,0,0,0,0,1,0,0,0,54.97,41.61,30.62,18.192,24.035,53.41,96.0,44.56,85.8
synthetic-00061-07,cfg-00061,cyberpunk_2077,AMD Ryzen 5 3600,NVIDIA GTX 1060 6GB,32,HDD,1,1920x1080,ultra,off,taa,low,low,133,46,94,balanced,0,0,0,0,0,0,1,0,0,55.77,42.9,31.58,17.931,23.308,52.98,96.0,44.56,85.8
synthetic-00061-08,cfg-00061,cyberpunk_2077,AMD Ryzen 5 3600,NVIDIA GTX 1060 6GB,32,HDD,1,1920x1080,ultra,off,taa,low,low,133,46,94,balanced,0,0,0,0,0,0,0,1,0,54.26,39.98,29.43,18.429,25.01,53.78,96.0,44.56,85.8
synthetic-00061-09,cfg-00061,cyberpunk_2077,AMD Ryzen 5 3600,NVIDIA GTX 1060 6GB,32,HDD,1,1920x1080,ultra,off,taa,low,low,133,46,94,balanced,0,0,0,0,0,0,0,0,1,56.18,43.57,32.07,17.8,22.95,52.77,96.0,44.56,85.8
synthetic-00061-10,cfg-00061,cyberpunk_2077,AMD Ryzen 5 3600,NVIDIA GTX 1060 6GB,32,HDD,1,1920x1080,ultra,off,taa,low,low,133,46,94,balanced,0,1,0,0,0,0,0,0,1,57.41,46.38,34.14,17.417,21.56,52.11,96.0,44.56,85.8
synthetic-00061-11,cfg-00061,cyberpunk_2077,AMD Ryzen 5 3600,NVIDIA GTX 1060 6GB,32,HDD,1,1920x1080,ultra,off,taa,low,low,133,46,94,balanced,1,0,0,0,0,0,0,0,1,57.45,45.76,33.68,17.407,21.855,52.1,96.0,44.56,85.8
synthetic-00061-12,cfg-00061,cyberpunk_2077,AMD Ryzen 5 3600,NVIDIA GTX 1060 6GB,32,HDD,1,1920x1080,ultra,off,taa,low,low,133,46,94,balanced,0,0,0,1,0,0,0,1,0,54.4,40.91,30.11,18.381,24.444,53.71,96.0,44.56,85.8
synthetic-00062-00,cfg-00062,cyberpunk_2077,Intel Core i7-12700H,NVIDIA GTX 1060 6GB,16,SSD,0,1920x1080,medium,off,off,high,ultra,147,177,48,max_fps,0,0,0,0,0,0,0,0,0,66.73,49.9,39.92,14.986,20.041,44.75,96.0,47.28,64.0
synthetic-00062-01,cfg-00062,cyberpunk_2077,Intel Core i7-12700H,NVIDIA GTX 1060 6GB,16,SSD,0,1920x1080,medium,off,off,high,ultra,147,177,48,max_fps,1,0,0,0,0,0,0,0,0,66.19,49.02,39.22,15.107,20.399,44.98,96.0,47.28,64.0
synthetic-00062-02,cfg-00062,cyberpunk_2077,Intel Core i7-12700H,NVIDIA GTX 1060 6GB,16,SSD,0,1920x1080,medium,off,off,high,ultra,147,177,48,max_fps,0,1,0,0,0,0,0,0,0,67.65,51.62,41.29,14.782,19.374,44.37,96.0,47.28,64.0
synthetic-00062-03,cfg-00062,cyberpunk_2077,Intel Core i7-12700H,NVIDIA GTX 1060 6GB,16,SSD,0,1920x1080,medium,off,off,high,ultra,147,177,48,max_fps,0,0,1,0,0,0,0,0,0,66.19,49.74,39.79,15.107,20.106,44.98,96.0,47.28,64.0
synthetic-00062-04,cfg-00062,cyberpunk_2077,Intel Core i7-12700H,NVIDIA GTX 1060 6GB,16,SSD,0,1920x1080,medium,off,off,high,ultra,147,177,48,max_fps,0,0,0,1,0,0,0,0,0,67.0,50.54,40.43,14.926,19.786,44.64,96.0,47.28,64.0
synthetic-00062-05,cfg-00062,cyberpunk_2077,Intel Core i7-12700H,NVIDIA GTX 1060 6GB,16,SSD,0,1920x1080,medium,off,off,high,ultra,147,177,48,max_fps,0,0,0,0,1,0,0,0,0,69.53,54.62,43.7,14.382,18.308,43.58,96.0,47.28,64.0
synthetic-00062-06,cfg-00062,cyberpunk_2077,Intel Core i7-12700H,NVIDIA GTX 1060 6GB,16,SSD,0,1920x1080,medium,off,off,high,ultra,147,177,48,max_fps,0,0,0,0,0,1,0,0,0,68.24,52.67,42.14,14.655,18.984,44.12,96.0,47.28,64.0
synthetic-00062-07,cfg-00062,cyberpunk_2077,Intel Core i7-12700H,NVIDIA GTX 1060 6GB,16,SSD,0,1920x1080,medium,off,off,high,ultra,147,177,48,max_fps,0,0,0,0,0,0,1,0,0,70.33,57.15,45.72,14.218,17.498,43.24,96.0,47.28,64.0
synthetic-00062-08,cfg-00062,cyberpunk_2077,Intel Core i7-12700H,NVIDIA GTX 1060 6GB,16,SSD,0,1920x1080,medium,off,off,high,ultra,147,177,48,max_fps,0,0,0,0,0,0,0,1,0,68.43,53.39,42.71,14.613,18.731,44.04,96.0,47.28,64.0
synthetic-00062-09,cfg-00062,cyberpunk_2077,Intel Core i7-12700H,NVIDIA GTX 1060 6GB,16,SSD,0,1920x1080,medium,off,off,high,ultra,147,177,48,max_fps,0,0,0,0,0,0,0,0,1,68.04,52.31,41.85,14.697,19.115,44.2,96.0,47.28,64.0
synthetic-00062-10,cfg-00062,cyberpunk_2077,Intel Core i7-12700H,NVIDIA GTX 1060 6GB,16,SSD,0,1920x1080,medium,off,off,high,ultra,147,177,48,max_fps,0,0,1,0,0,0,0,0,1,67.47,52.05,41.64,14.821,19.214,44.44,96.0,47.28,64.0
synthetic-00062-11,cfg-00062,cyberpunk_2077,Intel Core i7-12700H,NVIDIA GTX 1060 6GB,16,SSD,0,1920x1080,medium,off,off,high,ultra,147,177,48,max_fps,1,0,0,0,0,0,1,0,0,69.66,55.92,44.74,14.355,17.882,43.52,96.0,47.28,64.0
synthetic-00062-12,cfg-00062,cyberpunk_2077,Intel Core i7-12700H,NVIDIA GTX 1060 6GB,16,SSD,0,1920x1080,medium,off,off,high,ultra,147,177,48,max_fps,0,0,0,0,0,1,1,0,1,72.57,61.54,49.23,13.779,16.25,42.3,96.0,47.28,64.0
synthetic-00063-00,cfg-00063,valorant,Intel Core i5-9400F,NVIDIA RTX 4060,16,NVMe,1,1920x1080,medium,off,off,low,high,158,80,52,quality,0,0,0,0,0,0,0,0,0,129.92,96.66,72.69,7.697,10.346,91.6,52.0,44.56,82.6
synthetic-00063-01,cfg-00063,valorant,Intel Core i5-9400F,NVIDIA RTX 4060,16,NVMe,1,1920x1080,medium,off,off,low,high,158,80,52,quality,1,0,0,0,0,0,0,0,0,131.82,101.94,76.66,7.586,9.81,91.19,52.0,44.56,82.6
synthetic-00063-02,cfg-00063,valorant,Intel Core i5-9400F,NVIDIA RTX 4060,16,NVMe,1,1920x1080,medium,off,off,low,high,158,80,52,quality,0,1,0,0,0,0,0,0,0,133.43,102.99,77.45,7.495,9.709,90.84,52.0,44.56,82.6
synthetic-00063-03,cfg-00063,valorant,Intel Core i5-9400F,NVIDIA RTX 4060,16,NVMe,1,1920x1080,medium,off,off,low,high,158,80,52,quality,0,0,1,0,0,0,0,0,0,132.78,101.42,76.26,7.531,9.86,90.98,52.0,44.56,82.6
synthetic-00063-04,cfg-00063,valorant,Intel Core i5-9400F,NVIDIA RTX 4060,16,NVMe,1,1920x1080,medium,off,off,low,high,158,80,52,quality,0,0,0,1,0,0,0,0,0,130.56,97.71,73.48,7.66,10.234,91.46,52.0,44.56,82.6
synthetic-00063-05,cfg-00063,valorant,Intel Core i5-9400F,NVIDIA RTX 4060,16,NVMe,1,1920x1080,medium,off,off,low,high,158,80,52,quality,0,0,0,0,1,0,0,0,0,141.09,117.04,88.01,7.088,8.544,89.19,52.0,44.56,82.6
synthetic-00063-06,cfg-00063,valorant,Intel Core i5-9400F,NVIDIA RTX 4060,16,NVMe,1,1920x1080,medium,off,off,low,high,158,80,52,quality,0,0,0,0,0,1,0,0,0,137.71,110.59,83.16,7.261,9.042,89.92,52.0,44.56,82.6
synthetic-00063-07,cfg-00063,valorant,Intel Core i5-9400F,NVIDIA RTX 4060,16,NVMe,1,1920x1080,medium,off,off,low,high,158,80,52,quality,0,0,0,0,0,0,1,0,0,132.0,100.11,75.28,7.576,9.989,91.15,52.0,44.56,82.6
synthetic-00063-08,cfg-00063,valorant,Intel Core i5-9400F,NVIDIA RTX 4060,16,NVMe,1,1920x1080,medium,off,off,low,high,158,80,52,quality,0,0,0,0,0,0,0,1,0,134.66,105.04,78.99,7.426,9.521,90.58,52.0,44.56,82.6
synthetic-00063-09,cfg-00063,valorant,Intel Core i5-9400F,NVIDIA RTX 4060,16,NVMe,1,1920x1080,medium,off,off,low,high,158,80,52,quality,0,0,0,0,0,0,0,0,1,132.78,102.01,76.71,7.531,9.803,90.98,52.0,44.56,82.6
synthetic-00063-10,cfg-00063,valorant,Intel Core i5-9400F,NVIDIA RTX 4060,16,NVMe,1,1920x1080,medium,off,off,low,high,158,80,52,quality,1,0,0,0,1,0,0,0,0,142.4,121.56,91.42,7.022,8.226,88.91,52.0,44.56,82.6
synthetic-00063-11,cfg-00063,valorant,Intel Core i5-9400F,NVIDIA RTX 4060,16,NVMe,1,1920x1080,medium,off,off,low,high,158,80,52,quality,1,1,0,0,0,0,0,0,0,135.08,107.88,81.13,7.403,9.269,90.49,52.0,44.56,82.6
synthetic-00063-12,cfg-00063,valorant,Intel Core i5-9400F,NVIDIA RTX 4060,16,NVMe,1,1920x1080,medium,off,off,low,high,158,80,52,quality,0,0,0,1,0,0,1,0,0,132.51,100.97,75.93,7.546,9.904,91.04,52.0,44.56,82.6
synthetic-00064-00,cfg-00064,fortnite,Intel Core i5-9400F,NVIDIA GTX 1060 6GB,32,SSD,0,1920x1080,ultra,off,taa,high,high,74,92,47,quality,0,0,0,0,0,0,0,0,0,83.3,62.37,49.9,12.004,16.034,44.54,96.0,47.28,64.0
synthetic-00064-01,cfg-00064,fortnite,Intel Core i5-9400F,NVIDIA GTX 1060 6GB,32,SSD,0,1920x1080,ultra,off,taa,high,high,74,92,47,quality,1,0,0,0,0,0,0,0,0,85.64,66.27,53.02,11.677,15.089,43.76,96.0,47.28,64.0
synthetic-00064-02,cfg-00064,fortnite,Intel Core i5-9400F,NVIDIA GTX 1060 6GB,32,SSD,0,1920x1080,ultra,off,taa,high,high,74,92,47,quality,0,1,0,0,0,0,0,0,0,84.43,64.46,51.56,11.844,15.515,44.16,96.0,47.28,64.0
synthetic-00064-03,cfg-00064,fortnite,Intel Core i5-9400F,NVIDIA GTX 1060 6GB,32,SSD,0,1920x1080,ultra,off,taa,high,high,74,92,47,quality,0,0,1,0,0,0,0,0,0,82.64,62.17,49.73,12.101,16.086,44.77,96.0,47.28,64.0
synthetic-00064-04,cfg-00064,fortnite,Intel Core i5-9400F,NVIDIA GTX 1060 6GB,32,SSD,0,1920x1080,ultra,off,taa,high,high,74,92,47,quality,0,0,0,1,0,0,0,0,0,83.64,63.15,50.52,11.957,15.834,44.43,96.0,47.28,64.0
synthetic-00064-05,cfg-00064,fortnite,Intel Core i5-9400F,NVIDIA GTX 1060 6GB,32,SSD,0,1920x1080,ultra,off,taa,high,high,74,92,47,quality,0,0,0,0,1,0,0,0,0,86.8,68.27,54.62,11.521,14.648,43.37,96.0,47.28,64.0
synthetic-00064-06,cfg-00064,fortnite,Intel Core i5-9400F,NVIDIA GTX 1060 6GB,32,SSD,0,1920x1080,ultra,off,taa,high,high,74,92,47,quality,0,0,0,0,0,1,0,0,0,85.15,65.76,52.61,11.743,15.206,43.92,96.0,47.28,64.0
synthetic-00064-07,cfg-00064,fortnite,Intel Core i5-9400F,NVIDIA GTX 1060 6GB,32,SSD,0,1920x1080,ultra,off,taa,high,high,74,92,47,quality,0,0,0,0,0,0,1,0,0,87.8,71.43,57.14,11.389,14.0,43.03,96.0,47.28,64.0
synthetic-00064-08,cfg-00064,fortnite,Intel Core i5-9400F,NVIDIA GTX 1060 6GB,32,SSD,0,1920x1080,ultra,off,taa,high,high,74,92,47,quality,0,0,0,0,0,0,0,1,0,85.5,66.91,53.53,11.696,14.946,43.8,96.0,47.28,64.0
synthetic-00064-09,cfg-00064,fortnite,Intel Core i5-9400F,NVIDIA GTX 1060 6GB,32,SSD,0,1920x1080,ultra,off,taa,high,high,74,92,47,quality,0,0,0,0,0,0,0,0,1,84.89,65.28,52.23,11.78,15.318,44.01,96.0,47.28,64.0
synthetic-00064-10,cfg-00064,fortnite,Intel Core i5-9400F,NVIDIA GTX 1060 6GB,32,SSD,0,1920x1080,ultra,off,taa,high,high,74,92,47,quality,0,0,0,0,1,0,0,0,1,88.16,70.9,56.72,11.343,14.104,42.91,96.0,47.28,64.0
synthetic-00064-11,cfg-00064,fortnite,Intel Core i5-9400F,NVIDIA GTX 1060 6GB,32,SSD,0,1920x1080,ultra,off,taa,high,high,74,92,47,quality,0,1,1,1,1,0,0,0,0,87.02,69.85,55.88,11.492,14.315,43.29,96.0,47.28,64.0
synthetic-00064-12,cfg-00064,fortnite,Intel Core i5-9400F,NVIDIA GTX 1060 6GB,32,SSD,0,1920x1080,ultra,off,taa,high,high,74,92,47,quality,0,0,0,0,0,1,0,1,1,88.43,72.47,57.97,11.308,13.799,42.82,96.0,47.28,64.0
synthetic-00065-00,cfg-00065,warzone,AMD Ryzen 7 5800X3D,NVIDIA GTX 1660 Super,12,NVMe,0,1920x1080,low,off,off,low,medium,13,196,74,max_fps,0,0,0,0,0,0,0,0,0,138.53,100.2,80.16,7.219,9.98,50.26,52.0,44.56,56.0
synthetic-00065-01,cfg-00065,warzone,AMD Ryzen 7 5800X3D,NVIDIA GTX 1660 Super,12,NVMe,0,1920x1080,low,off,off,low,medium,13,196,74,max_fps,1,0,0,0,0,0,0,0,0,139.91,102.46,81.97,7.147,9.76,49.98,52.0,44.56,56.0
synthetic-00065-02,cfg-00065,warzone,AMD Ryzen 7 5800X3D,NVIDIA GTX 1660 Super,12,NVMe,0,1920x1080,low,off,off,low,medium,13,196,74,max_fps,0,1,0,0,0,0,0,0,0,141.5,106.25,85.0,7.067,9.412,49.66,52.0,44.56,56.0
synthetic-00065-03,cfg-00065,warzone,AMD Ryzen 7 5800X3D,NVIDIA GTX 1660 Super,12,NVMe,0,1920x1080,low,off,off,low,medium,13,196,74,max_fps,0,0,1,0,0,0,0,0,0,137.42,98.41,78.72,7.277,10.162,50.48,52.0,44.56,56.0
synthetic-00065-04,cfg-00065,warzone,AMD Ryzen 7 5800X3D,NVIDIA GTX 1660 Super,12,NVMe,0,1920x1080,low,off,off,low,medium,13,196,74,max_fps,0,0,0,1,0,0,0,0,0,139.08,102.36,81.89,7.19,9.769,50.15,52.0,44.56,56.0
synthetic-00065-05,cfg-00065,warzone,AMD Ryzen 7 5800X3D,NVIDIA GTX 1660 Super,12,NVMe,0,1920x1080,low,off,off,low,medium,13,196,74,max_fps,0,0,0,0,1,0,0,0,0,141.85,105.66,84.53,7.05,9.464,49.59,52.0,44.56,56.0
synthetic-00065-06,cfg-00065,warzone,AMD Ryzen 7 5800X3D,NVIDIA GTX 1660 Super,12,NVMe,0,1920x1080,low,off,off,low,medium,13,196,74,max_fps,0,0,0,0,0,1,0,0,0,142.93,109.12,87.29,6.997,9.164,49.37,52.0,44.56,56.0
synthetic-00065-07,cfg-00065,warzone,AMD Ryzen 7 5800X3D,NVIDIA GTX 1660 Super,12,NVMe,0,1920x1080,low,off,off,low,medium,13,196,74,max_fps,0,0,0,0,0,0,1,0,0,140.74,103.83,83.06,7.105,9.632,49.81,52.0,44.56,56.0
synthetic-00065-08,cfg-00065,warzone,AMD Ryzen 7 5800X3D,NVIDIA GTX 1660 Super,12,NVMe,0,1920x1080,low,off,off,low,medium,13,196,74,max_fps,0,0,0,0,0,0,0,1,0,142.43,108.25,86.6,7.021,9.238,49.47,52.0,44.56,56.0
synthetic-00065-09,cfg-00065,warzone,AMD Ryzen 7 5800X3D,NVIDIA GTX 1660 Super,12,NVMe,0,1920x1080,low,off,off,low,medium,13,196,74,max_fps,0,0,0,0,0,0,0,0,1,146.14,114.44,91.55,6.843,8.739,48.72,52.0,44.56,56.0
synthetic-00065-10,cfg-00065,warzone,AMD Ryzen 7 5800X3D,NVIDIA GTX 1660 Super,12,NVMe,0,1920x1080,low,off,off,low,medium,13,196,74,max_fps,0,0,1,0,0,1,1,1,0,146.67,116.75,93.4,6.818,8.565,48.61,52.0,44.56,56.0
synthetic-00065-11,cfg-00065,warzone,AMD Ryzen 7 5800X3D,NVIDIA GTX 1660 Super,12,NVMe,0,1920x1080,low,off,off,low,medium,13,196,74,max_fps,1,0,1,1,0,0,0,0,0,139.28,102.58,82.06,7.18,9.749,50.11,52.0,44.56,56.0
synthetic-00065-12,cfg-00065,warzone,AMD Ryzen 7 5800X3D,NVIDIA GTX 1660 Super,12,NVMe,0,1920x1080,low,off,off,low,medium,13,196,74,max_fps,0,0,1,1,1,0,0,0,0,141.05,105.5,84.4,7.09,9.479,49.75,52.0,44.56,56.0
synthetic-00066-00,cfg-00066,valorant,Intel Core i5-9400F,NVIDIA RTX 2060,16,HDD,1,1920x1080,low,off,msaa_4x,low,high,40,159,47,max_fps,0,0,0,0,0,0,0,0,0,156.96,117.52,88.37,6.371,8.509,90.54,52.0,44.56,82.6
synthetic-00066-01,cfg-00066,valorant,Intel Core i5-9400F,NVIDIA RTX 2060,16,HDD,1,1920x1080,low,off,msaa_4x,low,high,40,159,47,max_fps,1,0,0,0,0,0,0,0,0,159.25,123.91,93.18,6.279,8.071,90.13,52.0,44.56,82.6
synthetic-00066-02,cfg-00066,valorant,Intel Core i5-9400F,NVIDIA RTX 2060,16,HDD,1,1920x1080,low,off,msaa_4x,low,high,40,159,47,max_fps,0,1,0,0,0,0,0,0,0,160.97,124.63,93.72,6.212,8.024,89.83,52.0,44.56,82.6
synthetic-00066-03,cfg-00066,valorant,Intel Core i5-9400F,NVIDIA RTX 2060,16,HDD,1,1920x1080,low,off,msaa_4x,low,high,40,159,47,max_fps,0,0,1,0,0,0,0,0,0,160.42,123.28,92.71,6.234,8.112,89.93,52.0,44.56,82.6
synthetic-00066-04,cfg-00066,valorant,Intel Core i5-9400F,NVIDIA RTX 2060,16,HDD,1,1920x1080,low,off,msaa_4x,low,high,40,159,47,max_fps,0,0,0,1,0,0,0,0,0,157.73,118.79,89.33,6.34,8.418,90.4,52.0,44.56,82.6
synthetic-00066-05,cfg-00066,valorant,Intel Core i5-9400F,NVIDIA RTX 2060,16,HDD,1,1920x1080,low,off,msaa_4x,low,high,40,159,47,max_fps,0,0,0,0,1,0,0,0,0,170.46,142.2,106.93,5.866,7.032,88.13,52.0,44.56,82.6
synthetic-00066-06,cfg-00066,valorant,Intel Core i5-9400F,NVIDIA RTX 2060,16,HDD,1,1920x1080,low,off,msaa_4x,low,high,40,159,47,max_fps,0,0,0,0,0,1,0,0,0,166.1,133.66,100.51,6.02,7.482,88.91,52.0,44.56,82.6
synthetic-00066-07,cfg-00066,valorant,Intel Core i5-9400F,NVIDIA RTX 2060,16,HDD,1,1920x1080,low,off,msaa_4x,low,high,40,159,47,max_fps,0,0,0,0,0,0,1,0,0,159.47,121.7,91.52,6.271,8.217,90.09,52.0,44.56,82.6
synthetic-00066-08,cfg-00066,valorant,Intel Core i5-9400F,NVIDIA RTX 2060,16,HDD,1,1920x1080,low,off,msaa_4x,low,high,40,159,47,max_fps,0,0,0,0,0,0,0,1,0,162.69,127.67,96.0,6.147,7.833,89.52,52.0,44.56,82.6
synthetic-00066-09,cfg-00066,valorant,Intel Core i5-9400F,NVIDIA RTX 2060,16,HDD,1,1920x1080,low,off,msaa_4x,low,high,40,159,47,max_fps,0,0,0,0,0,0,0,0,1,162.31,127.01,95.51,6.161,7.873,89.59,52.0,44.56,82.6
synthetic-00066-10,cfg-00066,valorant,Intel Core i5-9400F,NVIDIA RTX 2060,16,HDD,1,1920x1080,low,off,msaa_4x,low,high,40,159,47,max_fps,0,1,1,0,0,1,0,0,1,175.95,152.3,114.53,5.684,6.566,87.15,52.0,44.56,82.6
synthetic-00066-11,cfg-00066,valorant,Intel Core i5-9400F,NVIDIA RTX 2060,16,HDD,1,1920x1080,low,off,msaa_4x,low,high,40,159,47,max_fps,1,1,0,1,1,0,0,0,0,174.75,152.72,114.85,5.722,6.548,87.37,52.0,44.56,82.6
synthetic-00066-12,cfg-00066,valorant,Intel Core i5-9400F,NVIDIA RTX 2060,16,HDD,1,1920x1080,low,off,msaa_4x,low,high,40,159,47,max_fps,0,0,0,1,0,0,0,1,0,163.17,128.46,96.6,6.129,7.784,89.43,52.0,44.56,82.6
synthetic-00067-00,cfg-00067,fortnite,Intel Core i5-9400F,AMD RX 7800 XT,16,NVMe,1,1920x1080,high,off,msaa_4x,high,ultra,137,162,59,balanced,0,0,0,0,0,0,0,0,0,77.76,57.34,43.12,12.86,17.44,93.08,52.0,47.28,82.6
synthetic-00067-01,cfg-00067,fortnite,Intel Core i5-9400F,AMD RX 7800 XT,16,NVMe,1,1920x1080,high,off,msaa_4x,high,ultra,137,162,59,balanced,1,0,0,0,0,0,0,0,0,83.43,68.36,51.41,11.986,14.629,91.04,52.0,47.28,82.6
synthetic-00067-02,cfg-00067,fortnite,Intel Core i5-9400F,AMD RX 7800 XT,16,NVMe,1,1920x1080,high,off,msaa_4x,high,ultra,137,162,59,balanced,0,1,0,0,0,0,0,0,0,80.02,61.51,46.25,12.497,16.259,92.27,52.0,47.28,82.6
synthetic-00067-03,cfg-00067,fortnite,Intel Core i5-9400F,AMD RX 7800 XT,16,NVMe,1,1920x1080,high,off,msaa_4x,high,ultra,137,162,59,balanced,0,0,1,0,0,0,0,0,0,79.47,60.17,45.25,12.584,16.618,92.47,52.0,47.28,82.6
synthetic-00067-04,cfg-00067,fortnite,Intel Core i5-9400F,AMD RX 7800 XT,16,NVMe,1,1920x1080,high,off,msaa_4x,high,ultra,137,162,59,balanced,0,0,0,1,0,0,0,0,0,78.85,62.06,46.67,12.683,16.113,92.69,52.0,47.28,82.6
synthetic-00067-05,cfg-00067,fortnite,Intel Core i5-9400F,AMD RX 7800 XT,16,NVMe,1,1920x1080,high,off,msaa_4x,high,ultra,137,162,59,balanced,0,0,0,0,1,0,0,0,0,84.44,69.49,52.26,11.842,14.39,90.67,52.0,47.28,82.6
synthetic-00067-06,cfg-00067,fortnite,Intel Core i5-9400F,AMD RX 7800 XT,16,NVMe,1,1920x1080,high,off,msaa_4x,high,ultra,137,162,59,balanced,0,0,0,0,0,1,0,0,0,82.62,66.15,49.75,12.104,15.116,91.33,52.0,47.28,82.6
synthetic-00067-07,cfg-00067,fortnite,Intel Core i5-9400F,AMD RX 7800 XT,16,NVMe,1,1920x1080,high,off,msaa_4x,high,ultra,137,162,59,balanced,0,0,0,0,0,0,1,0,0,79.0,59.39,44.66,12.658,16.837,92.63,52.0,47.28,82.6
synthetic-00067-08,cfg-00067,fortnite,Intel Core i5-9400F,AMD RX 7800 XT,16,NVMe,1,1920x1080,high,off,msaa_4x,high,ultra,137,162,59,balanced,0,0,0,0,0,0,0,1,0,81.37,64.22,48.29,12.29,15.572,91.78,52.0,47.28,82.6
synthetic-00067-09,cfg-00067,fortnite,Intel Core i5-9400F,AMD RX 7800 XT,16,NVMe,1,1920x1080,high,off,msaa_4x,high,ultra,137,162,59,balanced,0,0,0,0,0,0,0,0,1,79.79,61.22,46.04,12.533,16.335,92.35,52.0,47.28,82.6
synthetic-00067-10,cfg-00067,fortnite,Intel Core i5-9400F,AMD RX 7800 XT,16,NVMe,1,1920x1080,high,off,msaa_4x,high,ultra,137,162,59,balanced,0,0,0,1,1,1,0,1,0,91.81,87.58,65.86,10.892,11.418,88.02,52.0,47.28,82.6
synthetic-00067-11,cfg-00067,fortnite,Intel Core i5-9400F,AMD RX 7800 XT,16,NVMe,1,1920x1080,high,off,msaa_4x,high,ultra,137,162,59,balanced,0,0,1,1,0,1,0,1,0,87.5,78.5,59.03,11.428,12.738,89.57,52.0,47.28,82.6
synthetic-00067-12,cfg-00067,fortnite,Intel Core i5-9400F,AMD RX 7800 XT,16,NVMe,1,1920x1080,high,off,msaa_4x,high,ultra,137,162,59,balanced,0,0,1,0,1,1,1,0,0,90.3,80.89,60.83,11.074,12.363,88.57,52.0,47.28,82.6
synthetic-00068-00,cfg-00068,fortnite,Intel Core i7-13700K,NVIDIA RTX 2060,24,NVMe,0,2560x1440,medium,off,taa,medium,ultra,102,35,93,balanced,0,0,0,0,0,0,0,0,0,126.88,89.5,71.6,7.882,11.173,54.28,98.2,46.0,64.0
synthetic-00068-01,cfg-00068,fortnite,Intel Core i7-13700K,NVIDIA RTX 2060,24,NVMe,0,2560x1440,medium,off,taa,medium,ultra,102,35,93,balanced,1,0,0,0,0,0,0,0,0,125.86,87.88,70.3,7.945,11.379,54.51,98.2,46.0,64.0
synthetic-00068-02,cfg-00068,fortnite,Intel Core i7-13700K,NVIDIA RTX 2060,24,NVMe,0,2560x1440,medium,off,taa,medium,ultra,102,35,93,balanced,0,1,0,0,0,0,0,0,0,130.31,96.7,77.36,7.674,10.342,53.52,98.2,46.0,64.0
synthetic-00068-03,cfg-00068,fortnite,Intel Core i7-13700K,NVIDIA RTX 2060,24,NVMe,0,2560x1440,medium,off,taa,medium,ultra,102,35,93,balanced,0,0,1,0,0,0,0,0,0,134.11,102.93,82.34,7.457,9.715,52.69,98.2,46.0,64.0
synthetic-00068-04,cfg-00068,fortnite,Intel Core i7-13700K,NVIDIA RTX 2060,24,NVMe,0,2560x1440,medium,off,taa,medium,ultra,102,35,93,balanced,0,0,0,1,0,0,0,0,0,127.39,92.04,73.63,7.85,10.865,54.17,98.2,46.0,64.0
synthetic-00068-05,cfg-00068,fortnite,Intel Core i7-13700K,NVIDIA RTX 2060,24,NVMe,0,2560x1440,medium,off,taa,medium,ultra,102,35,93,balanced,0,0,0,0,1,0,0,0,0,132.21,98.26,78.61,7.564,10.177,53.11,98.2,46.0,64.0
synthetic-00068-06,cfg-00068,fortnite,Intel Core i7-13700K,NVIDIA RTX 2060,24,NVMe,0,2560x1440,medium,off,taa,medium,ultra,102,35,93,balanced,0,0,0,0,0,1,0,0,0,131.76,99.77,79.82,7.59,10.023,53.21,98.2,46.0,64.0
synthetic-00068-07,cfg-00068,fortnite,Intel Core i7-13700K,NVIDIA RTX 2060,24,NVMe,0,2560x1440,medium,off,taa,medium,ultra,102,35,93,balanced,0,0,0,0,0,0,1,0,0,133.73,103.0,82.4,7.478,9.709,52.77,98.2,46.0,64.0
synthetic-00068-08,cfg-00068,fortnite,Intel Core i7-13700K,NVIDIA RTX 2060,24,NVMe,0,2560x1440,medium,off,taa,medium,ultra,102,35,93,balanced,0,0,0,0,0,0,0,1,0,130.23,96.27,77.02,7.679,10.387,53.54,98.2,46.0,64.0
synthetic-00068-09,cfg-00068,fortnite,Intel Core i7-13700K,NVIDIA RTX 2060,24,NVMe,0,2560x1440,medium,off,taa,medium,ultra,102,35,93,balanced,0,0,0,0,0,0,0,0,1,132.73,101.18,80.94,7.534,9.884,52.99,98.2,46.0,64.0
synthetic-00068-10,cfg-00068,fortnite,Intel Core i7-13700K,NVIDIA RTX 2060,24,NVMe,0,2560x1440,medium,off,taa,medium,ultra,102,35,93,balanced,0,0,0,1,0,1,0,0,0,132.02,101.82,81.46,7.574,9.821,53.15,98.2,46.0,64.0
synthetic-00068-11,cfg-00068,fortnite,Intel Core i7-13700K,NVIDIA RTX 2060,24,NVMe,0,2560x1440,medium,off,taa,medium,ultra,102,35,93,balanced,0,0,0,1,1,0,0,0,1,137.51,110.99,88.79,7.272,9.01,51.94,98.2,46.0,64.0
synthetic-00068-12,cfg-00068,fortnite,Intel Core i7-13700K,NVIDIA RTX 2060,24,NVMe,0,2560x1440,medium,off,taa,medium,ultra,102,35,93,balanced,1,0,0,1,0,0,0,0,0,126.39,90.36,72.28,7.912,11.067,54.39,98.2,46.0,64.0
synthetic-00069-00,cfg-00069,cs2,AMD Ryzen 5 3600,NVIDIA GTX 1660 Super,16,SSD,1,3840x2160,high,on,taa,ultra,ultra,76,186,70,balanced,0,0,0,0,0,0,0,0,0,49.71,36.15,26.6,20.115,27.666,49.41,99.0,99.0,85.8
synthetic-00069-01,cfg-00069,cs2,AMD Ryzen 5 3600,NVIDIA GTX 1660 Super,16,SSD,1,3840x2160,high,on,taa,ultra,ultra,76,186,70,balanced,1,0,0,0,0,0,0,0,0,51.11,38.45,28.3,19.567,26.011,48.63,99.0,99.0,85.8
synthetic-00069-02,cfg-00069,cs2,AMD Ryzen 5 3600,NVIDIA GTX 1660 Super,16,SSD,1,3840x2160,high,on,taa,ultra,ultra,76,186,70,balanced,0,1,0,0,0,0,0,0,0,50.72,38.18,28.1,19.715,26.191,48.84,99.0,99.0,85.8
synthetic-00069-03,cfg-00069,cs2,AMD Ryzen 5 3600,NVIDIA GTX 1660 Super,16,SSD,1,3840x2160,high,on,taa,ultra,ultra,76,186,70,balanced,0,0,1,0,0,0,0,0,0,49.32,36.03,26.52,20.277,27.752,49.64,99.0,99.0,85.8
synthetic-00069-04,cfg-00069,cs2,AMD Ryzen 5 3600,NVIDIA GTX 1660 Super,16,SSD,1,3840x2160,high,on,taa,ultra,ultra,76,186,70,balanced,0,0,0,1,0,0,0,0,0,49.91,36.88,27.14,20.035,27.118,49.3,99.0,99.0,85.8
synthetic-00069-05,cfg-00069,cs2,AMD Ryzen 5 3600,NVIDIA GTX 1660 Super,16,SSD,1,3840x2160,high,on,taa,ultra,ultra,76,186,70,balanced,0,0,0,0,1,0,0,0,0,54.39,44.73,32.92,18.387,22.356,46.78,99.0,99.0,85.8
synthetic-00069-06,cfg-00069,cs2,AMD Ryzen 5 3600,NVIDIA GTX 1660 Super,16,SSD,1,3840x2160,high,on,taa,ultra,ultra,76,186,70,balanced,0,0,0,0,0,1,0,0,0,51.22,39.17,28.83,19.522,25.528,48.56,99.0,99.0,85.8
synthetic-00069-07,cfg-00069,cs2,AMD Ryzen 5 3600,NVIDIA GTX 1660 Super,16,SSD,1,3840x2160,high,on,taa,ultra,ultra,76,186,70,balanced,0,0,0,0,0,0,1,0,0,53.57,43.72,32.18,18.666,22.873,47.24,99.0,99.0,85.8
synthetic-00069-08,cfg-00069,cs2,AMD Ryzen 5 3600,NVIDIA GTX 1660 Super,16,SSD,1,3840x2160,high,on,taa,ultra,ultra,76,186,70,balanced,0,0,0,0,0,0,0,1,0,50.62,37.86,27.87,19.754,26.411,48.9,99.0,99.0,85.8
synthetic-00069-09,cfg-00069,cs2,AMD Ryzen 5 3600,NVIDIA GTX 1660 Super,16,SSD,1,3840x2160,high,on,taa,ultra,ultra,76,186,70,balanced,0,0,0,0,0,0,0,0,1,51.33,39.3,28.93,19.48,25.443,48.5,99.0,99.0,85.8
synthetic-00069-10,cfg-00069,cs2,AMD Ryzen 5 3600,NVIDIA GTX 1660 Super,16,SSD,1,3840x2160,high,on,taa,ultra,ultra,76,186,70,balanced,0,0,0,0,0,1,1,0,0,54.84,46.51,34.23,18.235,21.502,46.52,99.0,99.0,85.8
synthetic-00069-11,cfg-00069,cs2,AMD Ryzen 5 3600,NVIDIA GTX 1660 Super,16,SSD,1,3840x2160,high,on,taa,ultra,ultra,76,186,70,balanced,0,0,1,0,0,0,1,1,0,53.69,44.58,32.81,18.625,22.431,47.17,99.0,99.0,85.8
synthetic-00069-12,cfg-00069,cs2,AMD Ryzen 5 3600,NVIDIA GTX 1660 Super,16,SSD,1,3840x2160,high,on,taa,ultra,ultra,76,186,70,balanced,0,0,1,1,1,0,0,0,1,54.99,47.08,34.65,18.187,21.24,46.44,99.0,99.0,85.8
synthetic-00070-00,cfg-00070,cyberpunk_2077,AMD Ryzen 7 7840HS,NVIDIA RTX 3060 Laptop,16,SSD,1,1920x1080,medium,off,msaa_4x,high,medium,163,65,99,balanced,0,0,0,0,0,0,0,0,0,84.17,58.9,43.35,11.881,16.978,55.55,96.0,47.28,85.8
synthetic-00070-01,cfg-00070,cyberpunk_2077,AMD Ryzen 7 7840HS,NVIDIA RTX 3060 Laptop,16,SSD,1,1920x1080,medium,off,msaa_4x,high,medium,163,65,99,balanced,1,0,0,0,0,0,0,0,0,85.01,60.25,44.35,11.763,16.597,55.27,96.0,47.28,85.8
synthetic-00070-02,cfg-00070,cyberpunk_2077,AMD Ryzen 7 7840HS,NVIDIA RTX 3060 Laptop,16,SSD,1,1920x1080,medium,off,msaa_4x,high,medium,163,65,99,balanced,0,1,0,0,0,0,0,0,0,86.6,64.02,47.12,11.548,15.621,54.75,96.0,47.28,85.8
synthetic-00070-03,cfg-00070,cyberpunk_2077,AMD Ryzen 7 7840HS,NVIDIA RTX 3060 Laptop,16,SSD,1,1920x1080,medium,off,msaa_4x,high,medium,163,65,99,balanced,0,0,1,0,0,0,0,0,0,88.97,67.78,49.89,11.24,14.753,53.96,96.0,47.28,85.8
synthetic-00070-04,cfg-00070,cyberpunk_2077,AMD Ryzen 7 7840HS,NVIDIA RTX 3060 Laptop,16,SSD,1,1920x1080,medium,off,msaa_4x,high,medium,163,65,99,balanced,0,0,0,1,0,0,0,0,0,84.51,60.7,44.67,11.834,16.475,55.44,96.0,47.28,85.8
synthetic-00070-05,cfg-00070,cyberpunk_2077,AMD Ryzen 7 7840HS,NVIDIA RTX 3060 Laptop,16,SSD,1,1920x1080,medium,off,msaa_4x,high,medium,163,65,99,balanced,0,0,0,0,1,0,0,0,0,92.08,73.22,53.89,10.86,13.658,52.92,96.0,47.28,85.8
synthetic-00070-06,cfg-00070,cyberpunk_2077,AMD Ryzen 7 7840HS,NVIDIA RTX 3060 Laptop,16,SSD,1,1920x1080,medium,off,msaa_4x,high,medium,163,65,99,balanced,0,0,0,0,0,1,0,0,0,87.59,66.15,48.69,11.417,15.117,54.42,96.0,47.28,85.8
synthetic-00070-07,cfg-00070,cyberpunk_2077,AMD Ryzen 7 7840HS,NVIDIA RTX 3060 Laptop,16,SSD,1,1920x1080,medium,off,msaa_4x,high,medium,163,65,99,balanced,0,0,0,0,0,0,1,0,0,88.71,67.83,49.92,11.272,14.743,54.04,96.0,47.28,85.8
synthetic-00070-08,cfg-00070,cyberpunk_2077,AMD Ryzen 7 7840HS,NVIDIA RTX 3060 Laptop,16,SSD,1,1920x1080,medium,off,msaa_4x,high,medium,163,65,99,balanced,0,0,0,0,0,0,0,1,0,86.32,63.2,46.51,11.585,15.824,54.84,96.0,47.28,85.8
synthetic-00070-09,cfg-00070,cyberpunk_2077,AMD Ryzen 7 7840HS,NVIDIA RTX 3060 Laptop,16,SSD,1,1920x1080,medium,off,msaa_4x,high,medium,163,65,99,balanced,0,0,0,0,0,0,0,0,1,88.35,67.27,49.51,11.319,14.866,54.16,96.0,47.28,85.8
synthetic-00070-10,cfg-00070,cyberpunk_2077,AMD Ryzen 7 7840HS,NVIDIA RTX 3060 Laptop,16,SSD,1,1920x1080,medium,off,msaa_4x,high,medium,163,65,99,balanced,1,1,1,0,0,0,0,0,0,91.51,73.24,53.91,10.928,13.653,53.11,96.0,47.28,85.8
synthetic-00070-11,cfg-00070,cyberpunk_2077,AMD Ryzen 7 7840HS,NVIDIA RTX 3060 Laptop,16,SSD,1,1920x1080,medium,off,msaa_4x,high,medium,163,65,99,balanced,0,1,0,0,0,1,0,1,1,94.69,81.75,60.17,10.56,12.233,52.05,96.0,47.28,85.8
synthetic-00070-12,cfg-00070,cyberpunk_2077,AMD Ryzen 7 7840HS,NVIDIA RTX 3060 Laptop,16,SSD,1,1920x1080,medium,off,msaa_4x,high,medium,163,65,99,balanced,0,1,1,0,1,0,0,1,0,99.12,89.03,65.52,10.089,11.233,50.58,96.0,47.28,85.8
synthetic-00071-00,cfg-00071,cyberpunk_2077,Intel Core i5-12400F,NVIDIA GTX 1660 Super,16,SSD,0,1920x1080,medium,off,off,high,high,93,133,27,max_fps,0,0,0,0,0,0,0,0,0,89.85,68.29,54.63,11.129,14.644,42.0,96.0,47.28,64.0
synthetic-00071-01,cfg-00071,cyberpunk_2077,Intel Core i5-12400F,NVIDIA GTX 1660 Super,16,SSD,0,1920x1080,medium,off,off,high,high,93,133,27,max_fps,1,0,0,0,0,0,0,0,0,92.37,72.53,58.02,10.826,13.788,41.22,96.0,47.28,64.0
synthetic-00071-02,cfg-00071,cyberpunk_2077,Intel Core i5-12400F,NVIDIA GTX 1660 Super,16,SSD,0,1920x1080,medium,off,off,high,high,93,133,27,max_fps,0,1,0,0,0,0,0,0,0,90.75,69.79,55.83,11.019,14.329,41.72,96.0,47.28,64.0
synthetic-00071-03,cfg-00071,cyberpunk_2077,Intel Core i5-12400F,NVIDIA GTX 1660 Super,16,SSD,0,1920x1080,medium,off,off,high,high,93,133,27,max_fps,0,0,1,0,0,0,0,0,0,89.13,68.06,54.45,11.219,14.693,42.22,96.0,47.28,64.0
synthetic-00071-04,cfg-00071,cyberpunk_2077,Intel Core i5-12400F,NVIDIA GTX 1660 Super,16,SSD,0,1920x1080,medium,off,off,high,high,93,133,27,max_fps,0,0,0,1,0,0,0,0,0,90.21,68.88,55.11,11.085,14.517,41.89,96.0,47.28,64.0
synthetic-00071-05,cfg-00071,cyberpunk_2077,Intel Core i5-12400F,NVIDIA GTX 1660 Super,16,SSD,0,1920x1080,medium,off,off,high,high,93,133,27,max_fps,0,0,0,0,1,0,0,0,0,93.63,74.69,59.76,10.681,13.388,40.82,96.0,47.28,64.0
synthetic-00071-06,cfg-00071,cyberpunk_2077,Intel Core i5-12400F,NVIDIA GTX 1660 Super,16,SSD,0,1920x1080,medium,off,off,high,high,93,133,27,max_fps,0,0,0,0,0,1,0,0,0,91.47,71.0,56.8,10.933,14.085,41.5,96.0,47.28,64.0
synthetic-00071-07,cfg-00071,cyberpunk_2077,Intel Core i5-12400F,NVIDIA GTX 1660 Super,16,SSD,0,1920x1080,medium,off,off,high,high,93,133,27,max_fps,0,0,0,0,0,0,1,0,0,94.7,78.11,62.49,10.559,12.802,40.49,96.0,47.28,64.0
synthetic-00071-08,cfg-00071,cyberpunk_2077,Intel Core i5-12400F,NVIDIA GTX 1660 Super,16,SSD,0,1920x1080,medium,off,off,high,high,93,133,27,max_fps,0,0,0,0,0,0,0,1,0,92.14,73.01,58.41,10.853,13.696,41.29,96.0,47.28,64.0
synthetic-00071-09,cfg-00071,cyberpunk_2077,Intel Core i5-12400F,NVIDIA GTX 1660 Super,16,SSD,0,1920x1080,medium,off,off,high,high,93,133,27,max_fps,0,0,0,0,0,0,0,0,1,90.93,70.09,56.07,10.998,14.268,41.66,96.0,47.28,64.0
synthetic-00071-10,cfg-00071,cyberpunk_2077,Intel Core i5-12400F,NVIDIA GTX 1660 Super,16,SSD,0,1920x1080,medium,off,off,high,high,93,133,27,max_fps,0,1,0,0,0,1,1,0,0,96.56,81.29,65.03,10.357,12.302,39.91,96.0,47.28,64.0
synthetic-00071-11,cfg-00071,cyberpunk_2077,Intel Core i5-12400F,NVIDIA GTX 1660 Super,16,SSD,0,1920x1080,medium,off,off,high,high,93,133,27,max_fps,0,1,0,1,1,0,1,0,0,98.4,84.59,67.67,10.163,11.822,39.34,96.0,47.28,64.0
synthetic-00071-12,cfg-00071,cyberpunk_2077,Intel Core i5-12400F,NVIDIA GTX 1660 Super,16,SSD,0,1920x1080,medium,off,off,high,high,93,133,27,max_fps,0,0,0,0,1,1,0,1,0,96.84,81.21,64.97,10.326,12.313,39.82,96.0,47.28,64.0
synthetic-00072-00,cfg-00072,fortnite,AMD Ryzen 5 3600,NVIDIA RTX 4060,24,HDD,0,1920x1080,high,off,msaa_4x,medium,low,22,90,65,balanced,0,0,0,0,0,0,0,0,0,145.64,106.57,85.26,6.866,9.383,94.35,52.0,46.0,64.0
synthetic-00072-01,cfg-00072,fortnite,AMD Ryzen 5 3600,NVIDIA RTX 4060,24,HDD,0,1920x1080,high,off,msaa_4x,medium,low,22,90,65,balanced,1,0,0,0,0,0,0,0,0,156.27,127.15,101.72,6.399,7.865,92.31,52.0,46.0,64.0
synthetic-00072-02,cfg-00072,fortnite,AMD Ryzen 5 3600,NVIDIA RTX 4060,24,HDD,0,1920x1080,high,off,msaa_4x,medium,low,22,90,65,balanced,0,1,0,0,0,0,0,0,0,150.13,114.98,91.98,6.661,8.697,93.49,52.0,46.0,64.0
synthetic-00072-03,cfg-00072,fortnite,AMD Ryzen 5 3600,NVIDIA RTX 4060,24,HDD,0,1920x1080,high,off,msaa_4x,medium,low,22,90,65,balanced,0,0,1,0,0,0,0,0,0,148.84,111.87,89.49,6.718,8.939,93.74,52.0,46.0,64.0
synthetic-00072-04,cfg-00072,fortnite,AMD Ryzen 5 3600,NVIDIA RTX 4060,24,HDD,0,1920x1080,high,off,msaa_4x,medium,low,22,90,65,balanced,0,0,0,1,0,0,0,0,0,147.68,115.61,92.49,6.771,8.65,93.96,52.0,46.0,64.0
synthetic-00072-05,cfg-00072,fortnite,AMD Ryzen 5 3600,NVIDIA RTX 4060,24,HDD,0,1920x1080,high,off,msaa_4x,medium,low,22,90,65,balanced,0,0,0,0,1,0,0,0,0,151.76,116.79,93.43,6.589,8.563,93.18,52.0,46.0,64.0
synthetic-00072-06,cfg-00072,fortnite,AMD Ryzen 5 3600,NVIDIA RTX 4060,24,HDD,0,1920x1080,high,off,msaa_4x,medium,low,22,90,65,balanced,0,0,0,0,0,1,0,0,0,155.05,123.85,99.08,6.45,8.074,92.54,52.0,46.0,64.0
synthetic-00072-07,cfg-00072,fortnite,AMD Ryzen 5 3600,NVIDIA RTX 4060,24,HDD,0,1920x1080,high,off,msaa_4x,medium,low,22,90,65,balanced,0,0,0,0,0,0,1,0,0,147.97,110.41,88.33,6.758,9.057,93.9,52.0,46.0,64.0
synthetic-00072-08,cfg-00072,fortnite,AMD Ryzen 5 3600,NVIDIA RTX 4060,24,HDD,0,1920x1080,high,off,msaa_4x,medium,low,22,90,65,balanced,0,0,0,0,0,0,0,1,0,152.4,119.42,95.54,6.562,8.374,93.05,52.0,46.0,64.0
synthetic-00072-09,cfg-00072,fortnite,AMD Ryzen 5 3600,NVIDIA RTX 4060,24,HDD,0,1920x1080,high,off,msaa_4x,medium,low,22,90,65,balanced,0,0,0,0,0,0,0,0,1,152.14,118.65,94.92,6.573,8.428,93.1,52.0,46.0,64.0
synthetic-00072-10,cfg-00072,fortnite,AMD Ryzen 5 3600,NVIDIA RTX 4060,24,HDD,0,1920x1080,high,off,msaa_4x,medium,low,22,90,65,balanced,1,0,0,1,1,0,0,0,1,167.52,154.3,123.44,5.97,6.481,90.15,52.0,46.0,64.0
synthetic-00072-11,cfg-00072,fortnite,AMD Ryzen 5 3600,NVIDIA RTX 4060,24,HDD,0,1920x1080,high,off,msaa_4x,medium,low,22,90,65,balanced,0,1,0,0,0,1,0,0,0,158.91,131.63,105.3,6.293,7.597,91.8,52.0,46.0,64.0
synthetic-00072-12,cfg-00072,fortnite,AMD Ryzen 5 3600,NVIDIA RTX 4060,24,HDD,0,1920x1080,high,off,msaa_4x,medium,low,22,90,65,balanced,1,1,0,1,0,0,0,0,1,166.11,152.47,121.98,6.02,6.559,90.42,52.0,46.0,64.0
synthetic-00073-00,cfg-00073,valorant,AMD Ryzen 5 5600X,NVIDIA GTX 1660 Super,12,NVMe,1,1920x1080,medium,on,msaa_4x,low,medium,81,118,37,max_fps,0,0,0,0,0,0,0,0,0,144.0,109.17,82.1,6.944,9.16,88.42,52.0,44.56,82.6
synthetic-00073-01,cfg-00073,valorant,AMD Ryzen 5 5600X,NVIDIA GTX 1660 Super,12,NVMe,1,1920x1080,medium,on,msaa_4x,low,medium,81,118,37,max_fps,1,0,0,0,0,0,0,0,0,144.0,113.39,85.27,6.944,8.819,88.01,52.0,44.56,82.6
synthetic-00073-02,cfg-00073,valorant,AMD Ryzen 5 5600X,NVIDIA GTX 1660 Super,12,NVMe,1,1920x1080,medium,on,msaa_4x,low,medium,81,118,37,max_fps,0,1,0,0,0,0,0,0,0,144.0,112.16,84.34,6.944,8.916,87.79,52.0,44.56,82.6
synthetic-00073-03,cfg-00073,valorant,AMD Ryzen 5 5600X,NVIDIA GTX 1660 Super,12,NVMe,1,1920x1080,medium,on,msaa_4x,low,medium,81,118,37,max_fps,0,0,1,0,0,0,0,0,0,144.0,108.13,81.32,6.944,9.248,88.65,52.0,44.56,82.6
synthetic-00073-04,cfg-00073,valorant,AMD Ryzen 5 5600X,NVIDIA GTX 1660 Super,12,NVMe,1,1920x1080,medium,on,msaa_4x,low,medium,81,118,37,max_fps,0,0,0,1,0,0,0,0,0,144.0,109.8,82.57,6.944,9.107,88.29,52.0,44.56,82.6
synthetic-00073-05,cfg-00073,valorant,AMD Ryzen 5 5600X,NVIDIA GTX 1660 Super,12,NVMe,1,1920x1080,medium,on,msaa_4x,low,medium,81,118,37,max_fps,0,0,0,0,1,0,0,0,0,144.0,121.48,91.35,6.944,8.232,86.02,52.0,44.56,82.6
synthetic-00073-06,cfg-00073,valorant,AMD Ryzen 5 5600X,NVIDIA GTX 1660 Super,12,NVMe,1,1920x1080,medium,on,msaa_4x,low,medium,81,118,37,max_fps,0,0,0,0,0,1,0,0,0,144.0,116.34,87.49,6.944,8.595,86.89,52.0,44.56,82.6
synthetic-00073-07,cfg-00073,valorant,AMD Ryzen 5 5600X,NVIDIA GTX 1660 Super,12,NVMe,1,1920x1080,medium,on,msaa_4x,low,medium,81,118,37,max_fps,0,0,0,0,0,0,1,0,0,144.0,111.24,83.65,6.944,8.989,87.98,52.0,44.56,82.6
synthetic-00073-08,cfg-00073,valorant,AMD Ryzen 5 5600X,NVIDIA GTX 1660 Super,12,NVMe,1,1920x1080,medium,on,msaa_4x,low,medium,81,118,37,max_fps,0,0,0,0,0,0,0,1,0,144.0,114.35,85.99,6.944,8.745,87.4,52.0,44.56,82.6
synthetic-00073-09,cfg-00073,valorant,AMD Ryzen 5 5600X,NVIDIA GTX 1660 Super,12,NVMe,1,1920x1080,medium,on,msaa_4x,low,medium,81,118,37,max_fps,0,0,0,0,0,0,0,0,1,144.0,113.54,85.39,6.944,8.807,87.49,52.0,44.56,82.6
synthetic-00073-10,cfg-00073,valorant,AMD Ryzen 5 5600X,NVIDIA GTX 1660 Super,12,NVMe,1,1920x1080,medium,on,msaa_4x,low,medium,81,118,37,max_fps,0,1,0,0,0,0,0,1,0,144.0,116.97,87.96,6.944,8.549,86.84,52.0,44.56,82.6
synthetic-00073-11,cfg-00073,valorant,AMD Ryzen 5 5600X,NVIDIA GTX 1660 Super,12,NVMe,1,1920x1080,medium,on,msaa_4x,low,medium,81,118,37,max_fps,0,0,0,0,0,0,1,1,0,144.0,116.1,87.31,6.944,8.613,87.02,52.0,44.56,82.6
synthetic-00073-12,cfg-00073,valorant,AMD Ryzen 5 5600X,NVIDIA GTX 1660 Super,12,NVMe,1,1920x1080,medium,on,msaa_4x,low,medium,81,118,37,max_fps,0,0,0,1,0,1,0,0,0,144.0,116.63,87.7,6.944,8.574,86.83,52.0,44.56,82.6
synthetic-00074-00,cfg-00074,cyberpunk_2077,Intel Core i5-9400F,NVIDIA RTX 4070,16,NVMe,1,1920x1080,medium,on,taa,low,medium,73,190,61,max_fps,0,0,0,0,0,0,0,0,0,94.76,69.7,52.41,10.553,14.347,93.51,52.0,44.56,82.6
synthetic-00074-01,cfg-00074,cyberpunk_2077,Intel Core i5-9400F,NVIDIA RTX 4070,16,NVMe,1,1920x1080,medium,on,taa,low,medium,73,190,61,max_fps,1,0,0,0,0,0,0,0,0,101.68,83.11,62.5,9.835,12.032,91.46,52.0,44.56,82.6
synthetic-00074-02,cfg-00074,cyberpunk_2077,Intel Core i5-9400F,NVIDIA RTX 4070,16,NVMe,1,1920x1080,medium,on,taa,low,medium,73,190,61,max_fps,0,1,0,0,0,0,0,0,0,97.57,74.91,56.33,10.249,13.35,92.68,52.0,44.56,82.6
synthetic-00074-03,cfg-00074,cyberpunk_2077,Intel Core i5-9400F,NVIDIA RTX 4070,16,NVMe,1,1920x1080,medium,on,taa,low,medium,73,190,61,max_fps,0,0,1,0,0,0,0,0,0,96.84,73.15,55.01,10.326,13.671,92.89,52.0,44.56,82.6
synthetic-00074-04,cfg-00074,cyberpunk_2077,Intel Core i5-9400F,NVIDIA RTX 4070,16,NVMe,1,1920x1080,medium,on,taa,low,medium,73,190,61,max_fps,0,0,0,1,0,0,0,0,0,96.09,75.49,56.77,10.407,13.246,93.11,52.0,44.56,82.6
synthetic-00074-05,cfg-00074,cyberpunk_2077,Intel Core i5-9400F,NVIDIA RTX 4070,16,NVMe,1,1920x1080,medium,on,taa,low,medium,73,190,61,max_fps,0,0,0,0,1,0,0,0,0,102.91,84.49,63.54,9.717,11.836,91.1,52.0,44.56,82.6
synthetic-00074-06,cfg-00074,cyberpunk_2077,Intel Core i5-9400F,NVIDIA RTX 4070,16,NVMe,1,1920x1080,medium,on,taa,low,medium,73,190,61,max_fps,0,0,0,0,0,1,0,0,0,100.75,80.61,60.62,9.926,12.406,91.74,52.0,44.56,82.6
synthetic-00074-07,cfg-00074,cyberpunk_2077,Intel Core i5-9400F,NVIDIA RTX 4070,16,NVMe,1,1920x1080,medium,on,taa,low,medium,73,190,61,max_fps,0,0,0,0,0,0,1,0,0,96.28,72.2,54.29,10.387,13.85,93.06,52.0,44.56,82.6
synthetic-00074-08,cfg-00074,cyberpunk_2077,Intel Core i5-9400F,NVIDIA RTX 4070,16,NVMe,1,1920x1080,medium,on,taa,low,medium,73,190,61,max_fps,0,0,0,0,0,0,0,1,0,99.07,77.86,58.55,10.094,12.843,92.23,52.0,44.56,82.6
synthetic-00074-09,cfg-00074,cyberpunk_2077,Intel Core i5-9400F,NVIDIA RTX 4070,16,NVMe,1,1920x1080,medium,on,taa,low,medium,73,190,61,max_fps,0,0,0,0,0,0,0,0,1,97.35,74.66,56.15,10.273,13.394,92.74,52.0,44.56,82.6
synthetic-00074-10,cfg-00074,cyberpunk_2077,Intel Core i5-9400F,NVIDIA RTX 4070,16,NVMe,1,1920x1080,medium,on,taa,low,medium,73,190,61,max_fps,1,0,0,1,0,0,1,0,0,103.64,90.04,67.71,9.649,11.106,90.88,52.0,44.56,82.6
synthetic-00074-11,cfg-00074,cyberpunk_2077,Intel Core i5-9400F,NVIDIA RTX 4070,16,NVMe,1,1920x1080,medium,on,taa,low,medium,73,190,61,max_fps,0,0,0,0,0,0,1,0,1,98.68,76.9,57.83,10.134,13.004,92.35,52.0,44.56,82.6
synthetic-00074-12,cfg-00074,cyberpunk_2077,Intel Core i5-9400F,NVIDIA RTX 4070,16,NVMe,1,1920x1080,medium,on,taa,low,medium,73,190,61,max_fps,0,0,0,1,0,0,0,0,1,98.5,80.12,60.25,10.153,12.481,92.4,52.0,44.56,82.6
synthetic-00075-00,cfg-00075,fortnite,AMD Ryzen 7 5800X3D,NVIDIA RTX 4070,8,NVMe,1,1280x720,high,off,msaa_4x,ultra,low,12,57,78,balanced,0,0,0,0,0,0,0,0,0,213.96,153.95,115.77,4.674,6.496,97.11,50.88,48.56,82.6
synthetic-00075-01,cfg-00075,fortnite,AMD Ryzen 7 5800X3D,NVIDIA RTX 4070,8,NVMe,1,1280x720,high,off,msaa_4x,ultra,low,12,57,78,balanced,1,0,0,0,0,0,0,0,0,225.73,177.25,133.29,4.43,5.642,95.57,50.88,48.56,82.6
synthetic-00075-02,cfg-00075,fortnite,AMD Ryzen 7 5800X3D,NVIDIA RTX 4070,8,NVMe,1,1280x720,high,off,msaa_4x,ultra,low,12,57,78,balanced,0,1,0,0,0,0,0,0,0,221.37,168.2,126.49,4.517,5.945,96.14,50.88,48.56,82.6
synthetic-00075-03,cfg-00075,fortnite,AMD Ryzen 7 5800X3D,NVIDIA RTX 4070,8,NVMe,1,1280x720,high,off,msaa_4x,ultra,low,12,57,78,balanced,0,0,1,0,0,0,0,0,0,218.67,161.67,121.57,4.573,6.186,96.49,50.88,48.56,82.6
synthetic-00075-04,cfg-00075,fortnite,AMD Ryzen 7 5800X3D,NVIDIA RTX 4070,8,NVMe,1,1280x720,high,off,msaa_4x,ultra,low,12,57,78,balanced,0,0,0,1,0,0,0,0,0,216.95,167.85,126.22,4.609,5.958,96.71,50.88,48.56,82.6
synthetic-00075-05,cfg-00075,fortnite,AMD Ryzen 7 5800X3D,NVIDIA RTX 4070,8,NVMe,1,1280x720,high,off,msaa_4x,ultra,low,12,57,78,balanced,0,0,0,0,1,0,0,0,0,232.36,187.06,140.67,4.304,5.346,94.7,50.88,48.56,82.6
synthetic-00075-06,cfg-00075,fortnite,AMD Ryzen 7 5800X3D,NVIDIA RTX 4070,8,NVMe,1,1280x720,high,off,msaa_4x,ultra,low,12,57,78,balanced,0,0,0,0,0,1,0,0,0,228.76,181.76,136.68,4.371,5.502,95.17,50.88,48.56,82.6
synthetic-00075-07,cfg-00075,fortnite,AMD Ryzen 7 5800X3D,NVIDIA RTX 4070,8,NVMe,1,1280x720,high,off,msaa_4x,ultra,low,12,57,78,balanced,0,0,0,0,0,0,1,0,0,217.38,159.54,119.98,4.6,6.268,96.66,50.88,48.56,82.6
synthetic-00075-08,cfg-00075,fortnite,AMD Ryzen 7 5800X3D,NVIDIA RTX 4070,8,NVMe,1,1280x720,high,off,msaa_4x,ultra,low,12,57,78,balanced,0,0,0,0,0,0,0,1,0,223.89,172.7,129.87,4.467,5.79,95.81,50.88,48.56,82.6
synthetic-00075-09,cfg-00075,fortnite,AMD Ryzen 7 5800X3D,NVIDIA RTX 4070,8,NVMe,1,1280x720,high,off,msaa_4x,ultra,low,12,57,78,balanced,0,0,0,0,0,0,0,0,1,226.22,177.01,133.11,4.421,5.649,95.5,50.88,48.56,82.6
synthetic-00075-10,cfg-00075,fortnite,AMD Ryzen 7 5800X3D,NVIDIA RTX 4070,8,NVMe,1,1280x720,high,off,msaa_4x,ultra,low,12,57,78,balanced,0,0,0,0,0,0,1,1,0,226.71,177.47,133.45,4.411,5.635,95.44,50.88,48.56,82.6
synthetic-00075-11,cfg-00075,fortnite,AMD Ryzen 7 5800X3D,NVIDIA RTX 4070,8,NVMe,1,1280x720,high,off,msaa_4x,ultra,low,12,57,78,balanced,0,0,0,1,0,1,0,1,1,248.54,231.27,173.92,4.023,4.324,92.58,50.88,48.56,82.6
synthetic-00075-12,cfg-00075,fortnite,AMD Ryzen 7 5800X3D,NVIDIA RTX 4070,8,NVMe,1,1280x720,high,off,msaa_4x,ultra,low,12,57,78,balanced,0,1,0,0,0,1,0,1,0,243.21,211.99,159.41,4.112,4.717,93.28,50.88,48.56,82.6
synthetic-00076-00,cfg-00076,valorant,Intel Core i5-9400F,NVIDIA GTX 1660 Super,8,SSD,0,3840x2160,high,off,off,high,ultra,76,158,44,quality,0,0,0,0,0,0,0,0,0,85.1,63.95,51.16,11.751,15.636,89.91,60.4,99.0,64.0
synthetic-00076-01,cfg-00076,valorant,Intel Core i5-9400F,NVIDIA GTX 1660 Super,8,SSD,0,3840x2160,high,off,off,high,ultra,76,158,44,quality,1,0,0,0,0,0,0,0,0,86.34,67.42,53.94,11.582,14.832,89.5,60.4,99.0,64.0
synthetic-00076-02,cfg-00076,valorant,Intel Core i5-9400F,NVIDIA GTX 1660 Super,8,SSD,0,3840x2160,high,off,off,high,ultra,76,158,44,quality,0,1,0,0,0,0,0,0,0,87.2,67.63,54.11,11.468,14.786,89.22,60.4,99.0,64.0
synthetic-00076-03,cfg-00076,valorant,Intel Core i5-9400F,NVIDIA GTX 1660 Super,8,SSD,0,3840x2160,high,off,off,high,ultra,76,158,44,quality,0,0,1,0,0,0,0,0,0,84.42,62.84,50.27,11.846,15.915,90.13,60.4,99.0,64.0
synthetic-00076-04,cfg-00076,valorant,Intel Core i5-9400F,NVIDIA GTX 1660 Super,8,SSD,0,3840x2160,high,off,off,high,ultra,76,158,44,quality,0,0,0,1,0,0,0,0,0,85.52,64.65,51.72,11.694,15.469,89.77,60.4,99.0,64.0
synthetic-00076-05,cfg-00076,valorant,Intel Core i5-9400F,NVIDIA GTX 1660 Super,8,SSD,0,3840x2160,high,off,off,high,ultra,76,158,44,quality,0,0,0,0,1,0,0,0,0,88.67,69.99,55.99,11.277,14.287,88.73,60.4,99.0,64.0
synthetic-00076-06,cfg-00076,valorant,Intel Core i5-9400F,NVIDIA GTX 1660 Super,8,SSD,0,3840x2160,high,off,off,high,ultra,76,158,44,quality,0,0,0,0,0,1,0,0,0,89.96,72.48,57.98,11.115,13.797,88.3,60.4,99.0,64.0
synthetic-00076-07,cfg-00076,valorant,Intel Core i5-9400F,NVIDIA GTX 1660 Super,8,SSD,0,3840x2160,high,off,off,high,ultra,76,158,44,quality,0,0,0,0,0,0,1,0,0,88.07,70.31,56.25,11.354,14.222,88.93,60.4,99.0,64.0
synthetic-00076-08,cfg-00076,valorant,Intel Core i5-9400F,NVIDIA GTX 1660 Super,8,SSD,0,3840x2160,high,off,off,high,ultra,76,158,44,quality,0,0,0,0,0,0,0,1,0,88.21,69.46,55.57,11.337,14.396,88.88,60.4,99.0,64.0
synthetic-00076-09,cfg-00076,valorant,Intel Core i5-9400F,NVIDIA GTX 1660 Super,8,SSD,0,3840x2160,high,off,off,high,ultra,76,158,44,quality,0,0,0,0,0,0,0,0,1,88.27,69.51,55.61,11.328,14.386,88.86,60.4,99.0,64.0
synthetic-00076-10,cfg-00076,valorant,Intel Core i5-9400F,NVIDIA GTX 1660 Super,8,SSD,0,3840x2160,high,off,off,high,ultra,76,158,44,quality,0,0,0,0,1,1,0,0,1,95.67,83.03,66.42,10.453,12.044,86.43,60.4,99.0,64.0
synthetic-00076-11,cfg-00076,valorant,Intel Core i5-9400F,NVIDIA GTX 1660 Super,8,SSD,0,3840x2160,high,off,off,high,ultra,76,158,44,quality,0,0,1,0,0,1,0,0,0,89.1,70.95,56.76,11.224,14.094,88.59,60.4,99.0,64.0
synthetic-00076-12,cfg-00076,valorant,Intel Core i5-9400F,NVIDIA GTX 1660 Super,8,SSD,0,3840x2160,high,off,off,high,ultra,76,158,44,quality,1,0,1,0,0,0,0,1,1,91.02,75.81,60.65,10.987,13.191,87.96,60.4,99.0,64.0
synthetic-00077-00,cfg-00077,warzone,AMD Ryzen 5 5600X,AMD RX 6600,12,NVMe,0,2560x1440,medium,off,taa,high,ultra,112,108,44,balanced,0,0,0,0,0,0,0,0,0,82.03,61.64,49.32,12.191,16.222,43.91,98.2,47.28,64.0
synthetic-00077-01,cfg-00077,warzone,AMD Ryzen 5 5600X,AMD RX 6600,12,NVMe,0,2560x1440,medium,off,taa,high,ultra,112,108,44,balanced,1,0,0,0,0,0,0,0,0,84.32,65.5,52.4,11.859,15.268,43.12,98.2,47.28,64.0
synthetic-00077-02,cfg-00077,warzone,AMD Ryzen 5 5600X,AMD RX 6600,12,NVMe,0,2560x1440,medium,off,taa,high,ultra,112,108,44,balanced,0,1,0,0,0,0,0,0,0,83.06,63.53,50.82,12.039,15.741,43.55,98.2,47.28,64.0
synthetic-00077-03,cfg-00077,warzone,AMD Ryzen 5 5600X,AMD RX 6600,12,NVMe,0,2560x1440,medium,off,taa,high,ultra,112,108,44,balanced,0,0,1,0,0,0,0,0,0,86.7,70.54,56.43,11.534,14.176,42.31,98.2,47.28,64.0
synthetic-00077-04,cfg-00077,warzone,AMD Ryzen 5 5600X,AMD RX 6600,12,NVMe,0,2560x1440,medium,off,taa,high,ultra,112,108,44,balanced,0,0,0,1,0,0,0,0,0,82.35,62.36,49.89,12.143,16.036,43.79,98.2,47.28,64.0
synthetic-00077-05,cfg-00077,warzone,AMD Ryzen 5 5600X,AMD RX 6600,12,NVMe,0,2560x1440,medium,off,taa,high,ultra,112,108,44,balanced,0,0,0,0,1,0,0,0,0,85.47,67.46,53.97,11.7,14.823,42.73,98.2,47.28,64.0
synthetic-00077-06,cfg-00077,warzone,AMD Ryzen 5 5600X,AMD RX 6600,12,NVMe,0,2560x1440,medium,off,taa,high,ultra,112,108,44,balanced,0,0,0,0,0,1,0,0,0,83.76,64.77,51.82,11.938,15.439,43.31,98.2,47.28,64.0
synthetic-00077-07,cfg-00077,warzone,AMD Ryzen 5 5600X,AMD RX 6600,12,NVMe,0,2560x1440,medium,off,taa,high,ultra,112,108,44,balanced,0,0,0,0,0,0,1,0,0,86.46,70.58,56.46,11.567,14.169,42.39,98.2,47.28,64.0
synthetic-00077-08,cfg-00077,warzone,AMD Ryzen 5 5600X,AMD RX 6600,12,NVMe,0,2560x1440,medium,off,taa,high,ultra,112,108,44,balanced,0,0,0,0,0,0,0,1,0,84.34,66.48,53.18,11.857,15.042,43.12,98.2,47.28,64.0
synthetic-00077-09,cfg-00077,warzone,AMD Ryzen 5 5600X,AMD RX 6600,12,NVMe,0,2560x1440,medium,off,taa,high,ultra,112,108,44,balanced,0,0,0,0,0,0,0,0,1,85.09,67.0,53.6,11.753,14.925,42.86,98.2,47.28,64.0
synthetic-00077-10,cfg-00077,warzone,AMD Ryzen 5 5600X,AMD RX 6600,12,NVMe,0,2560x1440,medium,off,taa,high,ultra,112,108,44,balanced,1,0,1,0,1,0,0,1,0,93.04,82.94,66.35,10.748,12.056,40.15,98.2,47.28,64.0
synthetic-00077-11,cfg-00077,warzone,AMD Ryzen 5 5600X,AMD RX 6600,12,NVMe,0,2560x1440,medium,off,taa,high,ultra,112,108,44,balanced,0,0,1,0,0,0,1,0,1,93.1,83.76,67.01,10.742,11.939,40.13,98.2,47.28,64.0
synthetic-00077-12,cfg-00077,warzone,AMD Ryzen 5 5600X,AMD RX 6600,12,NVMe,0,2560x1440,medium,off,taa,high,ultra,112,108,44,balanced,1,0,0,1,0,1,0,0,1,88.45,73.25,58.6,11.306,13.653,41.71,98.2,47.28,64.0
synthetic-00078-00,cfg-00078,valorant,Intel Core i7-12700H,AMD RX 7800 XT,16,SSD,1,1920x1080,high,off,msaa_4x,low,ultra,28,132,34,quality,0,0,0,0,0,0,0,0,0,247.89,188.39,141.67,4.034,5.308,88.0,52.0,44.56,82.6
synthetic-00078-01,cfg-00078,valorant,Intel Core i7-12700H,AMD RX 7800 XT,16,SSD,1,1920x1080,high,off,msaa_4x,low,ultra,28,132,34,quality,1,0,0,0,0,0,0,0,0,250.61,197.01,148.15,3.99,5.076,87.69,52.0,44.56,82.6
synthetic-00078-02,cfg-00078,valorant,Intel Core i7-12700H,AMD RX 7800 XT,16,SSD,1,1920x1080,high,off,msaa_4x,low,ultra,28,132,34,quality,0,1,0,0,0,0,0,0,0,253.34,197.55,148.56,3.947,5.062,87.38,52.0,44.56,82.6
synthetic-00078-03,cfg-00078,valorant,Intel Core i7-12700H,AMD RX 7800 XT,16,SSD,1,1920x1080,high,off,msaa_4x,low,ultra,28,132,34,quality,0,0,1,0,0,0,0,0,0,253.34,197.55,148.56,3.947,5.062,87.38,52.0,44.56,82.6
synthetic-00078-04,cfg-00078,valorant,Intel Core i7-12700H,AMD RX 7800 XT,16,SSD,1,1920x1080,high,off,msaa_4x,low,ultra,28,132,34,quality,0,0,0,1,0,0,0,0,0,249.1,190.42,143.19,4.014,5.252,87.86,52.0,44.56,82.6
synthetic-00078-05,cfg-00078,valorant,Intel Core i7-12700H,AMD RX 7800 XT,16,SSD,1,1920x1080,high,off,msaa_4x,low,ultra,28,132,34,quality,0,0,0,0,1,0,0,0,0,269.21,227.61,171.17,3.715,4.393,85.59,52.0,44.56,82.6
synthetic-00078-06,cfg-00078,valorant,Intel Core i7-12700H,AMD RX 7800 XT,16,SSD,1,1920x1080,high,off,msaa_4x,low,ultra,28,132,34,quality,0,0,0,0,0,1,0,0,0,261.27,211.27,158.87,3.827,4.733,86.49,52.0,44.56,82.6
synthetic-00078-07,cfg-00078,valorant,Intel Core i7-12700H,AMD RX 7800 XT,16,SSD,1,1920x1080,high,off,msaa_4x,low,ultra,28,132,34,quality,0,0,0,0,0,0,1,0,0,251.85,195.04,146.67,3.971,5.127,87.55,52.0,44.56,82.6
synthetic-00078-08,cfg-00078,valorant,Intel Core i7-12700H,AMD RX 7800 XT,16,SSD,1,1920x1080,high,off,msaa_4x,low,ultra,28,132,34,quality,0,0,0,0,0,0,0,1,0,256.93,204.52,153.8,3.892,4.889,86.98,52.0,44.56,82.6
synthetic-00078-09,cfg-00078,valorant,Intel Core i7-12700H,AMD RX 7800 XT,16,SSD,1,1920x1080,high,off,msaa_4x,low,ultra,28,132,34,quality,0,0,0,0,0,0,0,0,1,250.86,193.36,145.41,3.986,5.172,87.66,52.0,44.56,82.6
synthetic-00078-10,cfg-00078,valorant,Intel Core i7-12700H,AMD RX 7800 XT,16,SSD,1,1920x1080,high,off,msaa_4x,low,ultra,28,132,34,quality,1,0,1,0,0,0,1,1,0,266.22,224.5,168.83,3.756,4.454,85.93,52.0,44.56,82.6
synthetic-00078-11,cfg-00078,valorant,Intel Core i7-12700H,AMD RX 7800 XT,16,SSD,1,1920x1080,high,off,msaa_4x,low,ultra,28,132,34,quality,0,0,0,1,0,1,1,0,1,266.52,220.59,165.88,3.752,4.533,85.9,52.0,44.56,82.6
synthetic-00078-12,cfg-00078,valorant,Intel Core i7-12700H,AMD RX 7800 XT,16,SSD,1,1920x1080,high,off,msaa_4x,low,ultra,28,132,34,quality,0,0,0,0,1,0,1,0,1,273.6,235.5,177.1,3.655,4.246,85.1,52.0,44.56,82.6
synthetic-00079-00,cfg-00079,apex_legends,AMD Ryzen 7 7840HS,NVIDIA RTX 4070,16,SSD,1,2560x1440,high,on,taa,low,ultra,52,57,77,quality,0,0,0,0,0,0,0,0,0,60.0,43.23,31.82,16.667,23.133,50.89,98.2,44.56,85.8
synthetic-00079-01,cfg-00079,apex_legends,AMD Ryzen 7 7840HS,NVIDIA RTX 4070,16,SSD,1,2560x1440,high,on,taa,low,ultra,52,57,77,quality,1,0,0,0,0,0,0,0,0,60.0,43.77,32.21,16.667,22.848,50.61,98.2,44.56,85.8
synthetic-00079-02,cfg-00079,apex_legends,AMD Ryzen 7 7840HS,NVIDIA RTX 4070,16,SSD,1,2560x1440,high,on,taa,low,ultra,52,57,77,quality,0,1,0,0,0,0,0,0,0,60.0,44.97,33.1,16.667,22.238,50.27,98.2,44.56,85.8
synthetic-00079-03,cfg-00079,apex_legends,AMD Ryzen 7 7840HS,NVIDIA RTX 4070,16,SSD,1,2560x1440,high,on,taa,low,ultra,52,57,77,quality,0,0,1,0,0,0,0,0,0,60.0,46.95,34.56,16.667,21.297,49.3,98.2,44.56,85.8
synthetic-00079-04,cfg-00079,apex_legends,AMD Ryzen 7 7840HS,NVIDIA RTX 4070,16,SSD,1,2560x1440,high,on,taa,low,ultra,52,57,77,quality,0,0,0,1,0,0,0,0,0,60.0,44.03,32.41,16.667,22.711,50.78,98.2,44.56,85.8
synthetic-00079-05,cfg-00079,apex_legends,AMD Ryzen 7 7840HS,NVIDIA RTX 4070,16,SSD,1,2560x1440,high,on,taa,low,ultra,52,57,77,quality,0,0,0,0,1,0,0,0,0,60.0,48.95,36.03,16.667,20.428,48.26,98.2,44.56,85.8
synthetic-00079-06,cfg-00079,apex_legends,AMD Ryzen 7 7840HS,NVIDIA RTX 4070,16,SSD,1,2560x1440,high,on,taa,low,ultra,52,57,77,quality,0,0,0,0,0,1,0,0,0,60.0,45.75,33.67,16.667,21.859,49.98,98.2,44.56,85.8
synthetic-00079-07,cfg-00079,apex_legends,AMD Ryzen 7 7840HS,NVIDIA RTX 4070,16,SSD,1,2560x1440,high,on,taa,low,ultra,52,57,77,quality,0,0,0,0,0,0,1,0,0,60.0,47.12,34.68,16.667,21.224,49.38,98.2,44.56,85.8
synthetic-00079-08,cfg-00079,apex_legends,AMD Ryzen 7 7840HS,NVIDIA RTX 4070,16,SSD,1,2560x1440,high,on,taa,low,ultra,52,57,77,quality,0,0,0,0,0,0,0,1,0,60.0,44.83,32.99,16.667,22.308,50.28,98.2,44.56,85.8
synthetic-00079-09,cfg-00079,apex_legends,AMD Ryzen 7 7840HS,NVIDIA RTX 4070,16,SSD,1,2560x1440,high,on,taa,low,ultra,52,57,77,quality,0,0,0,0,0,0,0,0,1,60.0,45.88,33.77,16.667,21.797,49.87,98.2,44.56,85.8
synthetic-00079-10,cfg-00079,apex_legends,AMD Ryzen 7 7840HS,NVIDIA RTX 4070,16,SSD,1,2560x1440,high,on,taa,low,ultra,52,57,77,quality,1,0,1,0,1,0,0,0,0,60.0,52.32,38.51,16.667,19.113,46.79,98.2,44.56,85.8
synthetic-00079-11,cfg-00079,apex_legends,AMD Ryzen 7 7840HS,NVIDIA RTX 4070,16,SSD,1,2560x1440,high,on,taa,low,ultra,52,57,77,quality,1,0,0,0,0,0,0,1,0,60.0,45.27,33.32,16.667,22.089,50.04,98.2,44.56,85.8
synthetic-00079-12,cfg-00079,apex_legends,AMD Ryzen 7 7840HS,NVIDIA RTX 4070,16,SSD,1,2560x1440,high,on,taa,low,ultra,52,57,77,quality,1,0,0,1,0,1,0,0,1,60.0,48.86,35.96,16.667,20.466,48.87,98.2,44.56,85.8
synthetic-00080-00,cfg-00080,cyberpunk_2077,Intel Core i5-9400F,AMD RX 7800 XT,16,HDD,0,1920x1080,low,off,off,high,high,42,206,25,balanced,0,0,0,0,0,0,0,0,0,111.64,84.84,67.88,8.958,11.786,88.0,52.0,47.28,64.0
synthetic-00080-01,cfg-00080,cyberpunk_2077,Intel Core i5-9400F,AMD RX 7800 XT,16,HDD,0,1920x1080,low,off,off,high,high,42,206,25,balanced,1,0,0,0,0,0,0,0,0,119.79,100.85,80.68,8.348,9.916,85.96,52.0,47.28,64.0
synthetic-00080-02,cfg-00080,cyberpunk_2077,Intel Core i5-9400F,AMD RX 7800 XT,16,HDD,0,1920x1080,low,off,off,high,high,42,206,25,balanced,0,1,0,0,0,0,0,0,0,114.09,88.97,71.18,8.765,11.24,87.38,52.0,47.28,64.0
synthetic-00080-03,cfg-00080,cyberpunk_2077,Intel Core i5-9400F,AMD RX 7800 XT,16,HDD,0,1920x1080,low,off,off,high,high,42,206,25,balanced,0,0,1,0,0,0,0,0,0,114.09,88.97,71.18,8.765,11.24,87.38,52.0,47.28,64.0
synthetic-00080-04,cfg-00080,cyberpunk_2077,Intel Core i5-9400F,AMD RX 7800 XT,16,HDD,0,1920x1080,low,off,off,high,high,42,206,25,balanced,0,0,0,1,0,0,0,0,0,113.2,91.02,72.82,8.834,10.986,87.61,52.0,47.28,64.0
synthetic-00080-05,cfg-00080,cyberpunk_2077,Intel Core i5-9400F,AMD RX 7800 XT,16,HDD,0,1920x1080,low,off,off,high,high,42,206,25,balanced,0,0,0,0,1,0,0,0,0,116.33,92.8,74.24,8.597,10.775,86.82,52.0,47.28,64.0
synthetic-00080-06,cfg-00080,cyberpunk_2077,Intel Core i5-9400F,AMD RX 7800 XT,16,HDD,0,1920x1080,low,off,off,high,high,42,206,25,balanced,0,0,0,0,0,1,0,0,0,117.67,95.14,76.12,8.499,10.51,86.49,52.0,47.28,64.0
synthetic-00080-07,cfg-00080,cyberpunk_2077,Intel Core i5-9400F,AMD RX 7800 XT,16,HDD,0,1920x1080,low,off,off,high,high,42,206,25,balanced,0,0,0,0,0,0,1,0,0,113.42,87.84,70.27,8.817,11.385,87.55,52.0,47.28,64.0
synthetic-00080-08,cfg-00080,cyberpunk_2077,Intel Core i5-9400F,AMD RX 7800 XT,16,HDD,0,1920x1080,low,off,off,high,high,42,206,25,balanced,0,0,0,0,0,0,0,1,0,116.72,94.59,75.67,8.568,10.572,86.73,52.0,47.28,64.0
synthetic-00080-09,cfg-00080,cyberpunk_2077,Intel Core i5-9400F,AMD RX 7800 XT,16,HDD,0,1920x1080,low,off,off,high,high,42,206,25,balanced,0,0,0,0,0,0,0,0,1,114.65,89.92,71.94,8.722,11.121,87.24,52.0,47.28,64.0
synthetic-00080-10,cfg-00080,cyberpunk_2077,Intel Core i5-9400F,AMD RX 7800 XT,16,HDD,0,1920x1080,low,off,off,high,high,42,206,25,balanced,0,0,0,1,1,0,1,0,1,121.2,104.75,83.8,8.251,9.546,85.6,52.0,47.28,64.0
synthetic-00080-11,cfg-00080,cyberpunk_2077,Intel Core i5-9400F,AMD RX 7800 XT,16,HDD,0,1920x1080,low,off,off,high,high,42,206,25,balanced,0,1,1,1,1,0,0,0,0,121.29,104.93,83.94,8.244,9.53,85.58,52.0,47.28,64.0
synthetic-00080-12,cfg-00080,cyberpunk_2077,Intel Core i5-9400F,AMD RX 7800 XT,16,HDD,0,1920x1080,low,off,off,high,high,42,206,25,balanced,0,0,1,1,0,1,0,0,0,120.78,104.16,83.33,8.28,9.601,85.71,52.0,47.28,64.0
synthetic-00081-00,cfg-00081,cs2,Intel Core i7-13700K,NVIDIA RTX 2060,32,SSD,0,1920x1080,high,off,msaa_2x,ultra,medium,129,61,53,balanced,0,0,0,0,0,0,0,0,0,176.16,130.9,104.72,5.677,7.64,91.81,52.0,48.56,64.0
synthetic-00081-01,cfg-00081,cs2,Intel Core i7-13700K,NVIDIA RTX 2060,32,SSD,0,1920x1080,high,off,msaa_2x,ultra,medium,129,61,53,balanced,1,0,0,0,0,0,0,0,0,185.85,150.31,120.25,5.381,6.653,90.27,52.0,48.56,64.0
synthetic-00081-02,cfg-00081,cs2,Intel Core i7-13700K,NVIDIA RTX 2060,32,SSD,0,1920x1080,high,off,msaa_2x,ultra,medium,129,61,53,balanced,0,1,0,0,0,0,0,0,0,180.97,139.61,111.68,5.526,7.163,91.05,52.0,48.56,64.0
synthetic-00081-03,cfg-00081,cs2,Intel Core i7-13700K,NVIDIA RTX 2060,32,SSD,0,1920x1080,high,off,msaa_2x,ultra,medium,129,61,53,balanced,0,0,1,0,0,0,0,0,0,180.04,137.34,109.87,5.554,7.281,91.2,52.0,48.56,64.0
synthetic-00081-04,cfg-00081,cs2,Intel Core i7-13700K,NVIDIA RTX 2060,32,SSD,0,1920x1080,high,off,msaa_2x,ultra,medium,129,61,53,balanced,0,0,0,1,0,0,0,0,0,178.63,141.36,113.09,5.598,7.074,91.42,52.0,48.56,64.0
synthetic-00081-05,cfg-00081,cs2,Intel Core i7-13700K,NVIDIA RTX 2060,32,SSD,0,1920x1080,high,off,msaa_2x,ultra,medium,129,61,53,balanced,0,0,0,0,1,0,0,0,0,183.56,143.33,114.67,5.448,6.977,90.64,52.0,48.56,64.0
synthetic-00081-06,cfg-00081,cs2,Intel Core i7-13700K,NVIDIA RTX 2060,32,SSD,0,1920x1080,high,off,msaa_2x,ultra,medium,129,61,53,balanced,0,0,0,0,0,1,0,0,0,186.79,149.94,119.95,5.354,6.669,90.12,52.0,48.56,64.0
synthetic-00081-07,cfg-00081,cs2,Intel Core i7-13700K,NVIDIA RTX 2060,32,SSD,0,1920x1080,high,off,msaa_2x,ultra,medium,129,61,53,balanced,0,0,0,0,0,0,1,0,0,178.98,135.57,108.46,5.587,7.376,91.36,52.0,48.56,64.0
synthetic-00081-08,cfg-00081,cs2,Intel Core i7-13700K,NVIDIA RTX 2060,32,SSD,0,1920x1080,high,off,msaa_2x,ultra,medium,129,61,53,balanced,0,0,0,0,0,0,0,1,0,182.91,143.02,114.42,5.467,6.992,90.74,52.0,48.56,64.0
synthetic-00081-09,cfg-00081,cs2,Intel Core i7-13700K,NVIDIA RTX 2060,32,SSD,0,1920x1080,high,off,msaa_2x,ultra,medium,129,61,53,balanced,0,0,0,0,0,0,0,0,1,180.14,138.38,110.7,5.551,7.227,91.18,52.0,48.56,64.0
synthetic-00081-10,cfg-00081,cs2,Intel Core i7-13700K,NVIDIA RTX 2060,32,SSD,0,1920x1080,high,off,msaa_2x,ultra,medium,129,61,53,balanced,1,0,1,0,0,0,0,1,0,194.64,166.66,133.33,5.138,6.0,88.87,52.0,48.56,64.0
synthetic-00081-11,cfg-00081,cs2,Intel Core i7-13700K,NVIDIA RTX 2060,32,SSD,0,1920x1080,high,off,msaa_2x,ultra,medium,129,61,53,balanced,1,0,1,0,0,0,0,0,0,189.11,155.97,124.77,5.288,6.412,89.75,52.0,48.56,64.0
synthetic-00081-12,cfg-00081,cs2,Intel Core i7-13700K,NVIDIA RTX 2060,32,SSD,0,1920x1080,high,off,msaa_2x,ultra,medium,129,61,53,balanced,0,1,1,0,0,1,0,0,1,196.31,168.44,134.75,5.094,5.937,88.61,52.0,48.56,64.0
synthetic-00082-00,cfg-00082,cyberpunk_2077,Intel Core i5-9400F,NVIDIA GTX 1060 6GB,32,SSD,0,1920x1080,ultra,off,msaa_4x,high,high,96,166,61,quality,0,0,0,0,0,0,0,0,0,38.47,28.3,22.64,25.992,35.338,47.51,96.0,47.28,64.0
synthetic-00082-01,cfg-00082,cyberpunk_2077,Intel Core i5-9400F,NVIDIA GTX 1060 6GB,32,SSD,0,1920x1080,ultra,off,msaa_4x,high,high,96,166,61,quality,1,0,0,0,0,0,0,0,0,39.55,30.09,24.07,25.284,33.237,46.72,96.0,47.28,64.0
synthetic-00082-02,cfg-00082,cyberpunk_2077,Intel Core i5-9400F,NVIDIA GTX 1060 6GB,32,SSD,0,1920x1080,ultra,off,msaa_4x,high,high,96,166,61,quality,0,1,0,0,0,0,0,0,0,39.15,29.63,23.71,25.541,33.744,47.01,96.0,47.28,64.0
synthetic-00082-03,cfg-00082,cyberpunk_2077,Intel Core i5-9400F,NVIDIA GTX 1060 6GB,32,SSD,0,1920x1080,ultra,off,msaa_4x,high,high,96,166,61,quality,0,0,1,0,0,0,0,0,0,38.17,28.21,22.57,26.202,35.449,47.73,96.0,47.28,64.0
synthetic-00082-04,cfg-00082,cyberpunk_2077,Intel Core i5-9400F,NVIDIA GTX 1060 6GB,32,SSD,0,1920x1080,ultra,off,msaa_4x,high,high,96,166,61,quality,0,0,0,1,0,0,0,0,0,38.63,28.78,23.03,25.889,34.741,47.39,96.0,47.28,64.0
synthetic-00082-05,cfg-00082,cyberpunk_2077,Intel Core i5-9400F,NVIDIA GTX 1060 6GB,32,SSD,0,1920x1080,ultra,off,msaa_4x,high,high,96,166,61,quality,0,0,0,0,1,0,0,0,0,40.09,31.0,24.8,24.944,32.256,46.33,96.0,47.28,64.0
synthetic-00082-06,cfg-00082,cyberpunk_2077,Intel Core i5-9400F,NVIDIA GTX 1060 6GB,32,SSD,0,1920x1080,ultra,off,msaa_4x,high,high,96,166,61,quality,0,0,0,0,0,1,0,0,0,39.52,30.34,24.27,25.304,32.962,46.74,96.0,47.28,64.0
synthetic-00082-07,cfg-00082,cyberpunk_2077,Intel Core i5-9400F,NVIDIA GTX 1060 6GB,32,SSD,0,1920x1080,ultra,off,msaa_4x,high,high,96,166,61,quality,0,0,0,0,0,0,1,0,0,40.55,32.45,25.96,24.66,30.813,45.99,96.0,47.28,64.0
synthetic-00082-08,cfg-00082,cyberpunk_2077,Intel Core i5-9400F,NVIDIA GTX 1060 6GB,32,SSD,0,1920x1080,ultra,off,msaa_4x,high,high,96,166,61,quality,0,0,0,0,0,0,0,1,0,39.45,30.3,24.24,25.346,33.005,46.79,96.0,47.28,64.0
synthetic-00082-09,cfg-00082,cyberpunk_2077,Intel Core i5-9400F,NVIDIA GTX 1060 6GB,32,SSD,0,1920x1080,ultra,off,msaa_4x,high,high,96,166,61,quality,0,0,0,0,0,0,0,0,1,39.52,30.31,24.25,25.302,32.989,46.74,96.0,47.28,64.0
synthetic-00082-10,cfg-00082,cyberpunk_2077,Intel Core i5-9400F,NVIDIA GTX 1060 6GB,32,SSD,0,1920x1080,ultra,off,msaa_4x,high,high,96,166,61,quality,0,1,0,0,1,1,0,1,0,42.21,35.57,28.45,23.69,28.117,44.79,96.0,47.28,64.0
synthetic-00082-11,cfg-00082,cyberpunk_2077,Intel Core i5-9400F,NVIDIA GTX 1060 6GB,32,SSD,0,1920x1080,ultra,off,msaa_4x,high,high,96,166,61,quality,0,0,1,1,1,0,0,1,0,40.59,32.78,26.23,24.639,30.504,45.97,96.0,47.28,64.0
synthetic-00082-12,cfg-00082,cyberpunk_2077,Intel Core i5-9400F,NVIDIA GTX 1060 6GB,32,SSD,0,1920x1080,ultra,off,msaa_4x,high,high,96,166,61,quality,0,0,1,1,0,0,0,0,0,38.33,28.68,22.94,26.092,34.873,47.61,96.0,47.28,64.0
synthetic-00083-00,cfg-00083,apex_legends,AMD Ryzen 5 3600,NVIDIA RTX 2060,32,NVMe,0,1920x1080,low,off,fxaa,medium,ultra,59,118,57,balanced,0,0,0,0,0,0,0,0,0,149.8,110.75,88.6,6.676,9.03,92.66,52.0,46.0,64.0
synthetic-00083-01,cfg-00083,apex_legends,AMD Ryzen 5 3600,NVIDIA RTX 2060,32,NVMe,0,1920x1080,low,off,fxaa,medium,ultra,59,118,57,balanced,1,0,0,0,0,0,0,0,0,160.73,131.99,105.59,6.221,7.576,90.61,52.0,46.0,64.0
synthetic-00083-02,cfg-00083,apex_legends,AMD Ryzen 5 3600,NVIDIA RTX 2060,32,NVMe,0,1920x1080,low,off,fxaa,medium,ultra,59,118,57,balanced,0,1,0,0,0,0,0,0,0,154.06,118.56,94.85,6.491,8.434,91.86,52.0,46.0,64.0
synthetic-00083-03,cfg-00083,apex_legends,AMD Ryzen 5 3600,NVIDIA RTX 2060,32,NVMe,0,1920x1080,low,off,fxaa,medium,ultra,59,118,57,balanced,0,0,1,0,0,0,0,0,0,153.09,116.21,92.97,6.532,8.605,92.04,52.0,46.0,64.0
synthetic-00083-04,cfg-00083,apex_legends,AMD Ryzen 5 3600,NVIDIA RTX 2060,32,NVMe,0,1920x1080,low,off,fxaa,medium,ultra,59,118,57,balanced,0,0,0,1,0,0,0,0,0,151.9,119.77,95.82,6.583,8.349,92.27,52.0,46.0,64.0
synthetic-00083-05,cfg-00083,apex_legends,AMD Ryzen 5 3600,NVIDIA RTX 2060,32,NVMe,0,1920x1080,low,off,fxaa,medium,ultra,59,118,57,balanced,0,0,0,0,1,0,0,0,0,156.09,121.3,97.04,6.407,8.244,91.48,52.0,46.0,64.0
synthetic-00083-06,cfg-00083,apex_legends,AMD Ryzen 5 3600,NVIDIA RTX 2060,32,NVMe,0,1920x1080,low,off,fxaa,medium,ultra,59,118,57,balanced,0,0,0,0,0,1,0,0,0,159.05,127.46,101.97,6.287,7.845,90.93,52.0,46.0,64.0
synthetic-00083-07,cfg-00083,apex_legends,AMD Ryzen 5 3600,NVIDIA RTX 2060,32,NVMe,0,1920x1080,low,off,fxaa,medium,ultra,59,118,57,balanced,0,0,0,0,0,0,1,0,0,152.2,114.71,91.77,6.571,8.718,92.21,52.0,46.0,64.0
synthetic-00083-08,cfg-00083,apex_legends,AMD Ryzen 5 3600,NVIDIA RTX 2060,32,NVMe,0,1920x1080,low,off,fxaa,medium,ultra,59,118,57,balanced,0,0,0,0,0,0,0,1,0,156.07,122.35,97.88,6.407,8.173,91.49,52.0,46.0,64.0
synthetic-00083-09,cfg-00083,apex_legends,AMD Ryzen 5 3600,NVIDIA RTX 2060,32,NVMe,0,1920x1080,low,off,fxaa,medium,ultra,59,118,57,balanced,0,0,0,0,0,0,0,0,1,153.53,117.85,94.28,6.513,8.486,91.96,52.0,46.0,64.0
synthetic-00083-10,cfg-00083,apex_legends,AMD Ryzen 5 3600,NVIDIA RTX 2060,32,NVMe,0,1920x1080,low,off,fxaa,medium,ultra,59,118,57,balanced,0,0,0,0,1,0,1,0,1,161.1,130.9,104.72,6.207,7.639,90.55,52.0,46.0,64.0
synthetic-00083-11,cfg-00083,apex_legends,AMD Ryzen 5 3600,NVIDIA RTX 2060,32,NVMe,0,1920x1080,low,off,fxaa,medium,ultra,59,118,57,balanced,0,1,1,0,1,0,0,0,0,162.4,133.05,106.44,6.157,7.516,90.3,52.0,46.0,64.0
synthetic-00083-12,cfg-00083,apex_legends,AMD Ryzen 5 3600,NVIDIA RTX 2060,32,NVMe,0,1920x1080,low,off,fxaa,medium,ultra,59,118,57,balanced,1,1,0,0,0,0,0,1,0,169.34,149.36,119.49,5.905,6.695,89.01,52.0,46.0,64.0
synthetic-00084-00,cfg-00084,fortnite,AMD Ryzen 7 7840HS,NVIDIA RTX 3060 Laptop,8,SSD,0,1920x1080,ultra,off,msaa_2x,high,low,144,75,48,balanced,0,0,0,0,0,0,0,0,0,122.32,91.47,73.17,8.175,10.933,44.75,52.0,47.28,56.0
synthetic-00084-01,cfg-00084,fortnite,AMD Ryzen 7 7840HS,NVIDIA RTX 3060 Laptop,8,SSD,0,1920x1080,ultra,off,msaa_2x,high,low,144,75,48,balanced,1,0,0,0,0,0,0,0,0,123.54,93.49,74.8,8.094,10.696,44.47,52.0,47.28,56.0
synthetic-00084-02,cfg-00084,fortnite,AMD Ryzen 7 7840HS,NVIDIA RTX 3060 Laptop,8,SSD,0,1920x1080,ultra,off,msaa_2x,high,low,144,75,48,balanced,0,1,0,0,0,0,0,0,0,124.01,94.62,75.69,8.064,10.569,44.37,52.0,47.28,56.0
synthetic-00084-03,cfg-00084,fortnite,AMD Ryzen 7 7840HS,NVIDIA RTX 3060 Laptop,8,SSD,0,1920x1080,ultra,off,msaa_2x,high,low,144,75,48,balanced,0,0,1,0,0,0,0,0,0,125.01,95.95,76.76,7.999,10.422,44.14,52.0,47.28,56.0
synthetic-00084-04,cfg-00084,fortnite,AMD Ryzen 7 7840HS,NVIDIA RTX 3060 Laptop,8,SSD,0,1920x1080,ultra,off,msaa_2x,high,low,144,75,48,balanced,0,0,0,1,0,0,0,0,0,122.81,92.65,74.12,8.143,10.794,44.64,52.0,47.28,56.0
synthetic-00084-05,cfg-00084,fortnite,AMD Ryzen 7 7840HS,NVIDIA RTX 3060 Laptop,8,SSD,0,1920x1080,ultra,off,msaa_2x,high,low,144,75,48,balanced,0,0,0,0,1,0,0,0,0,125.26,96.37,77.09,7.984,10.377,44.08,52.0,47.28,56.0
synthetic-00084-06,cfg-00084,fortnite,AMD Ryzen 7 7840HS,NVIDIA RTX 3060 Laptop,8,SSD,0,1920x1080,ultra,off,msaa_2x,high,low,144,75,48,balanced,0,0,0,0,0,1,0,0,0,125.08,96.56,77.25,7.995,10.356,44.12,52.0,47.28,56.0
synthetic-00084-07,cfg-00084,fortnite,AMD Ryzen 7 7840HS,NVIDIA RTX 3060 Laptop,8,SSD,0,1920x1080,ultra,off,msaa_2x,high,low,144,75,48,balanced,0,0,0,0,0,0,1,0,0,124.28,94.72,75.78,8.046,10.557,44.3,52.0,47.28,56.0
synthetic-00084-08,cfg-00084,fortnite,AMD Ryzen 7 7840HS,NVIDIA RTX 3060 Laptop,8,SSD,0,1920x1080,ultra,off,msaa_2x,high,low,144,75,48,balanced,0,0,0,0,0,0,0,1,0,125.55,98.13,78.5,7.965,10.19,44.01,52.0,47.28,56.0
synthetic-00084-09,cfg-00084,fortnite,AMD Ryzen 7 7840HS,NVIDIA RTX 3060 Laptop,8,SSD,0,1920x1080,ultra,off,msaa_2x,high,low,144,75,48,balanced,0,0,0,0,0,0,0,0,1,127.17,100.07,80.06,7.863,9.993,43.64,52.0,47.28,56.0
synthetic-00084-10,cfg-00084,fortnite,AMD Ryzen 7 7840HS,NVIDIA RTX 3060 Laptop,8,SSD,0,1920x1080,ultra,off,msaa_2x,high,low,144,75,48,balanced,0,0,1,1,1,0,0,1,0,130.4,106.75,85.4,7.668,9.368,42.9,52.0,47.28,56.0
synthetic-00084-11,cfg-00084,fortnite,AMD Ryzen 7 7840HS,NVIDIA RTX 3060 Laptop,8,SSD,0,1920x1080,ultra,off,msaa_2x,high,low,144,75,48,balanced,0,1,0,1,0,0,0,0,0,124.4,95.62,76.49,8.038,10.458,44.28,52.0,47.28,56.0
synthetic-00084-12,cfg-00084,fortnite,AMD Ryzen 7 7840HS,NVIDIA RTX 3060 Laptop,8,SSD,0,1920x1080,ultra,off,msaa_2x,high,low,144,75,48,balanced,0,0,1,0,1,1,1,0,0,131.27,107.24,85.79,7.618,9.325,42.7,52.0,47.28,56.0
synthetic-00085-00,cfg-00085,warzone,Intel Core i7-12700H,NVIDIA RTX 3060 Laptop,16,HDD,1,1280x720,medium,on,taa,ultra,high,79,67,52,balanced,0,0,0,0,0,0,0,0,0,120.43,89.6,67.38,8.304,11.161,91.6,50.88,48.56,82.6
synthetic-00085-01,cfg-00085,warzone,Intel Core i7-12700H,NVIDIA RTX 3060 Laptop,16,HDD,1,1280x720,medium,on,taa,ultra,high,79,67,52,balanced,1,0,0,0,0,0,0,0,0,127.05,102.88,77.36,7.871,9.721,90.06,50.88,48.56,82.6
synthetic-00085-02,cfg-00085,warzone,Intel Core i7-12700H,NVIDIA RTX 3060 Laptop,16,HDD,1,1280x720,medium,on,taa,ultra,high,79,67,52,balanced,0,1,0,0,0,0,0,0,0,123.68,95.47,71.79,8.085,10.475,90.84,50.88,48.56,82.6
synthetic-00085-03,cfg-00085,warzone,Intel Core i7-12700H,NVIDIA RTX 3060 Laptop,16,HDD,1,1280x720,medium,on,taa,ultra,high,79,67,52,balanced,0,0,1,0,0,0,0,0,0,123.08,94.01,70.69,8.125,10.637,90.98,50.88,48.56,82.6
synthetic-00085-04,cfg-00085,warzone,Intel Core i7-12700H,NVIDIA RTX 3060 Laptop,16,HDD,1,1280x720,medium,on,taa,ultra,high,79,67,52,balanced,0,0,0,1,0,0,0,0,0,122.12,96.72,72.74,8.189,10.339,91.21,50.88,48.56,82.6
synthetic-00085-05,cfg-00085,warzone,Intel Core i7-12700H,NVIDIA RTX 3060 Laptop,16,HDD,1,1280x720,medium,on,taa,ultra,high,79,67,52,balanced,0,0,0,0,1,0,0,0,0,130.79,108.49,81.58,7.646,9.218,89.19,50.88,48.56,82.6
synthetic-00085-06,cfg-00085,warzone,Intel Core i7-12700H,NVIDIA RTX 3060 Laptop,16,HDD,1,1280x720,medium,on,taa,ultra,high,79,67,52,balanced,0,0,0,0,0,1,0,0,0,127.66,102.51,77.09,7.834,9.755,89.92,50.88,48.56,82.6
synthetic-00085-07,cfg-00085,warzone,Intel Core i7-12700H,NVIDIA RTX 3060 Laptop,16,HDD,1,1280x720,medium,on,taa,ultra,high,79,67,52,balanced,0,0,0,0,0,0,1,0,0,122.36,92.8,69.78,8.173,10.776,91.15,50.88,48.56,82.6
synthetic-00085-08,cfg-00085,warzone,Intel Core i7-12700H,NVIDIA RTX 3060 Laptop,16,HDD,1,1280x720,medium,on,taa,ultra,high,79,67,52,balanced,0,0,0,0,0,0,0,1,0,126.23,100.83,75.82,7.922,9.918,90.25,50.88,48.56,82.6
synthetic-00085-09,cfg-00085,warzone,Intel Core i7-12700H,NVIDIA RTX 3060 Laptop,16,HDD,1,1280x720,medium,on,taa,ultra,high,79,67,52,balanced,0,0,0,0,0,0,0,0,1,124.89,97.64,73.42,8.007,10.242,90.56,50.88,48.56,82.6
synthetic-00085-10,cfg-00085,warzone,Intel Core i7-12700H,NVIDIA RTX 3060 Laptop,16,HDD,1,1280x720,medium,on,taa,ultra,high,79,67,52,balanced,0,0,0,1,0,1,1,1,0,134.83,120.86,90.89,7.417,8.274,88.25,50.88,48.56,82.6
synthetic-00085-11,cfg-00085,warzone,Intel Core i7-12700H,NVIDIA RTX 3060 Laptop,16,HDD,1,1280x720,medium,on,taa,ultra,high,79,67,52,balanced,0,0,1,0,0,0,0,1,0,128.5,104.75,78.77,7.782,9.546,89.72,50.88,48.56,82.6
synthetic-00085-12,cfg-00085,warzone,Intel Core i7-12700H,NVIDIA RTX 3060 Laptop,16,HDD,1,1280x720,medium,on,taa,ultra,high,79,67,52,balanced,0,1,0,1,0,0,0,0,0,125.15,102.19,76.84,7.991,9.786,90.5,50.88,48.56,82.6
synthetic-00086-00,cfg-00086,cyberpunk_2077,Intel Core i7-12700H,NVIDIA RTX 3060 Laptop,16,NVMe,1,1920x1080,low,on,taa,ultra,high,16,156,46,max_fps,0,0,0,0,0,0,0,0,0,117.42,88.02,64.78,8.517,11.361,44.33,96.0,48.56,85.8
synthetic-00086-01,cfg-00086,cyberpunk_2077,Intel Core i7-12700H,NVIDIA RTX 3060 Laptop,16,NVMe,1,1920x1080,low,on,taa,ultra,high,16,156,46,max_fps,1,0,0,0,0,0,0,0,0,116.48,86.48,63.65,8.585,11.564,44.55,96.0,48.56,85.8
synthetic-00086-02,cfg-00086,cyberpunk_2077,Intel Core i7-12700H,NVIDIA RTX 3060 Laptop,16,NVMe,1,1920x1080,low,on,taa,ultra,high,16,156,46,max_fps,0,1,0,0,0,0,0,0,0,118.97,90.88,66.89,8.405,11.004,43.96,96.0,48.56,85.8
synthetic-00086-03,cfg-00086,cyberpunk_2077,Intel Core i7-12700H,NVIDIA RTX 3060 Laptop,16,NVMe,1,1920x1080,low,on,taa,ultra,high,16,156,46,max_fps,0,0,1,0,0,0,0,0,0,124.11,100.74,74.15,8.057,9.926,42.73,96.0,48.56,85.8
synthetic-00086-04,cfg-00086,cyberpunk_2077,Intel Core i7-12700H,NVIDIA RTX 3060 Laptop,16,NVMe,1,1920x1080,low,on,taa,ultra,high,16,156,46,max_fps,0,0,0,1,0,0,0,0,0,117.89,89.1,65.58,8.483,11.223,44.22,96.0,48.56,85.8
synthetic-00086-05,cfg-00086,cyberpunk_2077,Intel Core i7-12700H,NVIDIA RTX 3060 Laptop,16,NVMe,1,1920x1080,low,on,taa,ultra,high,16,156,46,max_fps,0,0,0,0,1,0,0,0,0,128.45,108.55,79.89,7.785,9.212,41.7,96.0,48.56,85.8
synthetic-00086-06,cfg-00086,cyberpunk_2077,Intel Core i7-12700H,NVIDIA RTX 3060 Laptop,16,NVMe,1,1920x1080,low,on,taa,ultra,high,16,156,46,max_fps,0,0,0,0,0,1,0,0,0,119.99,92.7,68.23,8.334,10.787,43.72,96.0,48.56,85.8
synthetic-00086-07,cfg-00086,cyberpunk_2077,Intel Core i7-12700H,NVIDIA RTX 3060 Laptop,16,NVMe,1,1920x1080,low,on,taa,ultra,high,16,156,46,max_fps,0,0,0,0,0,0,1,0,0,123.76,100.79,74.18,8.08,9.921,42.82,96.0,48.56,85.8
synthetic-00086-08,cfg-00086,cyberpunk_2077,Intel Core i7-12700H,NVIDIA RTX 3060 Laptop,16,NVMe,1,1920x1080,low,on,taa,ultra,high,16,156,46,max_fps,0,0,0,0,0,0,0,1,0,120.41,94.17,69.31,8.305,10.62,43.62,96.0,48.56,85.8
synthetic-00086-09,cfg-00086,cyberpunk_2077,Intel Core i7-12700H,NVIDIA RTX 3060 Laptop,16,NVMe,1,1920x1080,low,on,taa,ultra,high,16,156,46,max_fps,0,0,0,0,0,0,0,0,1,119.58,91.98,67.7,8.362,10.872,43.81,96.0,48.56,85.8
synthetic-00086-10,cfg-00086,cyberpunk_2077,Intel Core i7-12700H,NVIDIA RTX 3060 Laptop,16,NVMe,1,1920x1080,low,on,taa,ultra,high,16,156,46,max_fps,0,0,1,1,1,0,1,0,0,138.64,131.33,96.66,7.213,7.614,39.27,96.0,48.56,85.8
synthetic-00086-11,cfg-00086,cyberpunk_2077,Intel Core i7-12700H,NVIDIA RTX 3060 Laptop,16,NVMe,1,1920x1080,low,on,taa,ultra,high,16,156,46,max_fps,1,0,0,1,1,0,1,0,0,132.04,117.16,86.23,7.573,8.535,40.84,96.0,48.56,85.8
synthetic-00086-12,cfg-00086,cyberpunk_2077,Intel Core i7-12700H,NVIDIA RTX 3060 Laptop,16,NVMe,1,1920x1080,low,on,taa,ultra,high,16,156,46,max_fps,1,0,0,0,0,1,0,0,0,118.97,90.98,66.96,8.405,10.992,43.96,96.0,48.56,85.8
synthetic-00087-00,cfg-00087,cs2,AMD Ryzen 5 5600X,AMD RX 6600,32,NVMe,1,2560x1440,low,off,msaa_4x,ultra,low,178,163,52,max_fps,0,0,0,0,0,0,0,0,0,99.07,73.71,55.43,10.094,13.567,91.6,54.2,48.56,82.6
synthetic-00087-01,cfg-00087,cs2,AMD Ryzen 5 5600X,AMD RX 6600,32,NVMe,1,2560x1440,low,off,msaa_4x,ultra,low,178,163,52,max_fps,1,0,0,0,0,0,0,0,0,106.3,87.79,66.02,9.407,11.39,89.56,54.2,48.56,82.6
synthetic-00087-02,cfg-00087,cs2,AMD Ryzen 5 5600X,AMD RX 6600,32,NVMe,1,2560x1440,low,off,msaa_4x,ultra,low,178,163,52,max_fps,0,1,0,0,0,0,0,0,0,101.74,78.53,59.06,9.829,12.733,90.84,54.2,48.56,82.6
synthetic-00087-03,cfg-00087,cs2,AMD Ryzen 5 5600X,AMD RX 6600,32,NVMe,1,2560x1440,low,off,msaa_4x,ultra,low,178,163,52,max_fps,0,0,1,0,0,0,0,0,0,101.25,77.33,58.15,9.877,12.931,90.98,54.2,48.56,82.6
synthetic-00087-04,cfg-00087,cs2,AMD Ryzen 5 5600X,AMD RX 6600,32,NVMe,1,2560x1440,low,off,msaa_4x,ultra,low,178,163,52,max_fps,0,0,0,1,0,0,0,0,0,100.45,79.57,59.83,9.955,12.568,91.21,54.2,48.56,82.6
synthetic-00087-05,cfg-00087,cs2,AMD Ryzen 5 5600X,AMD RX 6600,32,NVMe,1,2560x1440,low,off,msaa_4x,ultra,low,178,163,52,max_fps,0,0,0,0,1,0,0,0,0,107.59,89.24,67.11,9.295,11.205,89.19,54.2,48.56,82.6
synthetic-00087-06,cfg-00087,cs2,AMD Ryzen 5 5600X,AMD RX 6600,32,NVMe,1,2560x1440,low,off,msaa_4x,ultra,low,178,163,52,max_fps,0,0,0,0,0,1,0,0,0,105.01,84.33,63.42,9.523,11.858,89.92,54.2,48.56,82.6
synthetic-00087-07,cfg-00087,cs2,AMD Ryzen 5 5600X,AMD RX 6600,32,NVMe,1,2560x1440,low,off,msaa_4x,ultra,low,178,163,52,max_fps,0,0,0,0,0,0,1,0,0,100.65,76.33,57.4,9.935,13.1,91.15,54.2,48.56,82.6
synthetic-00087-08,cfg-00087,cs2,AMD Ryzen 5 5600X,AMD RX 6600,32,NVMe,1,2560x1440,low,off,msaa_4x,ultra,low,178,163,52,max_fps,0,0,0,0,0,0,0,1,0,102.86,80.53,60.56,9.722,12.418,90.53,54.2,48.56,82.6
synthetic-00087-09,cfg-00087,cs2,AMD Ryzen 5 5600X,AMD RX 6600,32,NVMe,1,2560x1440,low,off,msaa_4x,ultra,low,178,163,52,max_fps,0,0,0,0,0,0,0,0,1,101.25,77.79,58.5,9.877,12.855,90.98,54.2,48.56,82.6
synthetic-00087-10,cfg-00087,cs2,AMD Ryzen 5 5600X,AMD RX 6600,32,NVMe,1,2560x1440,low,off,msaa_4x,ultra,low,178,163,52,max_fps,0,0,0,0,0,0,1,0,1,102.66,80.18,60.29,9.741,12.473,90.58,54.2,48.56,82.6
synthetic-00087-11,cfg-00087,cs2,AMD Ryzen 5 5600X,AMD RX 6600,32,NVMe,1,2560x1440,low,off,msaa_4x,ultra,low,178,163,52,max_fps,1,1,0,0,0,0,0,1,1,112.8,100.8,75.81,8.865,9.92,87.72,54.2,48.56,82.6
synthetic-00087-12,cfg-00087,cs2,AMD Ryzen 5 5600X,AMD RX 6600,32,NVMe,1,2560x1440,low,off,msaa_4x,ultra,low,178,163,52,max_fps,1,0,0,0,0,0,0,1,0,109.6,94.18,70.82,9.124,10.618,88.62,54.2,48.56,82.6
synthetic-00088-00,cfg-00088,warzone,Intel Core i5-9400F,NVIDIA RTX 4060,12,SSD,0,2560x1440,medium,off,fxaa,low,ultra,164,101,62,max_fps,0,0,0,0,0,0,0,0,0,61.01,44.82,35.85,16.391,22.314,93.72,54.2,44.56,64.0
synthetic-00088-01,cfg-00088,warzone,Intel Core i5-9400F,NVIDIA RTX 4060,12,SSD,0,2560x1440,medium,off,fxaa,low,ultra,164,101,62,max_fps,1,0,0,0,0,0,0,0,0,65.46,53.45,42.76,15.276,18.71,91.67,54.2,44.56,64.0
synthetic-00088-02,cfg-00088,warzone,Intel Core i5-9400F,NVIDIA RTX 4060,12,SSD,0,2560x1440,medium,off,fxaa,low,ultra,164,101,62,max_fps,0,1,0,0,0,0,0,0,0,62.83,48.21,38.57,15.915,20.743,92.88,54.2,44.56,64.0
synthetic-00088-03,cfg-00088,warzone,Intel Core i5-9400F,NVIDIA RTX 4060,12,SSD,0,2560x1440,medium,off,fxaa,low,ultra,164,101,62,max_fps,0,0,1,0,0,0,0,0,0,62.35,47.04,37.63,16.038,21.26,93.1,54.2,44.56,64.0
synthetic-00088-04,cfg-00088,warzone,Intel Core i5-9400F,NVIDIA RTX 4060,12,SSD,0,2560x1440,medium,off,fxaa,low,ultra,164,101,62,max_fps,0,0,0,1,0,0,0,0,0,61.86,48.56,38.85,16.165,20.593,93.33,54.2,44.56,64.0
synthetic-00088-05,cfg-00088,warzone,Intel Core i5-9400F,NVIDIA RTX 4060,12,SSD,0,2560x1440,medium,off,fxaa,low,ultra,164,101,62,max_fps,0,0,0,0,1,0,0,0,0,63.57,49.1,39.28,15.731,20.366,92.54,54.2,44.56,64.0
synthetic-00088-06,cfg-00088,warzone,Intel Core i5-9400F,NVIDIA RTX 4060,12,SSD,0,2560x1440,medium,off,fxaa,low,ultra,164,101,62,max_fps,0,0,0,0,0,1,0,0,0,64.88,51.89,41.51,15.412,19.271,91.94,54.2,44.56,64.0
synthetic-00088-07,cfg-00088,warzone,Intel Core i5-9400F,NVIDIA RTX 4060,12,SSD,0,2560x1440,medium,off,fxaa,low,ultra,164,101,62,max_fps,0,0,0,0,0,0,1,0,0,61.98,46.43,37.14,16.133,21.54,93.27,54.2,44.56,64.0
synthetic-00088-08,cfg-00088,warzone,Intel Core i5-9400F,NVIDIA RTX 4060,12,SSD,0,2560x1440,medium,off,fxaa,low,ultra,164,101,62,max_fps,0,0,0,0,0,0,0,1,0,63.95,50.48,40.38,15.638,19.812,92.37,54.2,44.56,64.0
synthetic-00088-09,cfg-00088,warzone,Intel Core i5-9400F,NVIDIA RTX 4060,12,SSD,0,2560x1440,medium,off,fxaa,low,ultra,164,101,62,max_fps,0,0,0,0,0,0,0,0,1,63.93,50.17,40.14,15.642,19.931,92.38,54.2,44.56,64.0
synthetic-00088-10,cfg-00088,warzone,Intel Core i5-9400F,NVIDIA RTX 4060,12,SSD,0,2560x1440,medium,off,fxaa,low,ultra,164,101,62,max_fps,0,0,0,1,0,1,1,0,1,68.47,60.97,48.78,14.605,16.401,90.29,54.2,44.56,64.0
synthetic-00088-11,cfg-00088,warzone,Intel Core i5-9400F,NVIDIA RTX 4060,12,SSD,0,2560x1440,medium,off,fxaa,low,ultra,164,101,62,max_fps,0,1,1,1,0,0,0,0,1,67.01,58.1,46.48,14.922,17.211,90.96,54.2,44.56,64.0
synthetic-00088-12,cfg-00088,warzone,Intel Core i5-9400F,NVIDIA RTX 4060,12,SSD,0,2560x1440,medium,off,fxaa,low,ultra,164,101,62,max_fps,0,1,1,1,1,0,0,0,0,66.7,57.12,45.69,14.992,17.508,91.1,54.2,44.56,64.0
synthetic-00089-00,cfg-00089,warzone,Intel Core i7-12700H,NVIDIA GTX 1660 Super,32,NVMe,0,2560x1440,low,off,fxaa,ultra,ultra,102,81,44,quality,0,0,0,0,0,0,0,0,0,91.43,68.71,54.97,10.937,14.553,43.91,98.2,48.56,64.0
synthetic-00089-01,cfg-00089,warzone,Intel Core i7-12700H,NVIDIA GTX 1660 Super,32,NVMe,0,2560x1440,low,off,fxaa,ultra,ultra,102,81,44,quality,1,0,0,0,0,0,0,0,0,90.7,67.51,54.01,11.025,14.812,44.13,98.2,48.56,64.0
synthetic-00089-02,cfg-00089,warzone,Intel Core i7-12700H,NVIDIA GTX 1660 Super,32,NVMe,0,2560x1440,low,off,fxaa,ultra,ultra,102,81,44,quality,0,1,0,0,0,0,0,0,0,92.59,70.81,56.65,10.8,14.122,43.55,98.2,48.56,64.0
synthetic-00089-03,cfg-00089,warzone,Intel Core i7-12700H,NVIDIA GTX 1660 Super,32,NVMe,0,2560x1440,low,off,fxaa,ultra,ultra,102,81,44,quality,0,0,1,0,0,0,0,0,0,90.7,68.49,54.79,11.025,14.6,44.13,98.2,48.56,64.0
synthetic-00089-04,cfg-00089,warzone,Intel Core i7-12700H,NVIDIA GTX 1660 Super,32,NVMe,0,2560x1440,low,off,fxaa,ultra,ultra,102,81,44,quality,0,0,0,1,0,0,0,0,0,91.8,69.51,55.61,10.893,14.386,43.79,98.2,48.56,64.0
synthetic-00089-05,cfg-00089,warzone,Intel Core i7-12700H,NVIDIA GTX 1660 Super,32,NVMe,0,2560x1440,low,off,fxaa,ultra,ultra,102,81,44,quality,0,0,0,0,1,0,0,0,0,95.27,75.2,60.16,10.496,13.298,42.73,98.2,48.56,64.0
synthetic-00089-06,cfg-00089,warzone,Intel Core i7-12700H,NVIDIA GTX 1660 Super,32,NVMe,0,2560x1440,low,off,fxaa,ultra,ultra,102,81,44,quality,0,0,0,0,0,1,0,0,0,93.37,72.2,57.76,10.71,13.851,43.31,98.2,48.56,64.0
synthetic-00089-07,cfg-00089,warzone,Intel Core i7-12700H,NVIDIA GTX 1660 Super,32,NVMe,0,2560x1440,low,off,fxaa,ultra,ultra,102,81,44,quality,0,0,0,0,0,0,1,0,0,96.37,78.67,62.94,10.377,12.711,42.39,98.2,48.56,64.0
synthetic-00089-08,cfg-00089,warzone,Intel Core i7-12700H,NVIDIA GTX 1660 Super,32,NVMe,0,2560x1440,low,off,fxaa,ultra,ultra,102,81,44,quality,0,0,0,0,0,0,0,1,0,94.01,74.1,59.28,10.637,13.494,43.12,98.2,48.56,64.0
synthetic-00089-09,cfg-00089,warzone,Intel Core i7-12700H,NVIDIA GTX 1660 Super,32,NVMe,0,2560x1440,low,off,fxaa,ultra,ultra,102,81,44,quality,0,0,0,0,0,0,0,0,1,93.01,71.57,57.26,10.751,13.972,43.42,98.2,48.56,64.0
synthetic-00089-10,cfg-00089,warzone,Intel Core i7-12700H,NVIDIA GTX 1660 Super,32,NVMe,0,2560x1440,low,off,fxaa,ultra,ultra,102,81,44,quality,1,0,0,0,1,1,0,0,1,97.16,78.93,63.14,10.292,12.67,42.15,98.2,48.56,64.0
synthetic-00089-11,cfg-00089,warzone,Intel Core i7-12700H,NVIDIA GTX 1660 Super,32,NVMe,0,2560x1440,low,off,fxaa,ultra,ultra,102,81,44,quality,1,0,0,0,1,0,0,0,0,94.4,73.7,58.96,10.593,13.568,43.0,98.2,48.56,64.0
synthetic-00089-12,cfg-00089,warzone,Intel Core i7-12700H,NVIDIA GTX 1660 Super,32,NVMe,0,2560x1440,low,off,fxaa,ultra,ultra,102,81,44,quality,0,0,0,0,0,1,1,0,0,98.0,81.75,65.4,10.204,12.233,41.9,98.2,48.56,64.0
synthetic-00090-00,cfg-00090,warzone,Intel Core i7-13700K,NVIDIA GTX 1060 6GB,32,NVMe,0,1920x1080,medium,off,msaa_2x,low,ultra,154,171,76,max_fps,0,0,0,0,0,0,0,0,0,74.74,53.92,43.13,13.38,18.547,50.68,96.0,44.56,64.0
synthetic-00090-01,cfg-00090,warzone,Intel Core i7-13700K,NVIDIA GTX 1060 6GB,32,NVMe,0,1920x1080,medium,off,msaa_2x,low,ultra,154,171,76,max_fps,1,0,0,0,0,0,0,0,0,74.14,52.95,42.36,13.488,18.885,50.91,96.0,44.56,64.0
synthetic-00090-02,cfg-00090,warzone,Intel Core i7-13700K,NVIDIA GTX 1060 6GB,32,NVMe,0,1920x1080,medium,off,msaa_2x,low,ultra,154,171,76,max_fps,0,1,0,0,0,0,0,0,0,76.39,57.29,45.83,13.091,17.456,50.06,96.0,44.56,64.0
synthetic-00090-03,cfg-00090,warzone,Intel Core i7-13700K,NVIDIA GTX 1060 6GB,32,NVMe,0,1920x1080,medium,off,msaa_2x,low,ultra,154,171,76,max_fps,0,0,1,0,0,0,0,0,0,74.14,53.75,43.0,13.488,18.604,50.91,96.0,44.56,64.0
synthetic-00090-04,cfg-00090,warzone,Intel Core i7-13700K,NVIDIA GTX 1060 6GB,32,NVMe,0,1920x1080,medium,off,msaa_2x,low,ultra,154,171,76,max_fps,0,0,0,1,0,0,0,0,0,75.04,55.12,44.1,13.327,18.143,50.57,96.0,44.56,64.0
synthetic-00090-05,cfg-00090,warzone,Intel Core i7-13700K,NVIDIA GTX 1060 6GB,32,NVMe,0,1920x1080,medium,off,msaa_2x,low,ultra,154,171,76,max_fps,0,0,0,0,1,0,0,0,0,77.88,59.12,47.3,12.841,16.913,49.51,96.0,44.56,64.0
synthetic-00090-06,cfg-00090,warzone,Intel Core i7-13700K,NVIDIA GTX 1060 6GB,32,NVMe,0,1920x1080,medium,off,msaa_2x,low,ultra,154,171,76,max_fps,0,0,0,0,0,1,0,0,0,77.16,58.86,47.09,12.959,16.989,49.77,96.0,44.56,64.0
synthetic-00090-07,cfg-00090,warzone,Intel Core i7-13700K,NVIDIA GTX 1060 6GB,32,NVMe,0,1920x1080,medium,off,msaa_2x,low,ultra,154,171,76,max_fps,0,0,0,0,0,0,1,0,0,78.77,61.93,49.55,12.695,16.147,49.17,96.0,44.56,64.0
synthetic-00090-08,cfg-00090,warzone,Intel Core i7-13700K,NVIDIA GTX 1060 6GB,32,NVMe,0,1920x1080,medium,off,msaa_2x,low,ultra,154,171,76,max_fps,0,0,0,0,0,0,0,1,0,76.84,58.26,46.61,13.013,17.165,49.89,96.0,44.56,64.0
synthetic-00090-09,cfg-00090,warzone,Intel Core i7-13700K,NVIDIA GTX 1060 6GB,32,NVMe,0,1920x1080,medium,off,msaa_2x,low,ultra,154,171,76,max_fps,0,0,0,0,0,0,0,0,1,77.44,59.22,47.38,12.914,16.886,49.67,96.0,44.56,64.0
synthetic-00090-10,cfg-00090,warzone,Intel Core i7-13700K,NVIDIA GTX 1060 6GB,32,NVMe,0,1920x1080,medium,off,msaa_2x,low,ultra,154,171,76,max_fps,0,0,0,0,1,0,0,0,1,80.31,64.16,51.33,12.451,15.585,48.59,96.0,44.56,64.0
synthetic-00090-11,cfg-00090,warzone,Intel Core i7-13700K,NVIDIA GTX 1060 6GB,32,NVMe,0,1920x1080,medium,off,msaa_2x,low,ultra,154,171,76,max_fps,1,0,0,0,1,1,0,1,0,80.86,65.93,52.75,12.367,15.167,48.39,96.0,44.56,64.0
synthetic-00090-12,cfg-00090,warzone,Intel Core i7-13700K,NVIDIA GTX 1060 6GB,32,NVMe,0,1920x1080,medium,off,msaa_2x,low,ultra,154,171,76,max_fps,1,1,0,0,0,1,0,0,1,80.08,65.12,52.09,12.487,15.357,48.68,96.0,44.56,64.0
synthetic-00091-00,cfg-00091,valorant,AMD Ryzen 7 5800X3D,NVIDIA RTX 2060,16,NVMe,0,1920x1080,high,off,taa,medium,high,104,70,39,balanced,0,0,0,0,0,0,0,0,0,261.57,197.81,158.25,3.823,5.055,88.85,52.0,46.0,64.0
synthetic-00091-01,cfg-00091,valorant,AMD Ryzen 7 5800X3D,NVIDIA RTX 2060,16,NVMe,0,1920x1080,high,off,taa,medium,high,104,70,39,balanced,1,0,0,0,0,0,0,0,0,264.45,206.89,165.51,3.781,4.834,88.54,52.0,46.0,64.0
synthetic-00091-02,cfg-00091,valorant,AMD Ryzen 7 5800X3D,NVIDIA RTX 2060,16,NVMe,0,1920x1080,high,off,taa,medium,high,104,70,39,balanced,0,1,0,0,0,0,0,0,0,267.63,208.2,166.56,3.736,4.803,88.2,52.0,46.0,64.0
synthetic-00091-03,cfg-00091,valorant,AMD Ryzen 7 5800X3D,NVIDIA RTX 2060,16,NVMe,0,1920x1080,high,off,taa,medium,high,104,70,39,balanced,0,0,1,0,0,0,0,0,0,267.33,207.45,165.96,3.741,4.82,88.23,52.0,46.0,64.0
synthetic-00091-04,cfg-00091,valorant,AMD Ryzen 7 5800X3D,NVIDIA RTX 2060,16,NVMe,0,1920x1080,high,off,taa,medium,high,104,70,39,balanced,0,0,0,1,0,0,0,0,0,262.85,199.94,159.95,3.804,5.002,88.71,52.0,46.0,64.0
synthetic-00091-05,cfg-00091,valorant,AMD Ryzen 7 5800X3D,NVIDIA RTX 2060,16,NVMe,0,1920x1080,high,off,taa,medium,high,104,70,39,balanced,0,0,0,0,1,0,0,0,0,272.56,216.42,173.14,3.669,4.621,87.67,52.0,46.0,64.0
synthetic-00091-06,cfg-00091,valorant,AMD Ryzen 7 5800X3D,NVIDIA RTX 2060,16,NVMe,0,1920x1080,high,off,taa,medium,high,104,70,39,balanced,0,0,0,0,0,1,0,0,0,276.06,222.86,178.29,3.622,4.487,87.3,52.0,46.0,64.0
synthetic-00091-07,cfg-00091,valorant,AMD Ryzen 7 5800X3D,NVIDIA RTX 2060,16,NVMe,0,1920x1080,high,off,taa,medium,high,104,70,39,balanced,0,0,0,0,0,0,1,0,0,265.76,204.8,163.84,3.763,4.883,88.4,52.0,46.0,64.0
synthetic-00091-08,cfg-00091,valorant,AMD Ryzen 7 5800X3D,NVIDIA RTX 2060,16,NVMe,0,1920x1080,high,off,taa,medium,high,104,70,39,balanced,0,0,0,0,0,0,0,1,0,271.12,214.79,171.83,3.688,4.656,87.83,52.0,46.0,64.0
synthetic-00091-09,cfg-00091,valorant,AMD Ryzen 7 5800X3D,NVIDIA RTX 2060,16,NVMe,0,1920x1080,high,off,taa,medium,high,104,70,39,balanced,0,0,0,0,0,0,0,0,1,265.32,204.36,163.49,3.769,4.893,88.45,52.0,46.0,64.0
synthetic-00091-10,cfg-00091,valorant,AMD Ryzen 7 5800X3D,NVIDIA RTX 2060,16,NVMe,0,1920x1080,high,off,taa,medium,high,104,70,39,balanced,0,0,0,0,0,0,1,1,0,274.69,220.95,176.76,3.641,4.526,87.44,52.0,46.0,64.0
synthetic-00091-11,cfg-00091,valorant,AMD Ryzen 7 5800X3D,NVIDIA RTX 2060,16,NVMe,0,1920x1080,high,off,taa,medium,high,104,70,39,balanced,0,1,0,1,1,0,0,1,0,285.68,240.74,192.59,3.5,4.154,86.27,52.0,46.0,64.0
synthetic-00091-12,cfg-00091,valorant,AMD Ryzen 7 5800X3D,NVIDIA RTX 2060,16,NVMe,0,1920x1080,high,off,taa,medium,high,104,70,39,balanced,1,0,0,0,1,0,1,1,0,285.44,244.08,195.27,3.503,4.097,86.29,52.0,46.0,64.0
synthetic-00092-00,cfg-00092,apex_legends,AMD Ryzen 7 7840HS,NVIDIA GTX 1060 6GB,12,NVMe,1,3840x2160,medium,off,taa,medium,medium,111,200,31,max_fps,0,0,0,0,0,0,0,0,0,54.23,41.22,30.33,18.439,24.262,42.0,99.0,75.31,85.8
synthetic-00092-01,cfg-00092,apex_legends,AMD Ryzen 7 7840HS,NVIDIA GTX 1060 6GB,12,NVMe,1,3840x2160,medium,off,taa,medium,medium,111,200,31,max_fps,1,0,0,0,0,0,0,0,0,54.77,42.12,31.0,18.257,23.741,41.72,99.0,75.31,85.8
synthetic-00092-02,cfg-00092,apex_legends,AMD Ryzen 7 7840HS,NVIDIA GTX 1060 6GB,12,NVMe,1,3840x2160,medium,off,taa,medium,medium,111,200,31,max_fps,0,1,0,0,0,0,0,0,0,54.77,42.12,31.0,18.257,23.741,41.72,99.0,75.31,85.8
synthetic-00092-03,cfg-00092,apex_legends,AMD Ryzen 7 7840HS,NVIDIA GTX 1060 6GB,12,NVMe,1,3840x2160,medium,off,taa,medium,medium,111,200,31,max_fps,0,0,1,0,0,0,0,0,0,53.8,41.08,30.23,18.588,24.343,42.22,99.0,75.31,85.8
synthetic-00092-04,cfg-00092,apex_legends,AMD Ryzen 7 7840HS,NVIDIA GTX 1060 6GB,12,NVMe,1,3840x2160,medium,off,taa,medium,medium,111,200,31,max_fps,0,0,0,1,0,0,0,0,0,54.45,41.58,30.6,18.366,24.052,41.89,99.0,75.31,85.8
synthetic-00092-05,cfg-00092,apex_legends,AMD Ryzen 7 7840HS,NVIDIA GTX 1060 6GB,12,NVMe,1,3840x2160,medium,off,taa,medium,medium,111,200,31,max_fps,0,0,0,0,1,0,0,0,0,59.33,50.75,37.35,16.855,19.704,39.37,99.0,75.31,85.8
synthetic-00092-06,cfg-00092,apex_legends,AMD Ryzen 7 7840HS,NVIDIA GTX 1060 6GB,12,NVMe,1,3840x2160,medium,off,taa,medium,medium,111,200,31,max_fps,0,0,0,0,0,1,0,0,0,55.21,42.85,31.54,18.113,23.336,41.5,99.0,75.31,85.8
synthetic-00092-07,cfg-00092,apex_legends,AMD Ryzen 7 7840HS,NVIDIA GTX 1060 6GB,12,NVMe,1,3840x2160,medium,off,taa,medium,medium,111,200,31,max_fps,0,0,0,0,0,0,1,0,0,57.58,47.9,35.25,17.366,20.877,40.27,99.0,75.31,85.8
synthetic-00092-08,cfg-00092,apex_legends,AMD Ryzen 7 7840HS,NVIDIA GTX 1060 6GB,12,NVMe,1,3840x2160,medium,off,taa,medium,medium,111,200,31,max_fps,0,0,0,0,0,0,0,1,0,55.42,43.59,32.09,18.044,22.938,41.39,99.0,75.31,85.8
synthetic-00092-09,cfg-00092,apex_legends,AMD Ryzen 7 7840HS,NVIDIA GTX 1060 6GB,12,NVMe,1,3840x2160,medium,off,taa,medium,medium,111,200,31,max_fps,0,0,0,0,0,0,0,0,1,55.97,44.15,32.49,17.868,22.652,41.1,99.0,75.31,85.8
synthetic-00092-10,cfg-00092,apex_legends,AMD Ryzen 7 7840HS,NVIDIA GTX 1060 6GB,12,NVMe,1,3840x2160,medium,off,taa,medium,medium,111,200,31,max_fps,0,0,1,0,1,0,0,0,0,58.69,50.15,36.91,17.04,19.94,39.7,99.0,75.31,85.8
synthetic-00092-11,cfg-00092,apex_legends,AMD Ryzen 7 7840HS,NVIDIA GTX 1060 6GB,12,NVMe,1,3840x2160,medium,off,taa,medium,medium,111,200,31,max_fps,1,0,0,1,0,0,0,1,1,57.42,47.02,34.6,17.417,21.269,40.36,99.0,75.31,85.8
synthetic-00092-12,cfg-00092,apex_legends,AMD Ryzen 7 7840HS,NVIDIA GTX 1060 6GB,12,NVMe,1,3840x2160,medium,off,taa,medium,medium,111,200,31,max_fps,0,0,1,1,0,0,1,0,1,58.44,49.87,36.7,17.11,20.052,39.82,99.0,75.31,85.8
synthetic-00093-00,cfg-00093,cyberpunk_2077,Intel Core i7-12700H,NVIDIA RTX 4070,16,SSD,0,2560x1440,medium,on,off,high,low,106,114,54,balanced,0,0,0,0,0,0,0,0,0,60.0,44.53,35.62,16.667,22.458,46.02,98.2,47.28,64.0
synthetic-00093-01,cfg-00093,cyberpunk_2077,Intel Core i7-12700H,NVIDIA RTX 4070,16,SSD,0,2560x1440,medium,on,off,high,low,106,114,54,balanced,1,0,0,0,0,0,0,0,0,60.0,44.1,35.28,16.667,22.678,46.25,98.2,47.28,64.0
synthetic-00093-02,cfg-00093,cyberpunk_2077,Intel Core i7-12700H,NVIDIA RTX 4070,16,SSD,0,2560x1440,medium,on,off,high,low,106,114,54,balanced,0,1,0,0,0,0,0,0,0,60.0,45.61,36.49,16.667,21.925,45.59,98.2,47.28,64.0
synthetic-00093-03,cfg-00093,cyberpunk_2077,Intel Core i7-12700H,NVIDIA RTX 4070,16,SSD,0,2560x1440,medium,on,off,high,low,106,114,54,balanced,0,0,1,0,0,0,0,0,0,60.0,48.25,38.6,16.667,20.724,44.43,98.2,47.28,64.0
synthetic-00093-04,cfg-00093,cyberpunk_2077,Intel Core i7-12700H,NVIDIA RTX 4070,16,SSD,0,2560x1440,medium,on,off,high,low,106,114,54,balanced,0,0,0,1,0,0,0,0,0,60.0,45.01,36.01,16.667,22.218,45.91,98.2,47.28,64.0
synthetic-00093-05,cfg-00093,cyberpunk_2077,Intel Core i7-12700H,NVIDIA RTX 4070,16,SSD,0,2560x1440,medium,on,off,high,low,106,114,54,balanced,0,0,0,0,1,0,0,0,0,60.0,46.8,37.44,16.667,21.37,44.85,98.2,47.28,64.0
synthetic-00093-06,cfg-00093,cyberpunk_2077,Intel Core i7-12700H,NVIDIA RTX 4070,16,SSD,0,2560x1440,medium,on,off,high,low,106,114,54,balanced,0,0,0,0,0,1,0,0,0,60.0,46.2,36.96,16.667,21.645,45.33,98.2,47.28,64.0
synthetic-00093-07,cfg-00093,cyberpunk_2077,Intel Core i7-12700H,NVIDIA RTX 4070,16,SSD,0,2560x1440,medium,on,off,high,low,106,114,54,balanced,0,0,0,0,0,0,1,0,0,60.0,48.42,38.73,16.667,20.655,44.51,98.2,47.28,64.0
synthetic-00093-08,cfg-00093,cyberpunk_2077,Intel Core i7-12700H,NVIDIA RTX 4070,16,SSD,0,2560x1440,medium,on,off,high,low,106,114,54,balanced,0,0,0,0,0,0,0,1,0,60.0,46.47,37.18,16.667,21.519,45.31,98.2,47.28,64.0
synthetic-00093-09,cfg-00093,cyberpunk_2077,Intel Core i7-12700H,NVIDIA RTX 4070,16,SSD,0,2560x1440,medium,on,off,high,low,106,114,54,balanced,0,0,0,0,0,0,0,0,1,60.0,46.08,36.86,16.667,21.701,45.37,98.2,47.28,64.0
synthetic-00093-10,cfg-00093,cyberpunk_2077,Intel Core i7-12700H,NVIDIA RTX 4070,16,SSD,0,2560x1440,medium,on,off,high,low,106,114,54,balanced,1,0,0,1,0,0,1,0,0,60.0,48.11,38.49,16.667,20.786,44.75,98.2,47.28,64.0
synthetic-00093-11,cfg-00093,cyberpunk_2077,Intel Core i7-12700H,NVIDIA RTX 4070,16,SSD,0,2560x1440,medium,on,off,high,low,106,114,54,balanced,0,0,0,0,1,0,0,1,1,60.0,49.77,39.82,16.667,20.091,43.71,98.2,47.28,64.0
synthetic-00093-12,cfg-00093,cyberpunk_2077,Intel Core i7-12700H,NVIDIA RTX 4070,16,SSD,0,2560x1440,medium,on,off,high,low,106,114,54,balanced,1,1,0,0,1,0,0,0,0,60.0,47.18,37.75,16.667,21.194,44.76,98.2,47.28,64.0
synthetic-00094-00,cfg-00094,warzone,Intel Core i7-12700H,NVIDIA RTX 2060,32,HDD,0,1920x1080,low,off,taa,medium,low,55,91,47,balanced,0,0,0,0,0,0,0,0,0,142.57,106.75,85.4,7.014,9.368,90.54,52.0,46.0,64.0
synthetic-00094-01,cfg-00094,warzone,Intel Core i7-12700H,NVIDIA RTX 2060,32,HDD,0,1920x1080,low,off,taa,medium,low,55,91,47,balanced,1,0,0,0,0,0,0,0,0,150.41,122.5,98.0,6.648,8.163,89.0,52.0,46.0,64.0
synthetic-00094-02,cfg-00094,warzone,Intel Core i7-12700H,NVIDIA RTX 2060,32,HDD,0,1920x1080,low,off,taa,medium,low,55,91,47,balanced,0,1,0,0,0,0,0,0,0,146.21,113.2,90.56,6.839,8.834,89.83,52.0,46.0,64.0
synthetic-00094-03,cfg-00094,warzone,Intel Core i7-12700H,NVIDIA RTX 2060,32,HDD,0,1920x1080,low,off,taa,medium,low,55,91,47,balanced,0,0,1,0,0,0,0,0,0,145.71,111.98,89.58,6.863,8.93,89.93,52.0,46.0,64.0
synthetic-00094-04,cfg-00094,warzone,Intel Core i7-12700H,NVIDIA RTX 2060,32,HDD,0,1920x1080,low,off,taa,medium,low,55,91,47,balanced,0,0,0,1,0,0,0,0,0,144.57,115.02,92.02,6.917,8.694,90.15,52.0,46.0,64.0
synthetic-00094-05,cfg-00094,warzone,Intel Core i7-12700H,NVIDIA RTX 2060,32,HDD,0,1920x1080,low,off,taa,medium,low,55,91,47,balanced,0,0,0,0,1,0,0,0,0,148.56,116.84,93.48,6.731,8.558,89.37,52.0,46.0,64.0
synthetic-00094-06,cfg-00094,warzone,Intel Core i7-12700H,NVIDIA RTX 2060,32,HDD,0,1920x1080,low,off,taa,medium,low,55,91,47,balanced,0,0,0,0,0,1,0,0,0,150.88,121.41,97.12,6.628,8.237,88.91,52.0,46.0,64.0
synthetic-00094-07,cfg-00094,warzone,Intel Core i7-12700H,NVIDIA RTX 2060,32,HDD,0,1920x1080,low,off,taa,medium,low,55,91,47,balanced,0,0,0,0,0,0,1,0,0,144.85,110.54,88.43,6.903,9.047,90.09,52.0,46.0,64.0
synthetic-00094-08,cfg-00094,warzone,Intel Core i7-12700H,NVIDIA RTX 2060,32,HDD,0,1920x1080,low,off,taa,medium,low,55,91,47,balanced,0,0,0,0,0,0,0,1,0,149.44,120.07,96.05,6.691,8.329,89.19,52.0,46.0,64.0
synthetic-00094-09,cfg-00094,warzone,Intel Core i7-12700H,NVIDIA RTX 2060,32,HDD,0,1920x1080,low,off,taa,medium,low,55,91,47,balanced,0,0,0,0,0,0,0,0,1,147.43,115.37,92.29,6.783,8.668,89.59,52.0,46.0,64.0
synthetic-00094-10,cfg-00094,warzone,Intel Core i7-12700H,NVIDIA RTX 2060,32,HDD,0,1920x1080,low,off,taa,medium,low,55,91,47,balanced,1,1,1,1,0,0,0,0,0,156.94,138.94,111.15,6.372,7.197,87.72,52.0,46.0,64.0
synthetic-00094-11,cfg-00094,warzone,Intel Core i7-12700H,NVIDIA RTX 2060,32,HDD,0,1920x1080,low,off,taa,medium,low,55,91,47,balanced,1,0,1,0,1,0,1,0,0,159.22,138.18,110.54,6.281,7.237,87.27,52.0,46.0,64.0
synthetic-00094-12,cfg-00094,warzone,Intel Core i7-12700H,NVIDIA RTX 2060,32,HDD,0,1920x1080,low,off,taa,medium,low,55,91,47,balanced,0,1,0,0,1,0,0,1,0,157.59,134.91,107.93,6.346,7.412,87.59,52.0,46.0,64.0
synthetic-00095-00,cfg-00095,warzone,Intel Core i5-9400F,AMD RX 6600,8,SSD,0,1280x720,medium,off,fxaa,low,medium,91,133,35,max_fps,0,0,0,0,0,0,0,0,0,83.76,63.66,50.93,11.938,15.708,88.0,50.88,44.56,64.0
synthetic-00095-01,cfg-00095,warzone,Intel Core i5-9400F,AMD RX 6600,8,SSD,0,1280x720,medium,off,fxaa,low,medium,91,133,35,max_fps,1,0,0,0,0,0,0,0,0,89.88,75.67,60.53,11.126,13.216,85.96,50.88,44.56,64.0
synthetic-00095-02,cfg-00095,warzone,Intel Core i5-9400F,AMD RX 6600,8,SSD,0,1280x720,medium,off,fxaa,low,medium,91,133,35,max_fps,0,1,0,0,0,0,0,0,0,85.61,66.76,53.4,11.681,14.98,87.38,50.88,44.56,64.0
synthetic-00095-03,cfg-00095,warzone,Intel Core i5-9400F,AMD RX 6600,8,SSD,0,1280x720,medium,off,fxaa,low,medium,91,133,35,max_fps,0,0,1,0,0,0,0,0,0,85.61,66.76,53.4,11.681,14.98,87.38,50.88,44.56,64.0
synthetic-00095-04,cfg-00095,warzone,Intel Core i5-9400F,AMD RX 6600,8,SSD,0,1280x720,medium,off,fxaa,low,medium,91,133,35,max_fps,0,0,0,1,0,0,0,0,0,84.94,68.3,54.64,11.774,14.642,87.61,50.88,44.56,64.0
synthetic-00095-05,cfg-00095,warzone,Intel Core i5-9400F,AMD RX 6600,8,SSD,0,1280x720,medium,off,fxaa,low,medium,91,133,35,max_fps,0,0,0,0,1,0,0,0,0,87.28,69.63,55.71,11.457,14.361,86.82,50.88,44.56,64.0
synthetic-00095-06,cfg-00095,warzone,Intel Core i5-9400F,AMD RX 6600,8,SSD,0,1280x720,medium,off,fxaa,low,medium,91,133,35,max_fps,0,0,0,0,0,1,0,0,0,88.29,71.39,57.11,11.327,14.008,86.49,50.88,44.56,64.0
synthetic-00095-07,cfg-00095,warzone,Intel Core i5-9400F,AMD RX 6600,8,SSD,0,1280x720,medium,off,fxaa,low,medium,91,133,35,max_fps,0,0,0,0,0,0,1,0,0,85.1,65.9,52.72,11.75,15.174,87.55,50.88,44.56,64.0
synthetic-00095-08,cfg-00095,warzone,Intel Core i5-9400F,AMD RX 6600,8,SSD,0,1280x720,medium,off,fxaa,low,medium,91,133,35,max_fps,0,0,0,0,0,0,0,1,0,87.8,71.53,57.23,11.389,13.98,86.65,50.88,44.56,64.0
synthetic-00095-09,cfg-00095,warzone,Intel Core i5-9400F,AMD RX 6600,8,SSD,0,1280x720,medium,off,fxaa,low,medium,91,133,35,max_fps,0,0,0,0,0,0,0,0,1,86.44,68.19,54.55,11.568,14.666,87.1,50.88,44.56,64.0
synthetic-00095-10,cfg-00095,warzone,Intel Core i5-9400F,AMD RX 6600,8,SSD,0,1280x720,medium,off,fxaa,low,medium,91,133,35,max_fps,1,1,1,0,0,1,0,0,0,96.15,87.22,69.78,10.4,11.465,83.86,50.88,44.56,64.0
synthetic-00095-11,cfg-00095,warzone,Intel Core i5-9400F,AMD RX 6600,8,SSD,0,1280x720,medium,off,fxaa,low,medium,91,133,35,max_fps,1,1,0,0,0,0,1,0,0,92.22,79.83,63.87,10.843,12.526,85.17,50.88,44.56,64.0
synthetic-00095-12,cfg-00095,warzone,Intel Core i5-9400F,AMD RX 6600,8,SSD,0,1280x720,medium,off,fxaa,low,medium,91,133,35,max_fps,0,1,0,0,0,0,1,0,1,89.1,72.82,58.26,11.223,13.732,86.22,50.88,44.56,64.0
synthetic-00096-00,cfg-00096,valorant,AMD Ryzen 5 3600,AMD RX 6600,32,NVMe,0,1920x1080,low,off,fxaa,medium,low,76,173,101,balanced,0,0,0,0,0,0,0,0,0,168.31,117.46,93.97,5.942,8.514,99.0,52.0,46.0,64.0
synthetic-00096-01,cfg-00096,valorant,AMD Ryzen 5 3600,AMD RX 6600,32,NVMe,0,1920x1080,low,off,fxaa,medium,low,76,173,101,balanced,1,0,0,0,0,0,0,0,0,170.76,124.18,99.35,5.856,8.053,99.0,52.0,46.0,64.0
synthetic-00096-02,cfg-00096,valorant,AMD Ryzen 5 3600,AMD RX 6600,32,NVMe,0,1920x1080,low,off,fxaa,medium,low,76,173,101,balanced,0,1,0,0,0,0,0,0,0,175.28,131.3,105.04,5.705,7.616,99.0,52.0,46.0,64.0
synthetic-00096-03,cfg-00096,valorant,AMD Ryzen 5 3600,AMD RX 6600,32,NVMe,0,1920x1080,low,off,fxaa,medium,low,76,173,101,balanced,0,0,1,0,0,0,0,0,0,172.01,123.45,98.76,5.814,8.101,99.0,52.0,46.0,64.0
synthetic-00096-04,cfg-00096,valorant,AMD Ryzen 5 3600,AMD RX 6600,32,NVMe,0,1920x1080,low,off,fxaa,medium,low,76,173,101,balanced,0,0,0,1,0,0,0,0,0,169.13,118.78,95.02,5.913,8.419,99.0,52.0,46.0,64.0
synthetic-00096-05,cfg-00096,valorant,AMD Ryzen 5 3600,AMD RX 6600,32,NVMe,0,1920x1080,low,off,fxaa,medium,low,76,173,101,balanced,0,0,0,0,1,0,0,0,0,175.37,129.02,103.22,5.702,7.751,99.0,52.0,46.0,64.0
synthetic-00096-06,cfg-00096,valorant,AMD Ryzen 5 3600,AMD RX 6600,32,NVMe,0,1920x1080,low,off,fxaa,medium,low,76,173,101,balanced,0,0,0,0,0,1,0,0,0,181.31,142.7,114.16,5.515,7.008,99.0,52.0,46.0,64.0
synthetic-00096-07,cfg-00096,valorant,AMD Ryzen 5 3600,AMD RX 6600,32,NVMe,0,1920x1080,low,off,fxaa,medium,low,76,173,101,balanced,0,0,0,0,0,0,1,0,0,171.0,121.8,97.44,5.848,8.21,99.0,52.0,46.0,64.0
synthetic-00096-08,cfg-00096,valorant,AMD Ryzen 5 3600,AMD RX 6600,32,NVMe,0,1920x1080,low,off,fxaa,medium,low,76,173,101,balanced,0,0,0,0,0,0,0,1,0,174.45,128.02,102.42,5.732,7.811,99.0,52.0,46.0,64.0
synthetic-00096-09,cfg-00096,valorant,AMD Ryzen 5 3600,AMD RX 6600,32,NVMe,0,1920x1080,low,off,fxaa,medium,low,76,173,101,balanced,0,0,0,0,0,0,0,0,1,176.86,134.61,107.69,5.654,7.429,99.0,52.0,46.0,64.0
synthetic-00096-10,cfg-00096,valorant,AMD Ryzen 5 3600,AMD RX 6600,32,NVMe,0,1920x1080,low,off,fxaa,medium,low,76,173,101,balanced,0,0,0,1,1,1,0,1,0,191.7,161.53,129.23,5.216,6.191,98.08,52.0,46.0,64.0
synthetic-00096-11,cfg-00096,valorant,AMD Ryzen 5 3600,AMD RX 6600,32,NVMe,0,1920x1080,low,off,fxaa,medium,low,76,173,101,balanced,0,0,0,0,0,0,0,1,1,182.34,144.53,115.62,5.484,6.919,99.0,52.0,46.0,64.0
synthetic-00096-12,cfg-00096,valorant,AMD Ryzen 5 3600,AMD RX 6600,32,NVMe,0,1920x1080,low,off,fxaa,medium,low,76,173,101,balanced,0,1,0,1,1,1,0,0,0,192.41,164.67,131.74,5.197,6.073,97.97,52.0,46.0,64.0
synthetic-00097-00,cfg-00097,valorant,AMD Ryzen 7 7840HS,NVIDIA RTX 4070,32,SSD,0,1920x1080,medium,off,msaa_4x,ultra,medium,145,41,74,max_fps,0,0,0,0,0,0,0,0,0,258.09,186.67,149.34,3.875,5.357,96.26,52.0,48.56,64.0
synthetic-00097-01,cfg-00097,valorant,AMD Ryzen 7 7840HS,NVIDIA RTX 4070,32,SSD,0,1920x1080,medium,off,msaa_4x,ultra,medium,145,41,74,max_fps,1,0,0,0,0,0,0,0,0,260.93,195.54,156.43,3.832,5.114,95.95,52.0,48.56,64.0
synthetic-00097-02,cfg-00097,valorant,AMD Ryzen 7 7840HS,NVIDIA RTX 4070,32,SSD,0,1920x1080,medium,off,msaa_4x,ultra,medium,145,41,74,max_fps,0,1,0,0,0,0,0,0,0,266.73,203.16,162.53,3.749,4.922,95.32,52.0,48.56,64.0
synthetic-00097-03,cfg-00097,valorant,AMD Ryzen 7 7840HS,NVIDIA RTX 4070,32,SSD,0,1920x1080,medium,off,msaa_4x,ultra,medium,145,41,74,max_fps,0,0,1,0,0,0,0,0,0,263.77,196.0,156.8,3.791,5.102,95.64,52.0,48.56,64.0
synthetic-00097-04,cfg-00097,valorant,AMD Ryzen 7 7840HS,NVIDIA RTX 4070,32,SSD,0,1920x1080,medium,off,msaa_4x,ultra,medium,145,41,74,max_fps,0,0,0,1,0,0,0,0,0,259.35,188.73,150.99,3.856,5.299,96.12,52.0,48.56,64.0
synthetic-00097-05,cfg-00097,valorant,AMD Ryzen 7 7840HS,NVIDIA RTX 4070,32,SSD,0,1920x1080,medium,off,msaa_4x,ultra,medium,145,41,74,max_fps,0,0,0,0,1,0,0,0,0,268.93,204.68,163.74,3.718,4.886,95.08,52.0,48.56,64.0
synthetic-00097-06,cfg-00097,valorant,AMD Ryzen 7 7840HS,NVIDIA RTX 4070,32,SSD,0,1920x1080,medium,off,msaa_4x,ultra,medium,145,41,74,max_fps,0,0,0,0,0,1,0,0,0,275.58,219.32,175.45,3.629,4.56,94.36,52.0,48.56,64.0
synthetic-00097-07,cfg-00097,valorant,AMD Ryzen 7 7840HS,NVIDIA RTX 4070,32,SSD,0,1920x1080,medium,off,msaa_4x,ultra,medium,145,41,74,max_fps,0,0,0,0,0,0,1,0,0,262.22,193.44,154.75,3.814,5.17,95.81,52.0,48.56,64.0
synthetic-00097-08,cfg-00097,valorant,AMD Ryzen 7 7840HS,NVIDIA RTX 4070,32,SSD,0,1920x1080,medium,off,msaa_4x,ultra,medium,145,41,74,max_fps,0,0,0,0,0,0,0,1,0,267.51,203.12,162.49,3.738,4.923,95.24,52.0,48.56,64.0
synthetic-00097-09,cfg-00097,valorant,AMD Ryzen 7 7840HS,NVIDIA RTX 4070,32,SSD,0,1920x1080,medium,off,msaa_4x,ultra,medium,145,41,74,max_fps,0,0,0,0,0,0,0,0,1,267.11,204.35,163.48,3.744,4.893,95.28,52.0,48.56,64.0
synthetic-00097-10,cfg-00097,valorant,AMD Ryzen 7 7840HS,NVIDIA RTX 4070,32,SSD,0,1920x1080,medium,off,msaa_4x,ultra,medium,145,41,74,max_fps,1,1,0,0,0,0,0,1,0,277.11,225.77,180.61,3.609,4.429,94.2,52.0,48.56,64.0
synthetic-00097-11,cfg-00097,valorant,AMD Ryzen 7 7840HS,NVIDIA RTX 4070,32,SSD,0,1920x1080,medium,off,msaa_4x,ultra,medium,145,41,74,max_fps,0,1,0,0,0,0,1,0,1,277.91,224.93,179.94,3.598,4.446,94.11,52.0,48.56,64.0
synthetic-00097-12,cfg-00097,valorant,AMD Ryzen 7 7840HS,NVIDIA RTX 4070,32,SSD,0,1920x1080,medium,off,msaa_4x,ultra,medium,145,41,74,max_fps,0,0,0,0,1,1,0,0,0,285.14,236.29,189.03,3.507,4.232,93.32,52.0,48.56,64.0
synthetic-00098-00,cfg-00098,cs2,AMD Ryzen 5 5600X,NVIDIA GTX 1060 6GB,16,NVMe,0,1920x1080,ultra,off,msaa_2x,medium,medium,50,39,70,quality,0,0,0,0,0,0,0,0,0,146.76,106.71,85.36,6.814,9.372,49.41,96.0,46.0,64.0
synthetic-00098-01,cfg-00098,cs2,AMD Ryzen 5 5600X,NVIDIA GTX 1060 6GB,16,NVMe,0,1920x1080,ultra,off,msaa_2x,medium,medium,50,39,70,quality,1,0,0,0,0,0,0,0,0,150.87,113.5,90.8,6.628,8.811,48.63,96.0,46.0,64.0
synthetic-00098-02,cfg-00098,cs2,AMD Ryzen 5 5600X,NVIDIA GTX 1060 6GB,16,NVMe,0,1920x1080,ultra,off,msaa_2x,medium,medium,50,39,70,quality,0,1,0,0,0,0,0,0,0,149.74,112.72,90.17,6.678,8.872,48.84,96.0,46.0,64.0
synthetic-00098-03,cfg-00098,cs2,AMD Ryzen 5 5600X,NVIDIA GTX 1060 6GB,16,NVMe,0,1920x1080,ultra,off,msaa_2x,medium,medium,50,39,70,quality,0,0,1,0,0,0,0,0,0,145.59,106.38,85.1,6.869,9.401,49.64,96.0,46.0,64.0
synthetic-00098-04,cfg-00098,cs2,AMD Ryzen 5 5600X,NVIDIA GTX 1060 6GB,16,NVMe,0,1920x1080,ultra,off,msaa_2x,medium,medium,50,39,70,quality,0,0,0,1,0,0,0,0,0,147.35,108.86,87.09,6.787,9.186,49.3,96.0,46.0,64.0
synthetic-00098-05,cfg-00098,cs2,AMD Ryzen 5 5600X,NVIDIA GTX 1060 6GB,16,NVMe,0,1920x1080,ultra,off,msaa_2x,medium,medium,50,39,70,quality,0,0,0,0,1,0,0,0,0,152.93,116.97,93.57,6.539,8.549,48.24,96.0,46.0,64.0
synthetic-00098-06,cfg-00098,cs2,AMD Ryzen 5 5600X,NVIDIA GTX 1060 6GB,16,NVMe,0,1920x1080,ultra,off,msaa_2x,medium,medium,50,39,70,quality,0,0,0,0,0,1,0,0,0,151.22,115.64,92.52,6.613,8.647,48.56,96.0,46.0,64.0
synthetic-00098-07,cfg-00098,cs2,AMD Ryzen 5 5600X,NVIDIA GTX 1060 6GB,16,NVMe,0,1920x1080,ultra,off,msaa_2x,medium,medium,50,39,70,quality,0,0,0,0,0,0,1,0,0,154.69,122.49,97.99,6.465,8.164,47.9,96.0,46.0,64.0
synthetic-00098-08,cfg-00098,cs2,AMD Ryzen 5 5600X,NVIDIA GTX 1060 6GB,16,NVMe,0,1920x1080,ultra,off,msaa_2x,medium,medium,50,39,70,quality,0,0,0,0,0,0,0,1,0,149.45,111.78,89.42,6.691,8.946,48.9,96.0,46.0,64.0
synthetic-00098-09,cfg-00098,cs2,AMD Ryzen 5 5600X,NVIDIA GTX 1060 6GB,16,NVMe,0,1920x1080,ultra,off,msaa_2x,medium,medium,50,39,70,quality,0,0,0,0,0,0,0,0,1,151.55,116.03,92.83,6.599,8.618,48.5,96.0,46.0,64.0
synthetic-00098-10,cfg-00098,cs2,AMD Ryzen 5 5600X,NVIDIA GTX 1060 6GB,16,NVMe,0,1920x1080,ultra,off,msaa_2x,medium,medium,50,39,70,quality,0,1,0,1,1,0,1,0,0,162.04,137.44,109.95,6.172,7.276,46.5,96.0,46.0,64.0
synthetic-00098-11,cfg-00098,cs2,AMD Ryzen 5 5600X,NVIDIA GTX 1060 6GB,16,NVMe,0,1920x1080,ultra,off,msaa_2x,medium,medium,50,39,70,quality,0,1,0,1,1,0,1,0,0,162.04,137.44,109.95,6.172,7.276,46.5,96.0,46.0,64.0
synthetic-00098-12,cfg-00098,cs2,AMD Ryzen 5 5600X,NVIDIA GTX 1060 6GB,16,NVMe,0,1920x1080,ultra,off,msaa_2x,medium,medium,50,39,70,quality,1,0,0,0,1,0,0,0,1,160.46,131.5,105.2,6.232,7.604,46.8,96.0,46.0,64.0
synthetic-00099-00,cfg-00099,cyberpunk_2077,AMD Ryzen 7 7840HS,NVIDIA RTX 4060,32,SSD,0,2560x1440,high,off,off,medium,medium,135,196,66,quality,0,0,0,0,0,0,0,0,0,80.45,58.79,47.03,12.43,17.009,48.56,98.2,46.0,64.0
synthetic-00099-01,cfg-00099,cyberpunk_2077,AMD Ryzen 7 7840HS,NVIDIA RTX 4060,32,SSD,0,2560x1440,high,off,off,medium,medium,135,196,66,quality,1,0,0,0,0,0,0,0,0,81.25,60.11,48.09,12.307,16.636,48.28,98.2,46.0,64.0
synthetic-00099-02,cfg-00099,cyberpunk_2077,AMD Ryzen 7 7840HS,NVIDIA RTX 4060,32,SSD,0,2560x1440,high,off,off,medium,medium,135,196,66,quality,0,1,0,0,0,0,0,0,0,81.99,61.87,49.49,12.197,16.164,48.03,98.2,46.0,64.0
synthetic-00099-03,cfg-00099,cyberpunk_2077,AMD Ryzen 7 7840HS,NVIDIA RTX 4060,32,SSD,0,2560x1440,high,off,off,medium,medium,135,196,66,quality,0,0,1,0,0,0,0,0,0,85.03,67.42,53.94,11.76,14.831,46.97,98.2,46.0,64.0
synthetic-00099-04,cfg-00099,cyberpunk_2077,AMD Ryzen 7 7840HS,NVIDIA RTX 4060,32,SSD,0,2560x1440,high,off,off,medium,medium,135,196,66,quality,0,0,0,1,0,0,0,0,0,80.77,59.9,47.92,12.381,16.694,48.45,98.2,46.0,64.0
synthetic-00099-05,cfg-00099,cyberpunk_2077,AMD Ryzen 7 7840HS,NVIDIA RTX 4060,32,SSD,0,2560x1440,high,off,off,medium,medium,135,196,66,quality,0,0,0,0,1,0,0,0,0,83.83,64.43,51.54,11.929,15.52,47.39,98.2,46.0,64.0
synthetic-00099-06,cfg-00099,cyberpunk_2077,AMD Ryzen 7 7840HS,NVIDIA RTX 4060,32,SSD,0,2560x1440,high,off,off,medium,medium,135,196,66,quality,0,0,0,0,0,1,0,0,0,82.78,63.41,50.73,12.081,15.77,47.75,98.2,46.0,64.0
synthetic-00099-07,cfg-00099,cyberpunk_2077,AMD Ryzen 7 7840HS,NVIDIA RTX 4060,32,SSD,0,2560x1440,high,off,off,medium,medium,135,196,66,quality,0,0,0,0,0,0,1,0,0,84.79,67.46,53.97,11.794,14.823,47.05,98.2,46.0,64.0
synthetic-00099-08,cfg-00099,cyberpunk_2077,AMD Ryzen 7 7840HS,NVIDIA RTX 4060,32,SSD,0,2560x1440,high,off,off,medium,medium,135,196,66,quality,0,0,0,0,0,0,0,1,0,82.5,62.97,50.37,12.121,15.882,47.85,98.2,46.0,64.0
synthetic-00099-09,cfg-00099,cyberpunk_2077,AMD Ryzen 7 7840HS,NVIDIA RTX 4060,32,SSD,0,2560x1440,high,off,off,medium,medium,135,196,66,quality,0,0,0,0,0,0,0,0,1,82.88,63.51,50.8,12.066,15.747,47.72,98.2,46.0,64.0
synthetic-00099-10,cfg-00099,cyberpunk_2077,AMD Ryzen 7 7840HS,NVIDIA RTX 4060,32,SSD,0,2560x1440,high,off,off,medium,medium,135,196,66,quality,1,1,1,0,0,0,0,0,0,86.75,70.89,56.71,11.527,14.106,46.37,98.2,46.0,64.0
synthetic-00099-11,cfg-00099,cyberpunk_2077,AMD Ryzen 7 7840HS,NVIDIA RTX 4060,32,SSD,0,2560x1440,high,off,off,medium,medium,135,196,66,quality,0,1,1,1,0,0,0,0,0,86.31,70.67,56.54,11.586,14.149,46.52,98.2,46.0,64.0
synthetic-00099-12,cfg-00099,cyberpunk_2077,AMD Ryzen 7 7840HS,NVIDIA RTX 4060,32,SSD,0,2560x1440,high,off,off,medium,medium,135,196,66,quality,0,0,1,0,0,0,1,1,1,92.05,82.78,66.22,10.864,12.081,44.53,98.2,46.0,64.0
synthetic-00100-00,cfg-00100,apex_legends,AMD Ryzen 7 7840HS,NVIDIA GTX 1660 Super,16,NVMe,0,1920x1080,high,off,msaa_2x,medium,medium,128,67,69,quality,0,0,0,0,0,0,0,0,0,128.36,93.44,74.76,7.791,10.702,49.2,96.0,46.0,64.0
synthetic-00100-01,cfg-00100,apex_legends,AMD Ryzen 7 7840HS,NVIDIA GTX 1660 Super,16,NVMe,0,1920x1080,high,off,msaa_2x,medium,medium,128,67,69,quality,1,0,0,0,0,0,0,0,0,129.64,95.55,76.44,7.714,10.466,48.92,96.0,46.0,64.0
synthetic-00100-02,cfg-00100,apex_legends,AMD Ryzen 7 7840HS,NVIDIA GTX 1660 Super,16,NVMe,0,1920x1080,high,off,msaa_2x,medium,medium,128,67,69,quality,0,1,0,0,0,0,0,0,0,130.92,98.61,78.89,7.638,10.141,48.64,96.0,46.0,64.0
synthetic-00100-03,cfg-00100,apex_legends,AMD Ryzen 7 7840HS,NVIDIA GTX 1660 Super,16,NVMe,0,1920x1080,high,off,msaa_2x,medium,medium,128,67,69,quality,0,0,1,0,0,0,0,0,0,127.33,93.15,74.52,7.854,10.735,49.42,96.0,46.0,64.0
synthetic-00100-04,cfg-00100,apex_legends,AMD Ryzen 7 7840HS,NVIDIA GTX 1660 Super,16,NVMe,0,1920x1080,high,off,msaa_2x,medium,medium,128,67,69,quality,0,0,0,1,0,0,0,0,0,128.87,95.3,76.24,7.76,10.493,49.09,96.0,46.0,64.0
synthetic-00100-05,cfg-00100,apex_legends,AMD Ryzen 7 7840HS,NVIDIA GTX 1660 Super,16,NVMe,0,1920x1080,high,off,msaa_2x,medium,medium,128,67,69,quality,0,0,0,0,1,0,0,0,0,133.75,102.42,81.94,7.477,9.763,48.02,96.0,46.0,64.0
synthetic-00100-06,cfg-00100,apex_legends,AMD Ryzen 7 7840HS,NVIDIA GTX 1660 Super,16,NVMe,0,1920x1080,high,off,msaa_2x,medium,medium,128,67,69,quality,0,0,0,0,0,1,0,0,0,132.21,101.15,80.92,7.564,9.886,48.36,96.0,46.0,64.0
synthetic-00100-07,cfg-00100,apex_legends,AMD Ryzen 7 7840HS,NVIDIA GTX 1660 Super,16,NVMe,0,1920x1080,high,off,msaa_2x,medium,medium,128,67,69,quality,0,0,0,0,0,0,1,0,0,135.29,107.26,85.81,7.392,9.323,47.69,96.0,46.0,64.0
synthetic-00100-08,cfg-00100,apex_legends,AMD Ryzen 7 7840HS,NVIDIA GTX 1660 Super,16,NVMe,0,1920x1080,high,off,msaa_2x,medium,medium,128,67,69,quality,0,0,0,0,0,0,0,1,0,131.17,98.98,79.19,7.624,10.103,48.59,96.0,46.0,64.0
synthetic-00100-09,cfg-00100,apex_legends,AMD Ryzen 7 7840HS,NVIDIA GTX 1660 Super,16,NVMe,0,1920x1080,high,off,msaa_2x,medium,medium,128,67,69,quality,0,0,0,0,0,0,0,0,1,132.46,101.44,81.15,7.549,9.858,48.3,96.0,46.0,64.0
synthetic-00100-10,cfg-00100,apex_legends,AMD Ryzen 7 7840HS,NVIDIA GTX 1660 Super,16,NVMe,0,1920x1080,high,off,msaa_2x,medium,medium,128,67,69,quality,0,0,1,0,0,0,1,0,0,134.0,106.3,85.04,7.463,9.407,47.97,96.0,46.0,64.0
synthetic-00100-11,cfg-00100,apex_legends,AMD Ryzen 7 7840HS,NVIDIA GTX 1660 Super,16,NVMe,0,1920x1080,high,off,msaa_2x,medium,medium,128,67,69,quality,0,0,0,0,1,0,0,0,1,137.43,109.97,87.98,7.277,9.093,47.22,96.0,46.0,64.0
synthetic-00100-12,cfg-00100,apex_legends,AMD Ryzen 7 7840HS,NVIDIA GTX 1660 Super,16,NVMe,0,1920x1080,high,off,msaa_2x,medium,medium,128,67,69,quality,0,0,1,1,1,0,0,1,0,135.01,107.58,86.06,7.407,9.296,47.75,96.0,46.0,64.0
synthetic-00101-00,cfg-00101,cs2,AMD Ryzen 5 3600,NVIDIA GTX 1060 6GB,32,HDD,0,1920x1080,low,on,off,ultra,low,20,102,26,max_fps,0,0,0,0,0,0,0,0,0,144.0,109.44,87.55,6.944,9.137,88.0,52.0,48.56,64.0
synthetic-00101-01,cfg-00101,cs2,AMD Ryzen 5 3600,NVIDIA GTX 1060 6GB,32,HDD,0,1920x1080,low,on,off,ultra,low,20,102,26,max_fps,1,0,0,0,0,0,0,0,0,144.0,121.23,96.99,6.944,8.249,85.96,52.0,48.56,64.0
synthetic-00101-02,cfg-00101,cs2,AMD Ryzen 5 3600,NVIDIA GTX 1060 6GB,32,HDD,0,1920x1080,low,on,off,ultra,low,20,102,26,max_fps,0,1,0,0,0,0,0,0,0,144.0,112.29,89.83,6.944,8.905,87.38,52.0,48.56,64.0
synthetic-00101-03,cfg-00101,cs2,AMD Ryzen 5 3600,NVIDIA GTX 1060 6GB,32,HDD,0,1920x1080,low,on,off,ultra,low,20,102,26,max_fps,0,0,1,0,0,0,0,0,0,144.0,108.4,86.72,6.944,9.225,88.22,52.0,48.56,64.0
synthetic-00101-04,cfg-00101,cs2,AMD Ryzen 5 3600,NVIDIA GTX 1060 6GB,32,HDD,0,1920x1080,low,on,off,ultra,low,20,102,26,max_fps,0,0,0,1,0,0,0,0,0,144.0,115.79,92.63,6.944,8.636,87.61,52.0,48.56,64.0
synthetic-00101-05,cfg-00101,cs2,AMD Ryzen 5 3600,NVIDIA GTX 1060 6GB,32,HDD,0,1920x1080,low,on,off,ultra,low,20,102,26,max_fps,0,0,0,0,1,0,0,0,0,144.0,114.88,91.91,6.944,8.704,86.82,52.0,48.56,64.0
synthetic-00101-06,cfg-00101,cs2,AMD Ryzen 5 3600,NVIDIA GTX 1060 6GB,32,HDD,0,1920x1080,low,on,off,ultra,low,20,102,26,max_fps,0,0,0,0,0,1,0,0,0,144.0,116.44,93.15,6.944,8.588,86.49,52.0,48.56,64.0
synthetic-00101-07,cfg-00101,cs2,AMD Ryzen 5 3600,NVIDIA GTX 1060 6GB,32,HDD,0,1920x1080,low,on,off,ultra,low,20,102,26,max_fps,0,0,0,0,0,0,1,0,0,144.0,111.51,89.21,6.944,8.968,87.55,52.0,48.56,64.0
synthetic-00101-08,cfg-00101,cs2,AMD Ryzen 5 3600,NVIDIA GTX 1060 6GB,32,HDD,0,1920x1080,low,on,off,ultra,low,20,102,26,max_fps,0,0,0,0,0,0,0,1,0,144.0,115.04,92.03,6.944,8.693,86.93,52.0,48.56,64.0
synthetic-00101-09,cfg-00101,cs2,AMD Ryzen 5 3600,NVIDIA GTX 1060 6GB,32,HDD,0,1920x1080,low,on,off,ultra,low,20,102,26,max_fps,0,0,0,0,0,0,0,0,1,144.0,112.94,90.35,6.944,8.854,87.24,52.0,48.56,64.0
synthetic-00101-10,cfg-00101,cs2,AMD Ryzen 5 3600,NVIDIA GTX 1060 6GB,32,HDD,0,1920x1080,low,on,off,ultra,low,20,102,26,max_fps,1,0,0,1,1,0,1,0,0,144.0,131.64,105.31,6.944,7.597,84.49,52.0,48.56,64.0
synthetic-00101-11,cfg-00101,cs2,AMD Ryzen 5 3600,NVIDIA GTX 1060 6GB,32,HDD,0,1920x1080,low,on,off,ultra,low,20,102,26,max_fps,1,0,0,0,1,0,0,0,0,144.0,125.9,100.72,6.944,7.943,84.92,52.0,48.56,64.0
synthetic-00101-12,cfg-00101,cs2,AMD Ryzen 5 3600,NVIDIA GTX 1060 6GB,32,HDD,0,1920x1080,low,on,off,ultra,low,20,102,26,max_fps,0,0,0,0,0,1,0,1,0,144.0,121.47,97.18,6.944,8.232,85.53,52.0,48.56,64.0
synthetic-00102-00,cfg-00102,warzone,AMD Ryzen 7 7840HS,NVIDIA RTX 2060,16,NVMe,1,1920x1080,ultra,off,off,medium,low,161,73,98,quality,0,0,0,0,0,0,0,0,0,92.17,64.58,49.86,10.85,15.484,55.34,52.0,46.0,70.6
synthetic-00102-01,cfg-00102,warzone,AMD Ryzen 7 7840HS,NVIDIA RTX 2060,16,NVMe,1,1920x1080,ultra,off,off,medium,low,161,73,98,quality,1,0,0,0,0,0,0,0,0,93.09,66.07,51.0,10.742,15.136,55.06,52.0,46.0,70.6
synthetic-00102-02,cfg-00102,warzone,AMD Ryzen 7 7840HS,NVIDIA RTX 2060,16,NVMe,1,1920x1080,ultra,off,off,medium,low,161,73,98,quality,0,1,0,0,0,0,0,0,0,94.8,70.12,54.14,10.549,14.26,54.54,52.0,46.0,70.6
synthetic-00102-03,cfg-00102,warzone,AMD Ryzen 7 7840HS,NVIDIA RTX 2060,16,NVMe,1,1920x1080,ultra,off,off,medium,low,161,73,98,quality,0,0,1,0,0,0,0,0,0,94.2,67.87,52.39,10.616,14.734,54.73,52.0,46.0,70.6
synthetic-00102-04,cfg-00102,warzone,AMD Ryzen 7 7840HS,NVIDIA RTX 2060,16,NVMe,1,1920x1080,ultra,off,off,medium,low,161,73,98,quality,0,0,0,1,0,0,0,0,0,92.54,66.53,51.36,10.806,15.03,55.23,52.0,46.0,70.6
synthetic-00102-05,cfg-00102,warzone,AMD Ryzen 7 7840HS,NVIDIA RTX 2060,16,NVMe,1,1920x1080,ultra,off,off,medium,low,161,73,98,quality,0,0,0,0,1,0,0,0,0,97.51,73.88,57.04,10.255,13.535,53.72,52.0,46.0,70.6
synthetic-00102-06,cfg-00102,warzone,AMD Ryzen 7 7840HS,NVIDIA RTX 2060,16,NVMe,1,1920x1080,ultra,off,off,medium,low,161,73,98,quality,0,0,0,0,0,1,0,0,0,95.88,72.44,55.93,10.43,13.804,54.21,52.0,46.0,70.6
synthetic-00102-07,cfg-00102,warzone,AMD Ryzen 7 7840HS,NVIDIA RTX 2060,16,NVMe,1,1920x1080,ultra,off,off,medium,low,161,73,98,quality,0,0,0,0,0,0,1,0,0,93.64,66.96,51.7,10.679,14.933,54.89,52.0,46.0,70.6
synthetic-00102-08,cfg-00102,warzone,AMD Ryzen 7 7840HS,NVIDIA RTX 2060,16,NVMe,1,1920x1080,ultra,off,off,medium,low,161,73,98,quality,0,0,0,0,0,0,0,1,0,94.77,69.88,53.95,10.552,14.309,54.55,52.0,46.0,70.6
synthetic-00102-09,cfg-00102,warzone,AMD Ryzen 7 7840HS,NVIDIA RTX 2060,16,NVMe,1,1920x1080,ultra,off,off,medium,low,161,73,98,quality,0,0,0,0,0,0,0,0,1,96.69,73.63,56.84,10.342,13.581,53.97,52.0,46.0,70.6
synthetic-00102-10,cfg-00102,warzone,AMD Ryzen 7 7840HS,NVIDIA RTX 2060,16,NVMe,1,1920x1080,ultra,off,off,medium,low,161,73,98,quality,0,1,0,0,0,0,0,1,1,101.04,83.36,64.35,9.897,11.997,52.65,52.0,46.0,70.6
synthetic-00102-11,cfg-00102,warzone,AMD Ryzen 7 7840HS,NVIDIA RTX 2060,16,NVMe,1,1920x1080,ultra,off,off,medium,low,161,73,98,quality,0,0,1,1,0,0,0,0,0,94.46,69.62,53.75,10.587,14.363,54.65,52.0,46.0,70.6
synthetic-00102-12,cfg-00102,warzone,AMD Ryzen 7 7840HS,NVIDIA RTX 2060,16,NVMe,1,1920x1080,ultra,off,off,medium,low,161,73,98,quality,1,0,0,0,0,0,1,1,1,100.4,80.86,62.42,9.96,12.368,52.84,52.0,46.0,70.6
synthetic-00103-00,cfg-00103,valorant,AMD Ryzen 7 7840HS,NVIDIA RTX 2060,32,SSD,1,3840x2160,low,off,fxaa,high,high,163,202,29,max_fps,0,0,0,0,0,0,0,0,0,135.37,102.88,77.37,7.387,9.72,88.0,60.4,64.39,82.6
synthetic-00103-01,cfg-00103,valorant,AMD Ryzen 7 7840HS,NVIDIA RTX 2060,32,SSD,1,3840x2160,low,off,fxaa,high,high,163,202,29,max_fps,1,0,0,0,0,0,0,0,0,136.86,107.58,80.9,7.307,9.295,87.69,60.4,64.39,82.6
synthetic-00103-02,cfg-00103,valorant,AMD Ryzen 7 7840HS,NVIDIA RTX 2060,32,SSD,1,3840x2160,low,off,fxaa,high,high,163,202,29,max_fps,0,1,0,0,0,0,0,0,0,138.35,107.88,81.13,7.228,9.269,87.38,60.4,64.39,82.6
synthetic-00103-03,cfg-00103,valorant,AMD Ryzen 7 7840HS,NVIDIA RTX 2060,32,SSD,1,3840x2160,low,off,fxaa,high,high,163,202,29,max_fps,0,0,1,0,0,0,0,0,0,138.35,107.88,81.13,7.228,9.269,87.38,60.4,64.39,82.6
synthetic-00103-04,cfg-00103,valorant,AMD Ryzen 7 7840HS,NVIDIA RTX 2060,32,SSD,1,3840x2160,low,off,fxaa,high,high,163,202,29,max_fps,0,0,0,1,0,0,0,0,0,136.03,103.98,78.2,7.351,9.617,87.86,60.4,64.39,82.6
synthetic-00103-05,cfg-00103,valorant,AMD Ryzen 7 7840HS,NVIDIA RTX 2060,32,SSD,1,3840x2160,low,off,fxaa,high,high,163,202,29,max_fps,0,0,0,0,1,0,0,0,0,147.01,124.3,93.47,6.802,8.045,85.59,60.4,64.39,82.6
synthetic-00103-06,cfg-00103,valorant,AMD Ryzen 7 7840HS,NVIDIA RTX 2060,32,SSD,1,3840x2160,low,off,fxaa,high,high,163,202,29,max_fps,0,0,0,0,0,1,0,0,0,142.68,115.37,86.76,7.009,8.668,86.49,60.4,64.39,82.6
synthetic-00103-07,cfg-00103,valorant,AMD Ryzen 7 7840HS,NVIDIA RTX 2060,32,SSD,1,3840x2160,low,off,fxaa,high,high,163,202,29,max_fps,0,0,0,0,0,0,1,0,0,138.15,108.06,81.26,7.238,9.254,87.42,60.4,64.39,82.6
synthetic-00103-08,cfg-00103,valorant,AMD Ryzen 7 7840HS,NVIDIA RTX 2060,32,SSD,1,3840x2160,low,off,fxaa,high,high,163,202,29,max_fps,0,0,0,0,0,0,0,1,0,140.31,111.69,83.99,7.127,8.954,86.98,60.4,64.39,82.6
synthetic-00103-09,cfg-00103,valorant,AMD Ryzen 7 7840HS,NVIDIA RTX 2060,32,SSD,1,3840x2160,low,off,fxaa,high,high,163,202,29,max_fps,0,0,0,0,0,0,0,0,1,136.99,105.59,79.41,7.3,9.47,87.66,60.4,64.39,82.6
synthetic-00103-10,cfg-00103,valorant,AMD Ryzen 7 7840HS,NVIDIA RTX 2060,32,SSD,1,3840x2160,low,off,fxaa,high,high,163,202,29,max_fps,0,0,1,1,0,0,1,0,0,141.22,113.29,85.19,7.081,8.827,86.79,60.4,64.39,82.6
synthetic-00103-11,cfg-00103,valorant,AMD Ryzen 7 7840HS,NVIDIA RTX 2060,32,SSD,1,3840x2160,low,off,fxaa,high,high,163,202,29,max_fps,0,0,1,0,0,0,1,0,1,142.09,114.82,86.34,7.038,8.71,86.61,60.4,64.39,82.6
synthetic-00103-12,cfg-00103,valorant,AMD Ryzen 7 7840HS,NVIDIA RTX 2060,32,SSD,1,3840x2160,low,off,fxaa,high,high,163,202,29,max_fps,1,0,0,0,0,0,1,0,1,140.74,114.53,86.12,7.106,8.732,86.89,60.4,64.39,82.6
synthetic-00104-00,cfg-00104,warzone,AMD Ryzen 7 7840HS,NVIDIA GTX 1660 Super,16,HDD,0,1920x1080,medium,off,fxaa,medium,high,37,90,32,quality,0,0,0,0,0,0,0,0,0,113.66,86.38,69.11,8.798,11.576,42.0,96.0,46.0,64.0
synthetic-00104-01,cfg-00104,warzone,AMD Ryzen 7 7840HS,NVIDIA GTX 1660 Super,16,HDD,0,1920x1080,medium,off,fxaa,medium,high,37,90,32,quality,1,0,0,0,0,0,0,0,0,114.8,88.28,70.62,8.711,11.328,41.72,96.0,46.0,64.0
synthetic-00104-02,cfg-00104,warzone,AMD Ryzen 7 7840HS,NVIDIA GTX 1660 Super,16,HDD,0,1920x1080,medium,off,fxaa,medium,high,37,90,32,quality,0,1,0,0,0,0,0,0,0,114.8,88.28,70.62,8.711,11.328,41.72,96.0,46.0,64.0
synthetic-00104-03,cfg-00104,warzone,AMD Ryzen 7 7840HS,NVIDIA GTX 1660 Super,16,HDD,0,1920x1080,medium,off,fxaa,medium,high,37,90,32,quality,0,0,1,0,0,0,0,0,0,112.75,86.1,68.88,8.869,11.615,42.22,96.0,46.0,64.0
synthetic-00104-04,cfg-00104,warzone,AMD Ryzen 7 7840HS,NVIDIA GTX 1660 Super,16,HDD,0,1920x1080,medium,off,fxaa,medium,high,37,90,32,quality,0,0,0,1,0,0,0,0,0,114.12,87.14,69.71,8.763,11.476,41.89,96.0,46.0,64.0
synthetic-00104-05,cfg-00104,warzone,AMD Ryzen 7 7840HS,NVIDIA GTX 1660 Super,16,HDD,0,1920x1080,medium,off,fxaa,medium,high,37,90,32,quality,0,0,0,0,1,0,0,0,0,118.43,94.49,75.59,8.444,10.583,40.82,96.0,46.0,64.0
synthetic-00104-06,cfg-00104,warzone,AMD Ryzen 7 7840HS,NVIDIA GTX 1660 Super,16,HDD,0,1920x1080,medium,off,fxaa,medium,high,37,90,32,quality,0,0,0,0,0,1,0,0,0,115.71,89.81,71.85,8.643,11.134,41.5,96.0,46.0,64.0
synthetic-00104-07,cfg-00104,warzone,AMD Ryzen 7 7840HS,NVIDIA GTX 1660 Super,16,HDD,0,1920x1080,medium,off,fxaa,medium,high,37,90,32,quality,0,0,0,0,0,0,1,0,0,119.8,98.81,79.05,8.347,10.12,40.49,96.0,46.0,64.0
synthetic-00104-08,cfg-00104,warzone,AMD Ryzen 7 7840HS,NVIDIA GTX 1660 Super,16,HDD,0,1920x1080,medium,off,fxaa,medium,high,37,90,32,quality,0,0,0,0,0,0,0,1,0,116.87,93.11,74.49,8.557,10.74,41.21,96.0,46.0,64.0
synthetic-00104-09,cfg-00104,warzone,AMD Ryzen 7 7840HS,NVIDIA GTX 1660 Super,16,HDD,0,1920x1080,medium,off,fxaa,medium,high,37,90,32,quality,0,0,0,0,0,0,0,0,1,116.73,91.55,73.24,8.567,10.923,41.24,96.0,46.0,64.0
synthetic-00104-10,cfg-00104,warzone,AMD Ryzen 7 7840HS,NVIDIA GTX 1660 Super,16,HDD,0,1920x1080,medium,off,fxaa,medium,high,37,90,32,quality,0,0,1,0,0,1,0,0,0,114.75,89.38,71.5,8.715,11.189,41.73,96.0,46.0,64.0
synthetic-00104-11,cfg-00104,warzone,AMD Ryzen 7 7840HS,NVIDIA GTX 1660 Super,16,HDD,0,1920x1080,medium,off,fxaa,medium,high,37,90,32,quality,1,0,0,1,0,1,0,0,0,116.97,91.96,73.57,8.549,10.874,41.18,96.0,46.0,64.0
synthetic-00104-12,cfg-00104,warzone,AMD Ryzen 7 7840HS,NVIDIA GTX 1660 Super,16,HDD,0,1920x1080,medium,off,fxaa,medium,high,37,90,32,quality,1,0,0,0,1,0,0,1,0,121.96,101.96,81.56,8.2,9.808,39.96,96.0,46.0,64.0
synthetic-00105-00,cfg-00105,fortnite,AMD Ryzen 7 7840HS,AMD RX 7800 XT,16,NVMe,1,1920x1080,high,on,msaa_4x,ultra,high,103,172,81,balanced,0,0,0,0,0,0,0,0,0,121.89,87.36,65.7,8.204,11.447,97.74,52.0,48.56,82.6
synthetic-00105-01,cfg-00105,fortnite,AMD Ryzen 7 7840HS,AMD RX 7800 XT,16,NVMe,1,1920x1080,high,on,msaa_4x,ultra,high,103,172,81,balanced,1,0,0,0,0,0,0,0,0,128.6,100.62,75.66,7.776,9.939,96.2,52.0,48.56,82.6
synthetic-00105-02,cfg-00105,fortnite,AMD Ryzen 7 7840HS,AMD RX 7800 XT,16,NVMe,1,1920x1080,high,on,msaa_4x,ultra,high,103,172,81,balanced,0,1,0,0,0,0,0,0,0,126.22,95.73,71.99,7.922,10.446,96.75,52.0,48.56,82.6
synthetic-00105-03,cfg-00105,fortnite,AMD Ryzen 7 7840HS,AMD RX 7800 XT,16,NVMe,1,1920x1080,high,on,msaa_4x,ultra,high,103,172,81,balanced,0,0,1,0,0,0,0,0,0,124.58,91.75,69.0,8.027,10.899,97.13,52.0,48.56,82.6
synthetic-00105-04,cfg-00105,fortnite,AMD Ryzen 7 7840HS,AMD RX 7800 XT,16,NVMe,1,1920x1080,high,on,msaa_4x,ultra,high,103,172,81,balanced,0,0,0,1,0,0,0,0,0,123.6,95.36,71.71,8.091,10.487,97.35,52.0,48.56,82.6
synthetic-00105-05,cfg-00105,fortnite,AMD Ryzen 7 7840HS,AMD RX 7800 XT,16,NVMe,1,1920x1080,high,on,msaa_4x,ultra,high,103,172,81,balanced,0,0,0,0,1,0,0,0,0,132.38,106.19,79.86,7.554,9.417,95.33,52.0,48.56,82.6
synthetic-00105-06,cfg-00105,fortnite,AMD Ryzen 7 7840HS,AMD RX 7800 XT,16,NVMe,1,1920x1080,high,on,msaa_4x,ultra,high,103,172,81,balanced,0,0,0,0,0,1,0,0,0,130.45,103.52,77.85,7.665,9.66,95.77,52.0,48.56,82.6
synthetic-00105-07,cfg-00105,fortnite,AMD Ryzen 7 7840HS,AMD RX 7800 XT,16,NVMe,1,1920x1080,high,on,msaa_4x,ultra,high,103,172,81,balanced,0,0,0,0,0,0,1,0,0,123.84,90.54,68.09,8.075,11.044,97.29,52.0,48.56,82.6
synthetic-00105-08,cfg-00105,fortnite,AMD Ryzen 7 7840HS,AMD RX 7800 XT,16,NVMe,1,1920x1080,high,on,msaa_4x,ultra,high,103,172,81,balanced,0,0,0,0,0,0,0,1,0,127.55,98.03,73.72,7.84,10.201,96.44,52.0,48.56,82.6
synthetic-00105-09,cfg-00105,fortnite,AMD Ryzen 7 7840HS,AMD RX 7800 XT,16,NVMe,1,1920x1080,high,on,msaa_4x,ultra,high,103,172,81,balanced,0,0,0,0,0,0,0,0,1,126.65,96.77,72.77,7.895,10.334,96.65,52.0,48.56,82.6
synthetic-00105-10,cfg-00105,fortnite,AMD Ryzen 7 7840HS,AMD RX 7800 XT,16,NVMe,1,1920x1080,high,on,msaa_4x,ultra,high,103,172,81,balanced,0,0,0,1,1,0,0,1,0,138.13,123.15,92.61,7.239,8.12,94.01,52.0,48.56,82.6
synthetic-00105-11,cfg-00105,fortnite,AMD Ryzen 7 7840HS,AMD RX 7800 XT,16,NVMe,1,1920x1080,high,on,msaa_4x,ultra,high,103,172,81,balanced,0,1,0,0,1,0,0,1,0,140.52,123.61,92.95,7.116,8.09,93.46,52.0,48.56,82.6
synthetic-00105-12,cfg-00105,fortnite,AMD Ryzen 7 7840HS,AMD RX 7800 XT,16,NVMe,1,1920x1080,high,on,msaa_4x,ultra,high,103,172,81,balanced,1,0,0,0,1,0,1,0,1,142.57,128.44,96.58,7.014,7.786,92.99,52.0,48.56,82.6
synthetic-00106-00,cfg-00106,apex_legends,AMD Ryzen 7 5800X3D,AMD RX 6600,16,SSD,0,1920x1080,medium,on,msaa_4x,low,high,33,168,76,max_fps,0,0,0,0,0,0,0,0,0,144.0,103.88,83.11,6.944,9.626,50.68,96.0,44.56,64.0
synthetic-00106-01,cfg-00106,apex_legends,AMD Ryzen 7 5800X3D,AMD RX 6600,16,SSD,0,1920x1080,medium,on,msaa_4x,low,high,33,168,76,max_fps,1,0,0,0,0,0,0,0,0,144.0,105.18,84.14,6.944,9.508,50.4,96.0,44.56,64.0
synthetic-00106-02,cfg-00106,apex_legends,AMD Ryzen 7 5800X3D,AMD RX 6600,16,SSD,0,1920x1080,medium,on,msaa_4x,low,high,33,168,76,max_fps,0,1,0,0,0,0,0,0,0,144.0,107.99,86.39,6.944,9.26,50.06,96.0,44.56,64.0
synthetic-00106-03,cfg-00106,apex_legends,AMD Ryzen 7 5800X3D,AMD RX 6600,16,SSD,0,1920x1080,medium,on,msaa_4x,low,high,33,168,76,max_fps,0,0,1,0,0,0,0,0,0,144.0,112.83,90.26,6.944,8.863,49.09,96.0,44.56,64.0
synthetic-00106-04,cfg-00106,apex_legends,AMD Ryzen 7 5800X3D,AMD RX 6600,16,SSD,0,1920x1080,medium,on,msaa_4x,low,high,33,168,76,max_fps,0,0,0,1,0,0,0,0,0,144.0,105.78,84.62,6.944,9.454,50.57,96.0,44.56,64.0
synthetic-00106-05,cfg-00106,apex_legends,AMD Ryzen 7 5800X3D,AMD RX 6600,16,SSD,0,1920x1080,medium,on,msaa_4x,low,high,33,168,76,max_fps,0,0,0,0,1,0,0,0,0,144.0,109.33,87.46,6.944,9.147,49.51,96.0,44.56,64.0
synthetic-00106-06,cfg-00106,apex_legends,AMD Ryzen 7 5800X3D,AMD RX 6600,16,SSD,0,1920x1080,medium,on,msaa_4x,low,high,33,168,76,max_fps,0,0,0,0,0,1,0,0,0,144.0,109.84,87.87,6.944,9.104,49.77,96.0,44.56,64.0
synthetic-00106-07,cfg-00106,apex_legends,AMD Ryzen 7 5800X3D,AMD RX 6600,16,SSD,0,1920x1080,medium,on,msaa_4x,low,high,33,168,76,max_fps,0,0,0,0,0,0,1,0,0,144.0,113.21,90.57,6.944,8.833,49.17,96.0,44.56,64.0
synthetic-00106-08,cfg-00106,apex_legends,AMD Ryzen 7 5800X3D,AMD RX 6600,16,SSD,0,1920x1080,medium,on,msaa_4x,low,high,33,168,76,max_fps,0,0,0,0,0,0,0,1,0,144.0,107.72,86.18,6.944,9.283,50.07,96.0,44.56,64.0
synthetic-00106-09,cfg-00106,apex_legends,AMD Ryzen 7 5800X3D,AMD RX 6600,16,SSD,0,1920x1080,medium,on,msaa_4x,low,high,33,168,76,max_fps,0,0,0,0,0,0,0,0,1,144.0,110.13,88.1,6.944,9.08,49.67,96.0,44.56,64.0
synthetic-00106-10,cfg-00106,apex_legends,AMD Ryzen 7 5800X3D,AMD RX 6600,16,SSD,0,1920x1080,medium,on,msaa_4x,low,high,33,168,76,max_fps,0,1,1,1,0,0,0,0,0,144.0,117.48,93.99,6.944,8.512,48.57,96.0,44.56,64.0
synthetic-00106-11,cfg-00106,apex_legends,AMD Ryzen 7 5800X3D,AMD RX 6600,16,SSD,0,1920x1080,medium,on,msaa_4x,low,high,33,168,76,max_fps,1,0,1,0,0,1,0,0,0,144.0,118.62,94.9,6.944,8.43,48.15,96.0,44.56,64.0
synthetic-00106-12,cfg-00106,apex_legends,AMD Ryzen 7 5800X3D,AMD RX 6600,16,SSD,0,1920x1080,medium,on,msaa_4x,low,high,33,168,76,max_fps,0,0,0,0,1,1,0,0,0,144.0,114.77,91.82,6.944,8.713,48.69,96.0,44.56,64.0
synthetic-00107-00,cfg-00107,cyberpunk_2077,Intel Core i7-12700H,AMD RX 6600,16,NVMe,1,1920x1080,high,on,fxaa,ultra,low,87,104,74,quality,0,0,0,0,0,0,0,0,0,106.6,77.1,56.75,9.381,12.97,50.26,96.0,48.56,85.8
synthetic-00107-01,cfg-00107,cyberpunk_2077,Intel Core i7-12700H,AMD RX 6600,16,NVMe,1,1920x1080,high,on,fxaa,ultra,low,87,104,74,quality,1,0,0,0,0,0,0,0,0,105.75,75.72,55.73,9.457,13.206,50.48,96.0,48.56,85.8
synthetic-00107-02,cfg-00107,cyberpunk_2077,Intel Core i7-12700H,AMD RX 6600,16,NVMe,1,1920x1080,high,on,fxaa,ultra,low,87,104,74,quality,0,1,0,0,0,0,0,0,0,108.89,81.76,60.18,9.184,12.231,49.66,96.0,48.56,85.8
synthetic-00107-03,cfg-00107,cyberpunk_2077,Intel Core i7-12700H,AMD RX 6600,16,NVMe,1,1920x1080,high,on,fxaa,ultra,low,87,104,74,quality,0,0,1,0,0,0,0,0,0,112.67,88.49,65.13,8.875,11.3,48.66,96.0,48.56,85.8
synthetic-00107-04,cfg-00107,cyberpunk_2077,Intel Core i7-12700H,AMD RX 6600,16,NVMe,1,1920x1080,high,on,fxaa,ultra,low,87,104,74,quality,0,0,0,1,0,0,0,0,0,107.02,78.77,57.97,9.344,12.695,50.15,96.0,48.56,85.8
synthetic-00107-05,cfg-00107,cyberpunk_2077,Intel Core i7-12700H,AMD RX 6600,16,NVMe,1,1920x1080,high,on,fxaa,ultra,low,87,104,74,quality,0,0,0,0,1,0,0,0,0,116.62,95.48,70.27,8.575,10.474,47.63,96.0,48.56,85.8
synthetic-00107-06,cfg-00107,cyberpunk_2077,Intel Core i7-12700H,AMD RX 6600,16,NVMe,1,1920x1080,high,on,fxaa,ultra,low,87,104,74,quality,0,0,0,0,0,1,0,0,0,109.98,83.97,61.8,9.092,11.909,49.37,96.0,48.56,85.8
synthetic-00107-07,cfg-00107,cyberpunk_2077,Intel Core i7-12700H,AMD RX 6600,16,NVMe,1,1920x1080,high,on,fxaa,ultra,low,87,104,74,quality,0,0,0,0,0,0,1,0,0,112.35,88.55,65.17,8.9,11.294,48.75,96.0,48.56,85.8
synthetic-00107-08,cfg-00107,cyberpunk_2077,Intel Core i7-12700H,AMD RX 6600,16,NVMe,1,1920x1080,high,on,fxaa,ultra,low,87,104,74,quality,0,0,0,0,0,0,0,1,0,109.32,82.61,60.8,9.148,12.105,49.54,96.0,48.56,85.8
synthetic-00107-09,cfg-00107,cyberpunk_2077,Intel Core i7-12700H,AMD RX 6600,16,NVMe,1,1920x1080,high,on,fxaa,ultra,low,87,104,74,quality,0,0,0,0,0,0,0,0,1,110.32,84.4,62.12,9.064,11.848,49.28,96.0,48.56,85.8
synthetic-00107-10,cfg-00107,cyberpunk_2077,Intel Core i7-12700H,AMD RX 6600,16,NVMe,1,1920x1080,high,on,fxaa,ultra,low,87,104,74,quality,0,0,0,0,0,1,1,1,1,120.08,105.46,77.62,8.328,9.482,46.72,96.0,48.56,85.8
synthetic-00107-11,cfg-00107,cyberpunk_2077,Intel Core i7-12700H,AMD RX 6600,16,NVMe,1,1920x1080,high,on,fxaa,ultra,low,87,104,74,quality,0,0,1,0,0,0,1,1,0,119.84,104.05,76.58,8.344,9.611,46.78,96.0,48.56,85.8
synthetic-00107-12,cfg-00107,cyberpunk_2077,Intel Core i7-12700H,AMD RX 6600,16,NVMe,1,1920x1080,high,on,fxaa,ultra,low,87,104,74,quality,0,0,1,0,0,1,0,1,0,117.68,99.54,73.26,8.497,10.046,47.35,96.0,48.56,85.8
synthetic-00108-00,cfg-00108,apex_legends,Intel Core i5-12400F,NVIDIA RTX 3060 Laptop,32,NVMe,1,2560x1440,ultra,off,msaa_2x,high,low,57,128,82,quality,0,0,0,0,0,0,0,0,0,97.16,69.54,51.18,10.292,14.38,51.95,98.2,69.24,85.8
synthetic-00108-01,cfg-00108,apex_legends,Intel Core i5-12400F,NVIDIA RTX 3060 Laptop,32,NVMe,1,2560x1440,ultra,off,msaa_2x,high,low,57,128,82,quality,1,0,0,0,0,0,0,0,0,99.88,74.01,54.47,10.012,13.512,51.17,98.2,69.24,85.8
synthetic-00108-02,cfg-00108,apex_legends,Intel Core i5-12400F,NVIDIA RTX 3060 Laptop,32,NVMe,1,2560x1440,ultra,off,msaa_2x,high,low,57,128,82,quality,0,1,0,0,0,0,0,0,0,99.47,74.32,54.7,10.053,13.455,51.29,98.2,69.24,85.8
synthetic-00108-03,cfg-00108,apex_legends,Intel Core i5-12400F,NVIDIA RTX 3060 Laptop,32,NVMe,1,2560x1440,ultra,off,msaa_2x,high,low,57,128,82,quality,0,0,1,0,0,0,0,0,0,102.7,79.88,58.8,9.737,12.518,50.36,98.2,69.24,85.8
synthetic-00108-04,cfg-00108,apex_legends,Intel Core i5-12400F,NVIDIA RTX 3060 Laptop,32,NVMe,1,2560x1440,ultra,off,msaa_2x,high,low,57,128,82,quality,0,0,0,1,0,0,0,0,0,97.55,71.24,52.43,10.251,14.037,51.84,98.2,69.24,85.8
synthetic-00108-05,cfg-00108,apex_legends,Intel Core i5-12400F,NVIDIA RTX 3060 Laptop,32,NVMe,1,2560x1440,ultra,off,msaa_2x,high,low,57,128,82,quality,0,0,0,0,1,0,0,0,0,106.29,86.22,63.46,9.408,11.598,49.32,98.2,69.24,85.8
synthetic-00108-06,cfg-00108,apex_legends,Intel Core i5-12400F,NVIDIA RTX 3060 Laptop,32,NVMe,1,2560x1440,ultra,off,msaa_2x,high,low,57,128,82,quality,0,0,0,0,0,1,0,0,0,100.52,76.48,56.29,9.948,13.076,50.98,98.2,69.24,85.8
synthetic-00108-07,cfg-00108,apex_legends,Intel Core i5-12400F,NVIDIA RTX 3060 Laptop,32,NVMe,1,2560x1440,ultra,off,msaa_2x,high,low,57,128,82,quality,0,0,0,0,0,0,1,0,0,102.97,80.92,59.56,9.711,12.358,50.28,98.2,69.24,85.8
synthetic-00108-08,cfg-00108,apex_legends,Intel Core i5-12400F,NVIDIA RTX 3060 Laptop,32,NVMe,1,2560x1440,ultra,off,msaa_2x,high,low,57,128,82,quality,0,0,0,0,0,0,0,1,0,99.29,73.71,54.25,10.072,13.566,51.34,98.2,69.24,85.8
synthetic-00108-09,cfg-00108,apex_legends,Intel Core i5-12400F,NVIDIA RTX 3060 Laptop,32,NVMe,1,2560x1440,ultra,off,msaa_2x,high,low,57,128,82,quality,0,0,0,0,0,0,0,0,1,101.01,77.16,56.79,9.9,12.96,50.84,98.2,69.24,85.8
synthetic-00108-10,cfg-00108,apex_legends,Intel Core i5-12400F,NVIDIA RTX 3060 Laptop,32,NVMe,1,2560x1440,ultra,off,msaa_2x,high,low,57,128,82,quality,0,1,1,0,0,0,0,0,1,107.81,91.06,67.02,9.276,10.982,48.88,98.2,69.24,85.8
synthetic-00108-11,cfg-00108,apex_legends,Intel Core i5-12400F,NVIDIA RTX 3060 Laptop,32,NVMe,1,2560x1440,ultra,off,msaa_2x,high,low,57,128,82,quality,0,1,1,0,0,0,1,0,0,109.6,94.76,69.74,9.124,10.553,48.37,98.2,69.24,85.8
synthetic-00108-12,cfg-00108,apex_legends,Intel Core i5-12400F,NVIDIA RTX 3060 Laptop,32,NVMe,1,2560x1440,ultra,off,msaa_2x,high,low,57,128,82,quality,0,0,0,0,0,1,0,1,0,102.4,80.31,59.11,9.766,12.452,50.44,98.2,69.24,85.8
synthetic-00109-00,cfg-00109,cs2,Intel Core i5-12400F,NVIDIA RTX 4060,8,SSD,0,1920x1080,low,off,off,ultra,medium,167,196,24,balanced,0,0,0,0,0,0,0,0,0,97.61,74.19,59.35,10.245,13.48,88.0,52.0,48.56,64.0
synthetic-00109-01,cfg-00109,cs2,Intel Core i5-12400F,NVIDIA RTX 4060,8,SSD,0,1920x1080,low,off,off,ultra,medium,167,196,24,balanced,1,0,0,0,0,0,0,0,0,104.74,88.18,70.54,9.548,11.341,85.96,52.0,48.56,64.0
synthetic-00109-02,cfg-00109,cs2,Intel Core i5-12400F,NVIDIA RTX 4060,8,SSD,0,1920x1080,low,off,off,ultra,medium,167,196,24,balanced,0,1,0,0,0,0,0,0,0,99.76,77.79,62.23,10.024,12.855,87.38,52.0,48.56,64.0
synthetic-00109-03,cfg-00109,cs2,Intel Core i5-12400F,NVIDIA RTX 4060,8,SSD,0,1920x1080,low,off,off,ultra,medium,167,196,24,balanced,0,0,1,0,0,0,0,0,0,99.76,77.79,62.23,10.024,12.855,87.38,52.0,48.56,64.0
synthetic-00109-04,cfg-00109,cs2,Intel Core i5-12400F,NVIDIA RTX 4060,8,SSD,0,1920x1080,low,off,off,ultra,medium,167,196,24,balanced,0,0,0,1,0,0,0,0,0,98.98,79.59,63.67,10.103,12.565,87.61,52.0,48.56,64.0
synthetic-00109-05,cfg-00109,cs2,Intel Core i5-12400F,NVIDIA RTX 4060,8,SSD,0,1920x1080,low,off,off,ultra,medium,167,196,24,balanced,0,0,0,0,1,0,0,0,0,101.71,81.15,64.92,9.832,12.324,86.82,52.0,48.56,64.0
synthetic-00109-06,cfg-00109,cs2,Intel Core i5-12400F,NVIDIA RTX 4060,8,SSD,0,1920x1080,low,off,off,ultra,medium,167,196,24,balanced,0,0,0,0,0,1,0,0,0,102.88,83.19,66.55,9.72,12.02,86.49,52.0,48.56,64.0
synthetic-00109-07,cfg-00109,cs2,Intel Core i5-12400F,NVIDIA RTX 4060,8,SSD,0,1920x1080,low,off,off,ultra,medium,167,196,24,balanced,0,0,0,0,0,0,1,0,0,99.17,76.8,61.44,10.083,13.021,87.55,52.0,48.56,64.0
synthetic-00109-08,cfg-00109,cs2,Intel Core i5-12400F,NVIDIA RTX 4060,8,SSD,0,1920x1080,low,off,off,ultra,medium,167,196,24,balanced,0,0,0,0,0,0,0,1,0,101.35,80.97,64.77,9.867,12.351,86.93,52.0,48.56,64.0
synthetic-00109-09,cfg-00109,cs2,Intel Core i5-12400F,NVIDIA RTX 4060,8,SSD,0,1920x1080,low,off,off,ultra,medium,167,196,24,balanced,0,0,0,0,0,0,0,0,1,100.74,79.46,63.57,9.927,12.585,87.1,52.0,48.56,64.0
synthetic-00109-10,cfg-00109,cs2,Intel Core i5-12400F,NVIDIA RTX 4060,8,SSD,0,1920x1080,low,off,off,ultra,medium,167,196,24,balanced,0,0,0,1,0,0,1,1,0,103.68,87.98,70.39,9.645,11.366,86.26,52.0,48.56,64.0
synthetic-00109-11,cfg-00109,cs2,Intel Core i5-12400F,NVIDIA RTX 4060,8,SSD,0,1920x1080,low,off,off,ultra,medium,167,196,24,balanced,0,1,1,0,0,0,0,0,0,101.71,81.15,64.92,9.831,12.323,86.82,52.0,48.56,64.0
synthetic-00109-12,cfg-00109,cs2,Intel Core i5-12400F,NVIDIA RTX 4060,8,SSD,0,1920x1080,low,off,off,ultra,medium,167,196,24,balanced,1,0,0,0,0,1,1,0,0,110.31,98.38,78.71,9.065,10.164,84.36,52.0,48.56,64.0
synthetic-00110-00,cfg-00110,fortnite,Intel Core i7-13700K,NVIDIA GTX 1660 Super,16,NVMe,0,2560x1440,medium,on,off,medium,medium,68,56,59,balanced,0,0,0,0,0,0,0,0,0,60.0,44.24,35.4,16.667,22.602,47.08,98.2,46.0,64.0
synthetic-00110-01,cfg-00110,fortnite,Intel Core i7-13700K,NVIDIA GTX 1660 Super,16,NVMe,0,2560x1440,medium,on,off,medium,medium,68,56,59,balanced,1,0,0,0,0,0,0,0,0,60.0,43.81,35.05,16.667,22.824,47.31,98.2,46.0,64.0
synthetic-00110-02,cfg-00110,fortnite,Intel Core i7-13700K,NVIDIA GTX 1660 Super,16,NVMe,0,2560x1440,medium,on,off,medium,medium,68,56,59,balanced,0,1,0,0,0,0,0,0,0,60.0,45.47,36.38,16.667,21.992,46.6,98.2,46.0,64.0
synthetic-00110-03,cfg-00110,fortnite,Intel Core i7-13700K,NVIDIA GTX 1660 Super,16,NVMe,0,2560x1440,medium,on,off,medium,medium,68,56,59,balanced,0,0,1,0,0,0,0,0,0,60.0,44.46,35.57,16.667,22.492,47.31,98.2,46.0,64.0
synthetic-00110-04,cfg-00110,fortnite,Intel Core i7-13700K,NVIDIA GTX 1660 Super,16,NVMe,0,2560x1440,medium,on,off,medium,medium,68,56,59,balanced,0,0,0,1,0,0,0,0,0,60.0,44.8,35.84,16.667,22.323,46.97,98.2,46.0,64.0
synthetic-00110-05,cfg-00110,fortnite,Intel Core i7-13700K,NVIDIA GTX 1660 Super,16,NVMe,0,2560x1440,medium,on,off,medium,medium,68,56,59,balanced,0,0,0,0,1,0,0,0,0,60.0,46.51,37.21,16.667,21.5,45.91,98.2,46.0,64.0
synthetic-00110-06,cfg-00110,fortnite,Intel Core i7-13700K,NVIDIA GTX 1660 Super,16,NVMe,0,2560x1440,medium,on,off,medium,medium,68,56,59,balanced,0,0,0,0,0,1,0,0,0,60.0,46.1,36.88,16.667,21.691,46.34,98.2,46.0,64.0
synthetic-00110-07,cfg-00110,fortnite,Intel Core i7-13700K,NVIDIA GTX 1660 Super,16,NVMe,0,2560x1440,medium,on,off,medium,medium,68,56,59,balanced,0,0,0,0,0,0,1,0,0,60.0,48.13,38.51,16.667,20.776,45.57,98.2,46.0,64.0
synthetic-00110-08,cfg-00110,fortnite,Intel Core i7-13700K,NVIDIA GTX 1660 Super,16,NVMe,0,2560x1440,medium,on,off,medium,medium,68,56,59,balanced,0,0,0,0,0,0,0,1,0,60.0,46.28,37.02,16.667,21.61,46.34,98.2,46.0,64.0
synthetic-00110-09,cfg-00110,fortnite,Intel Core i7-13700K,NVIDIA GTX 1660 Super,16,NVMe,0,2560x1440,medium,on,off,medium,medium,68,56,59,balanced,0,0,0,0,0,0,0,0,1,60.0,46.04,36.83,16.667,21.722,46.35,98.2,46.0,64.0
synthetic-00110-10,cfg-00110,fortnite,Intel Core i7-13700K,NVIDIA GTX 1660 Super,16,NVMe,0,2560x1440,medium,on,off,medium,medium,68,56,59,balanced,0,0,1,0,0,0,0,1,0,60.0,46.39,37.11,16.667,21.556,46.59,98.2,46.0,64.0
synthetic-00110-11,cfg-00110,fortnite,Intel Core i7-13700K,NVIDIA GTX 1660 Super,16,NVMe,0,2560x1440,medium,on,off,medium,medium,68,56,59,balanced,1,0,0,0,1,1,0,1,0,60.0,49.19,39.36,16.667,20.327,44.98,98.2,46.0,64.0
synthetic-00110-12,cfg-00110,fortnite,Intel Core i7-13700K,NVIDIA GTX 1660 Super,16,NVMe,0,2560x1440,medium,on,off,medium,medium,68,56,59,balanced,0,0,0,1,1,0,0,1,1,60.0,49.99,39.99,16.667,20.004,44.7,98.2,46.0,64.0
synthetic-00111-00,cfg-00111,valorant,AMD Ryzen 5 3600,AMD RX 6600,16,HDD,0,1920x1080,high,off,msaa_2x,ultra,ultra,26,42,68,balanced,0,0,0,0,0,0,0,0,0,241.17,175.8,140.64,4.146,5.688,94.99,52.0,48.56,64.0
synthetic-00111-01,cfg-00111,valorant,AMD Ryzen 5 3600,AMD RX 6600,16,HDD,0,1920x1080,high,off,msaa_2x,ultra,ultra,26,42,68,balanced,1,0,0,0,0,0,0,0,0,244.69,185.54,148.44,4.087,5.39,94.58,52.0,48.56,64.0
synthetic-00111-02,cfg-00111,valorant,AMD Ryzen 5 3600,AMD RX 6600,16,HDD,0,1920x1080,high,off,msaa_2x,ultra,ultra,26,42,68,balanced,0,1,0,0,0,0,0,0,0,248.82,190.21,152.17,4.019,5.257,94.1,52.0,48.56,64.0
synthetic-00111-03,cfg-00111,valorant,AMD Ryzen 5 3600,AMD RX 6600,16,HDD,0,1920x1080,high,off,msaa_2x,ultra,ultra,26,42,68,balanced,0,0,1,0,0,0,0,0,0,246.48,184.55,147.64,4.057,5.419,94.37,52.0,48.56,64.0
synthetic-00111-04,cfg-00111,valorant,AMD Ryzen 5 3600,AMD RX 6600,16,HDD,0,1920x1080,high,off,msaa_2x,ultra,ultra,26,42,68,balanced,0,0,0,1,0,0,0,0,0,242.35,177.73,142.18,4.126,5.627,94.85,52.0,48.56,64.0
synthetic-00111-05,cfg-00111,valorant,AMD Ryzen 5 3600,AMD RX 6600,16,HDD,0,1920x1080,high,off,msaa_2x,ultra,ultra,26,42,68,balanced,0,0,0,0,1,0,0,0,0,251.3,192.68,154.14,3.979,5.19,93.81,52.0,48.56,64.0
synthetic-00111-06,cfg-00111,valorant,AMD Ryzen 5 3600,AMD RX 6600,16,HDD,0,1920x1080,high,off,msaa_2x,ultra,ultra,26,42,68,balanced,0,0,0,0,0,1,0,0,0,257.0,205.04,164.03,3.891,4.877,93.15,52.0,48.56,64.0
synthetic-00111-07,cfg-00111,valorant,AMD Ryzen 5 3600,AMD RX 6600,16,HDD,0,1920x1080,high,off,msaa_2x,ultra,ultra,26,42,68,balanced,0,0,0,0,0,0,1,0,0,245.03,182.14,145.71,4.081,5.49,94.54,52.0,48.56,64.0
synthetic-00111-08,cfg-00111,valorant,AMD Ryzen 5 3600,AMD RX 6600,16,HDD,0,1920x1080,high,off,msaa_2x,ultra,ultra,26,42,68,balanced,0,0,0,0,0,0,0,1,0,249.97,191.21,152.97,4.0,5.23,93.97,52.0,48.56,64.0
synthetic-00111-09,cfg-00111,valorant,AMD Ryzen 5 3600,AMD RX 6600,16,HDD,0,1920x1080,high,off,msaa_2x,ultra,ultra,26,42,68,balanced,0,0,0,0,0,0,0,0,1,252.36,196.7,157.36,3.963,5.084,93.69,52.0,48.56,64.0
synthetic-00111-10,cfg-00111,valorant,AMD Ryzen 5 3600,AMD RX 6600,16,HDD,0,1920x1080,high,off,msaa_2x,ultra,ultra,26,42,68,balanced,0,0,1,1,0,0,0,0,0,247.36,186.03,148.83,4.043,5.375,94.27,52.0,48.56,64.0
synthetic-00111-11,cfg-00111,valorant,AMD Ryzen 5 3600,AMD RX 6600,16,HDD,0,1920x1080,high,off,msaa_2x,ultra,ultra,26,42,68,balanced,1,0,0,1,0,0,1,0,1,258.26,210.29,168.23,3.872,4.755,93.0,52.0,48.56,64.0
synthetic-00111-12,cfg-00111,valorant,AMD Ryzen 5 3600,AMD RX 6600,16,HDD,0,1920x1080,high,off,msaa_2x,ultra,ultra,26,42,68,balanced,0,0,0,0,0,1,0,1,0,264.7,219.46,175.56,3.778,4.557,92.26,52.0,48.56,64.0
synthetic-00112-00,cfg-00112,cyberpunk_2077,AMD Ryzen 5 5600X,NVIDIA RTX 2060,8,NVMe,0,2560x1440,medium,on,taa,ultra,ultra,137,155,48,balanced,0,0,0,0,0,0,0,0,0,55.81,41.73,33.38,17.919,23.963,44.75,98.2,48.78,64.0
synthetic-00112-01,cfg-00112,cyberpunk_2077,AMD Ryzen 5 5600X,NVIDIA RTX 2060,8,NVMe,0,2560x1440,medium,on,taa,ultra,ultra,137,155,48,balanced,1,0,0,0,0,0,0,0,0,57.37,44.35,35.48,17.431,22.55,43.97,98.2,48.78,64.0
synthetic-00112-02,cfg-00112,cyberpunk_2077,AMD Ryzen 5 5600X,NVIDIA RTX 2060,8,NVMe,0,2560x1440,medium,on,taa,ultra,ultra,137,155,48,balanced,0,1,0,0,0,0,0,0,0,56.58,43.17,34.53,17.674,23.166,44.37,98.2,48.78,64.0
synthetic-00112-03,cfg-00112,cyberpunk_2077,AMD Ryzen 5 5600X,NVIDIA RTX 2060,8,NVMe,0,2560x1440,medium,on,taa,ultra,ultra,137,155,48,balanced,0,0,1,0,0,0,0,0,0,58.99,47.77,38.22,16.952,20.932,43.16,98.2,48.78,64.0
synthetic-00112-04,cfg-00112,cyberpunk_2077,AMD Ryzen 5 5600X,NVIDIA RTX 2060,8,NVMe,0,2560x1440,medium,on,taa,ultra,ultra,137,155,48,balanced,0,0,0,1,0,0,0,0,0,56.03,42.27,33.82,17.847,23.658,44.64,98.2,48.78,64.0
synthetic-00112-05,cfg-00112,cyberpunk_2077,AMD Ryzen 5 5600X,NVIDIA RTX 2060,8,NVMe,0,2560x1440,medium,on,taa,ultra,ultra,137,155,48,balanced,0,0,0,0,1,0,0,0,0,58.15,45.68,36.55,17.196,21.891,43.58,98.2,48.78,64.0
synthetic-00112-06,cfg-00112,cyberpunk_2077,AMD Ryzen 5 5600X,NVIDIA RTX 2060,8,NVMe,0,2560x1440,medium,on,taa,ultra,ultra,137,155,48,balanced,0,0,0,0,0,1,0,0,0,57.07,44.05,35.24,17.523,22.7,44.12,98.2,48.78,64.0
synthetic-00112-07,cfg-00112,cyberpunk_2077,AMD Ryzen 5 5600X,NVIDIA RTX 2060,8,NVMe,0,2560x1440,medium,on,taa,ultra,ultra,137,155,48,balanced,0,0,0,0,0,0,1,0,0,58.82,47.8,38.24,17.0,20.92,43.24,98.2,48.78,64.0
synthetic-00112-08,cfg-00112,cyberpunk_2077,AMD Ryzen 5 5600X,NVIDIA RTX 2060,8,NVMe,0,2560x1440,medium,on,taa,ultra,ultra,137,155,48,balanced,0,0,0,0,0,0,0,1,0,57.23,44.65,35.72,17.473,22.397,44.04,98.2,48.78,64.0
synthetic-00112-09,cfg-00112,cyberpunk_2077,AMD Ryzen 5 5600X,NVIDIA RTX 2060,8,NVMe,0,2560x1440,medium,on,taa,ultra,ultra,137,155,48,balanced,0,0,0,0,0,0,0,0,1,58.02,45.66,36.52,17.235,21.903,43.64,98.2,48.78,64.0
synthetic-00112-10,cfg-00112,cyberpunk_2077,AMD Ryzen 5 5600X,NVIDIA RTX 2060,8,NVMe,0,2560x1440,medium,on,taa,ultra,ultra,137,155,48,balanced,0,0,1,0,0,1,0,0,0,60.0,49.81,39.85,16.667,20.076,42.62,98.2,48.78,64.0
synthetic-00112-11,cfg-00112,cyberpunk_2077,AMD Ryzen 5 5600X,NVIDIA RTX 2060,8,NVMe,0,2560x1440,medium,on,taa,ultra,ultra,137,155,48,balanced,0,0,0,1,1,0,0,1,1,60.0,50.88,40.71,16.667,19.653,42.06,98.2,48.78,64.0
synthetic-00112-12,cfg-00112,cyberpunk_2077,AMD Ryzen 5 5600X,NVIDIA RTX 2060,8,NVMe,0,2560x1440,medium,on,taa,ultra,ultra,137,155,48,balanced,0,0,1,0,0,0,0,1,1,60.0,52.16,41.73,16.667,19.171,41.64,98.2,48.78,64.0
synthetic-00113-00,cfg-00113,cyberpunk_2077,AMD Ryzen 7 7840HS,NVIDIA RTX 2060,16,SSD,0,1920x1080,medium,off,msaa_2x,high,low,159,52,82,max_fps,0,0,0,0,0,0,0,0,0,110.13,78.83,63.06,9.08,12.686,51.95,96.0,47.28,64.0
synthetic-00113-01,cfg-00113,cyberpunk_2077,AMD Ryzen 7 7840HS,NVIDIA RTX 2060,16,SSD,0,1920x1080,medium,off,msaa_2x,high,low,159,52,82,max_fps,1,0,0,0,0,0,0,0,0,111.23,80.62,64.49,8.99,12.405,51.67,96.0,47.28,64.0
synthetic-00113-02,cfg-00113,cyberpunk_2077,AMD Ryzen 7 7840HS,NVIDIA RTX 2060,16,SSD,0,1920x1080,medium,off,msaa_2x,high,low,159,52,82,max_fps,0,1,0,0,0,0,0,0,0,112.75,84.24,67.4,8.869,11.87,51.29,96.0,47.28,64.0
synthetic-00113-03,cfg-00113,cyberpunk_2077,AMD Ryzen 7 7840HS,NVIDIA RTX 2060,16,SSD,0,1920x1080,medium,off,msaa_2x,high,low,159,52,82,max_fps,0,0,1,0,0,0,0,0,0,116.41,90.55,72.44,8.591,11.044,50.36,96.0,47.28,64.0
synthetic-00113-04,cfg-00113,cyberpunk_2077,AMD Ryzen 7 7840HS,NVIDIA RTX 2060,16,SSD,0,1920x1080,medium,off,msaa_2x,high,low,159,52,82,max_fps,0,0,0,1,0,0,0,0,0,110.57,80.75,64.6,9.044,12.384,51.84,96.0,47.28,64.0
synthetic-00113-05,cfg-00113,cyberpunk_2077,AMD Ryzen 7 7840HS,NVIDIA RTX 2060,16,SSD,0,1920x1080,medium,off,msaa_2x,high,low,159,52,82,max_fps,0,0,0,0,1,0,0,0,0,114.75,86.47,69.18,8.714,11.564,50.78,96.0,47.28,64.0
synthetic-00113-06,cfg-00113,cyberpunk_2077,AMD Ryzen 7 7840HS,NVIDIA RTX 2060,16,SSD,0,1920x1080,medium,off,msaa_2x,high,low,159,52,82,max_fps,0,0,0,0,0,1,0,0,0,113.94,86.69,69.35,8.777,11.536,50.98,96.0,47.28,64.0
synthetic-00113-07,cfg-00113,cyberpunk_2077,AMD Ryzen 7 7840HS,NVIDIA RTX 2060,16,SSD,0,1920x1080,medium,off,msaa_2x,high,low,159,52,82,max_fps,0,0,0,0,0,0,1,0,0,116.08,90.6,72.48,8.615,11.037,50.44,96.0,47.28,64.0
synthetic-00113-08,cfg-00113,cyberpunk_2077,AMD Ryzen 7 7840HS,NVIDIA RTX 2060,16,SSD,0,1920x1080,medium,off,msaa_2x,high,low,159,52,82,max_fps,0,0,0,0,0,0,0,1,0,112.94,84.5,67.6,8.854,11.835,51.24,96.0,47.28,64.0
synthetic-00113-09,cfg-00113,cyberpunk_2077,AMD Ryzen 7 7840HS,NVIDIA RTX 2060,16,SSD,0,1920x1080,medium,off,msaa_2x,high,low,159,52,82,max_fps,0,0,0,0,0,0,0,0,1,114.49,87.46,69.97,8.734,11.434,50.84,96.0,47.28,64.0
synthetic-00113-10,cfg-00113,cyberpunk_2077,AMD Ryzen 7 7840HS,NVIDIA RTX 2060,16,SSD,0,1920x1080,medium,off,msaa_2x,high,low,159,52,82,max_fps,0,1,1,0,0,0,1,1,0,125.4,110.44,88.35,7.974,9.054,48.07,96.0,47.28,64.0
synthetic-00113-11,cfg-00113,cyberpunk_2077,AMD Ryzen 7 7840HS,NVIDIA RTX 2060,16,SSD,0,1920x1080,medium,off,msaa_2x,high,low,159,52,82,max_fps,1,0,0,1,0,0,1,1,0,119.04,97.63,78.11,8.401,10.242,49.69,96.0,47.28,64.0
synthetic-00113-12,cfg-00113,cyberpunk_2077,AMD Ryzen 7 7840HS,NVIDIA RTX 2060,16,SSD,0,1920x1080,medium,off,msaa_2x,high,low,159,52,82,max_fps,0,0,1,1,0,1,0,1,0,121.66,103.3,82.64,8.219,9.68,49.02,96.0,47.28,64.0
synthetic-00114-00,cfg-00114,valorant,Intel Core i5-9400F,NVIDIA RTX 3060 Laptop,12,NVMe,1,1920x1080,high,on,fxaa,medium,high,42,94,101,balanced,0,0,0,0,0,0,0,0,0,144.0,100.5,75.57,6.944,9.951,99.0,52.0,46.0,82.6
synthetic-00114-01,cfg-00114,valorant,Intel Core i5-9400F,NVIDIA RTX 3060 Laptop,12,NVMe,1,1920x1080,high,on,fxaa,medium,high,42,94,101,balanced,1,0,0,0,0,0,0,0,0,144.0,104.72,78.75,6.944,9.549,99.0,52.0,46.0,82.6
synthetic-00114-02,cfg-00114,valorant,Intel Core i5-9400F,NVIDIA RTX 3060 Laptop,12,NVMe,1,1920x1080,high,on,fxaa,medium,high,42,94,101,balanced,0,1,0,0,0,0,0,0,0,144.0,107.87,81.12,6.944,9.27,99.0,52.0,46.0,82.6
synthetic-00114-03,cfg-00114,valorant,Intel Core i5-9400F,NVIDIA RTX 3060 Laptop,12,NVMe,1,1920x1080,high,on,fxaa,medium,high,42,94,101,balanced,0,0,1,0,0,0,0,0,0,144.0,103.35,77.72,6.944,9.676,99.0,52.0,46.0,82.6
synthetic-00114-04,cfg-00114,valorant,Intel Core i5-9400F,NVIDIA RTX 3060 Laptop,12,NVMe,1,1920x1080,high,on,fxaa,medium,high,42,94,101,balanced,0,0,0,1,0,0,0,0,0,144.0,101.13,76.05,6.944,9.888,99.0,52.0,46.0,82.6
synthetic-00114-05,cfg-00114,valorant,Intel Core i5-9400F,NVIDIA RTX 3060 Laptop,12,NVMe,1,1920x1080,high,on,fxaa,medium,high,42,94,101,balanced,0,0,0,0,1,0,0,0,0,144.0,112.81,84.83,6.944,8.865,99.0,52.0,46.0,82.6
synthetic-00114-06,cfg-00114,valorant,Intel Core i5-9400F,NVIDIA RTX 3060 Laptop,12,NVMe,1,1920x1080,high,on,fxaa,medium,high,42,94,101,balanced,0,0,0,0,0,1,0,0,0,144.0,113.33,85.22,6.944,8.824,99.0,52.0,46.0,82.6
synthetic-00114-07,cfg-00114,valorant,Intel Core i5-9400F,NVIDIA RTX 3060 Laptop,12,NVMe,1,1920x1080,high,on,fxaa,medium,high,42,94,101,balanced,0,0,0,0,0,0,1,0,0,144.0,102.57,77.13,6.944,9.75,99.0,52.0,46.0,82.6
synthetic-00114-08,cfg-00114,valorant,Intel Core i5-9400F,NVIDIA RTX 3060 Laptop,12,NVMe,1,1920x1080,high,on,fxaa,medium,high,42,94,101,balanced,0,0,0,0,0,0,0,1,0,144.0,105.68,79.47,6.944,9.463,99.0,52.0,46.0,82.6
synthetic-00114-09,cfg-00114,valorant,Intel Core i5-9400F,NVIDIA RTX 3060 Laptop,12,NVMe,1,1920x1080,high,on,fxaa,medium,high,42,94,101,balanced,0,0,0,0,0,0,0,0,1,144.0,112.19,84.37,6.944,8.913,99.0,52.0,46.0,82.6
synthetic-00114-10,cfg-00114,valorant,Intel Core i5-9400F,NVIDIA RTX 3060 Laptop,12,NVMe,1,1920x1080,high,on,fxaa,medium,high,42,94,101,balanced,1,0,1,0,1,0,0,1,0,144.0,121.75,91.56,6.944,8.214,98.12,52.0,46.0,82.6
synthetic-00114-11,cfg-00114,valorant,Intel Core i5-9400F,NVIDIA RTX 3060 Laptop,12,NVMe,1,1920x1080,high,on,fxaa,medium,high,42,94,101,balanced,0,0,0,1,1,0,0,0,0,144.0,112.86,84.87,6.944,8.861,99.0,52.0,46.0,82.6
synthetic-00114-12,cfg-00114,valorant,Intel Core i5-9400F,NVIDIA RTX 3060 Laptop,12,NVMe,1,1920x1080,high,on,fxaa,medium,high,42,94,101,balanced,0,1,0,1,1,0,0,1,0,144.0,122.56,92.17,6.944,8.159,97.89,52.0,46.0,82.6
synthetic-00115-00,cfg-00115,cyberpunk_2077,Intel Core i5-12400F,AMD RX 7800 XT,32,NVMe,1,2560x1440,low,off,taa,ultra,ultra,156,162,63,balanced,0,0,0,0,0,0,0,0,0,94.84,69.58,51.21,10.544,14.372,47.93,98.2,48.56,85.8
synthetic-00115-01,cfg-00115,cyberpunk_2077,Intel Core i5-12400F,AMD RX 7800 XT,32,NVMe,1,2560x1440,low,off,taa,ultra,ultra,156,162,63,balanced,1,0,0,0,0,0,0,0,0,97.49,73.98,54.45,10.257,13.517,47.15,98.2,48.56,85.8
synthetic-00115-02,cfg-00115,cyberpunk_2077,Intel Core i5-12400F,AMD RX 7800 XT,32,NVMe,1,2560x1440,low,off,taa,ultra,ultra,156,162,63,balanced,0,1,0,0,0,0,0,0,0,96.57,73.0,53.73,10.355,13.698,47.42,98.2,48.56,85.8
synthetic-00115-03,cfg-00115,cyberpunk_2077,Intel Core i5-12400F,AMD RX 7800 XT,32,NVMe,1,2560x1440,low,off,taa,ultra,ultra,156,162,63,balanced,0,0,1,0,0,0,0,0,0,100.24,79.77,58.71,9.976,12.536,46.33,98.2,48.56,85.8
synthetic-00115-04,cfg-00115,cyberpunk_2077,Intel Core i5-12400F,AMD RX 7800 XT,32,NVMe,1,2560x1440,low,off,taa,ultra,ultra,156,162,63,balanced,0,0,0,1,0,0,0,0,0,95.22,70.82,52.12,10.502,14.12,47.82,98.2,48.56,85.8
synthetic-00115-05,cfg-00115,cyberpunk_2077,Intel Core i5-12400F,AMD RX 7800 XT,32,NVMe,1,2560x1440,low,off,taa,ultra,ultra,156,162,63,balanced,0,0,0,0,1,0,0,0,0,103.75,86.02,63.31,9.638,11.626,45.3,98.2,48.56,85.8
synthetic-00115-06,cfg-00115,cyberpunk_2077,Intel Core i5-12400F,AMD RX 7800 XT,32,NVMe,1,2560x1440,low,off,taa,ultra,ultra,156,162,63,balanced,0,0,0,0,0,1,0,0,0,97.48,74.77,55.03,10.258,13.374,47.15,98.2,48.56,85.8
synthetic-00115-07,cfg-00115,cyberpunk_2077,Intel Core i5-12400F,AMD RX 7800 XT,32,NVMe,1,2560x1440,low,off,taa,ultra,ultra,156,162,63,balanced,0,0,0,0,0,0,1,0,0,99.96,79.81,58.74,10.004,12.529,46.42,98.2,48.56,85.8
synthetic-00115-08,cfg-00115,cyberpunk_2077,Intel Core i5-12400F,AMD RX 7800 XT,32,NVMe,1,2560x1440,low,off,taa,ultra,ultra,156,162,63,balanced,0,0,0,0,0,0,0,1,0,97.26,74.5,54.83,10.282,13.422,47.22,98.2,48.56,85.8
synthetic-00115-09,cfg-00115,cyberpunk_2077,Intel Core i5-12400F,AMD RX 7800 XT,32,NVMe,1,2560x1440,low,off,taa,ultra,ultra,156,162,63,balanced,0,0,0,0,0,0,0,0,1,97.54,74.78,55.04,10.252,13.372,47.13,98.2,48.56,85.8
synthetic-00115-10,cfg-00115,cyberpunk_2077,Intel Core i5-12400F,AMD RX 7800 XT,32,NVMe,1,2560x1440,low,off,taa,ultra,ultra,156,162,63,balanced,0,0,1,0,0,1,1,0,0,106.82,93.95,69.15,9.361,10.644,44.39,98.2,48.56,85.8
synthetic-00115-11,cfg-00115,cyberpunk_2077,Intel Core i5-12400F,AMD RX 7800 XT,32,NVMe,1,2560x1440,low,off,taa,ultra,ultra,156,162,63,balanced,0,0,0,1,0,0,1,1,1,104.02,88.95,65.46,9.613,11.243,45.22,98.2,48.56,85.8
synthetic-00115-12,cfg-00115,cyberpunk_2077,Intel Core i5-12400F,AMD RX 7800 XT,32,NVMe,1,2560x1440,low,off,taa,ultra,ultra,156,162,63,balanced,1,0,0,0,0,0,1,0,1,104.37,88.26,64.96,9.581,11.33,45.11,98.2,48.56,85.8
synthetic-00116-00,cfg-00116,valorant,Intel Core i7-12700H,NVIDIA RTX 2060,32,SSD,0,1920x1080,low,off,msaa_4x,low,high,177,114,59,quality,0,0,0,0,0,0,0,0,0,175.06,129.09,103.27,5.712,7.747,93.08,52.0,44.56,64.0
synthetic-00116-01,cfg-00116,valorant,Intel Core i7-12700H,NVIDIA RTX 2060,32,SSD,0,1920x1080,low,off,msaa_4x,low,high,177,114,59,quality,1,0,0,0,0,0,0,0,0,176.98,135.13,108.1,5.65,7.4,92.77,52.0,44.56,64.0
synthetic-00116-02,cfg-00116,valorant,Intel Core i7-12700H,NVIDIA RTX 2060,32,SSD,0,1920x1080,low,off,msaa_4x,low,high,177,114,59,quality,0,1,0,0,0,0,0,0,0,180.15,138.47,110.77,5.551,7.222,92.27,52.0,44.56,64.0
synthetic-00116-03,cfg-00116,valorant,Intel Core i7-12700H,NVIDIA RTX 2060,32,SSD,0,1920x1080,low,off,msaa_4x,low,high,177,114,59,quality,0,0,1,0,0,0,0,0,0,178.91,135.47,108.38,5.589,7.382,92.47,52.0,44.56,64.0
synthetic-00116-04,cfg-00116,valorant,Intel Core i7-12700H,NVIDIA RTX 2060,32,SSD,0,1920x1080,low,off,msaa_4x,low,high,177,114,59,quality,0,0,0,1,0,0,0,0,0,175.92,130.5,104.4,5.685,7.663,92.95,52.0,44.56,64.0
synthetic-00116-05,cfg-00116,valorant,Intel Core i7-12700H,NVIDIA RTX 2060,32,SSD,0,1920x1080,low,off,msaa_4x,low,high,177,114,59,quality,0,0,0,0,1,0,0,0,0,182.41,141.41,113.13,5.482,7.072,91.91,52.0,44.56,64.0
synthetic-00116-06,cfg-00116,valorant,Intel Core i7-12700H,NVIDIA RTX 2060,32,SSD,0,1920x1080,low,off,msaa_4x,low,high,177,114,59,quality,0,0,0,0,0,1,0,0,0,185.99,148.93,119.15,5.377,6.714,91.33,52.0,44.56,64.0
synthetic-00116-07,cfg-00116,valorant,Intel Core i7-12700H,NVIDIA RTX 2060,32,SSD,0,1920x1080,low,off,msaa_4x,low,high,177,114,59,quality,0,0,0,0,0,0,1,0,0,177.86,133.72,106.97,5.622,7.479,92.63,52.0,44.56,64.0
synthetic-00116-08,cfg-00116,valorant,Intel Core i7-12700H,NVIDIA RTX 2060,32,SSD,0,1920x1080,low,off,msaa_4x,low,high,177,114,59,quality,0,0,0,0,0,0,0,1,0,181.45,140.33,112.27,5.511,7.126,92.06,52.0,44.56,64.0
synthetic-00116-09,cfg-00116,valorant,Intel Core i7-12700H,NVIDIA RTX 2060,32,SSD,0,1920x1080,low,off,msaa_4x,low,high,177,114,59,quality,0,0,0,0,0,0,0,0,1,179.63,137.83,110.26,5.567,7.256,92.35,52.0,44.56,64.0
synthetic-00116-10,cfg-00116,valorant,Intel Core i7-12700H,NVIDIA RTX 2060,32,SSD,0,1920x1080,low,off,msaa_4x,low,high,177,114,59,quality,0,0,0,0,1,0,0,1,1,191.72,159.46,127.57,5.216,6.271,90.42,52.0,44.56,64.0
synthetic-00116-11,cfg-00116,valorant,Intel Core i7-12700H,NVIDIA RTX 2060,32,SSD,0,1920x1080,low,off,msaa_4x,low,high,177,114,59,quality,0,0,0,0,1,0,0,1,0,188.18,152.03,121.62,5.314,6.578,90.98,52.0,44.56,64.0
synthetic-00116-12,cfg-00116,valorant,Intel Core i7-12700H,NVIDIA RTX 2060,32,SSD,0,1920x1080,low,off,msaa_4x,low,high,177,114,59,quality,1,1,0,0,1,0,0,0,1,191.44,161.87,129.49,5.224,6.178,90.46,52.0,44.56,64.0
synthetic-00117-00,cfg-00117,warzone,Intel Core i5-9400F,NVIDIA RTX 2060,16,NVMe,0,1920x1080,medium,off,off,high,low,144,183,49,balanced,0,0,0,0,0,0,0,0,0,72.85,54.41,43.52,13.727,18.38,90.96,52.0,47.28,64.0
synthetic-00117-01,cfg-00117,warzone,Intel Core i5-9400F,NVIDIA RTX 2060,16,NVMe,0,1920x1080,medium,off,off,high,low,144,183,49,balanced,1,0,0,0,0,0,0,0,0,78.17,64.78,51.82,12.793,15.437,88.92,52.0,47.28,64.0
synthetic-00117-02,cfg-00117,warzone,Intel Core i5-9400F,NVIDIA RTX 2060,16,NVMe,0,1920x1080,medium,off,off,high,low,144,183,49,balanced,0,1,0,0,0,0,0,0,0,74.75,57.81,46.24,13.378,17.299,90.23,52.0,47.28,64.0
synthetic-00117-03,cfg-00117,warzone,Intel Core i5-9400F,NVIDIA RTX 2060,16,NVMe,0,1920x1080,medium,off,off,high,low,144,183,49,balanced,0,0,1,0,0,0,0,0,0,74.45,57.08,45.66,13.431,17.52,90.35,52.0,47.28,64.0
synthetic-00117-04,cfg-00117,warzone,Intel Core i5-9400F,NVIDIA RTX 2060,16,NVMe,0,1920x1080,medium,off,off,high,low,144,183,49,balanced,0,0,0,1,0,0,0,0,0,73.87,58.67,46.93,13.537,17.046,90.57,52.0,47.28,64.0
synthetic-00117-05,cfg-00117,warzone,Intel Core i5-9400F,NVIDIA RTX 2060,16,NVMe,0,1920x1080,medium,off,off,high,low,144,183,49,balanced,0,0,0,0,1,0,0,0,0,75.91,59.56,47.65,13.174,16.79,89.79,52.0,47.28,64.0
synthetic-00117-06,cfg-00117,warzone,Intel Core i5-9400F,NVIDIA RTX 2060,16,NVMe,0,1920x1080,medium,off,off,high,low,144,183,49,balanced,0,0,0,0,0,1,0,0,0,77.14,62.02,49.62,12.963,16.123,89.31,52.0,47.28,64.0
synthetic-00117-07,cfg-00117,warzone,Intel Core i5-9400F,NVIDIA RTX 2060,16,NVMe,0,1920x1080,medium,off,off,high,low,144,183,49,balanced,0,0,0,0,0,0,1,0,0,74.01,56.34,45.07,13.511,17.749,90.52,52.0,47.28,64.0
synthetic-00117-08,cfg-00117,warzone,Intel Core i5-9400F,NVIDIA RTX 2060,16,NVMe,0,1920x1080,medium,off,off,high,low,144,183,49,balanced,0,0,0,0,0,0,0,1,0,76.36,61.21,48.97,13.096,16.338,89.62,52.0,47.28,64.0
synthetic-00117-09,cfg-00117,warzone,Intel Core i5-9400F,NVIDIA RTX 2060,16,NVMe,0,1920x1080,medium,off,off,high,low,144,183,49,balanced,0,0,0,0,0,0,0,0,1,74.32,57.14,45.71,13.455,17.502,90.4,52.0,47.28,64.0
synthetic-00117-10,cfg-00117,warzone,Intel Core i5-9400F,NVIDIA RTX 2060,16,NVMe,0,1920x1080,medium,off,off,high,low,144,183,49,balanced,0,0,1,0,0,1,1,0,0,79.28,65.8,52.64,12.614,15.198,88.49,52.0,47.28,64.0
synthetic-00117-11,cfg-00117,warzone,Intel Core i5-9400F,NVIDIA RTX 2060,16,NVMe,0,1920x1080,medium,off,off,high,low,144,183,49,balanced,0,0,0,0,1,0,0,1,0,79.12,66.08,52.87,12.638,15.132,88.55,52.0,47.28,64.0
synthetic-00117-12,cfg-00117,warzone,Intel Core i5-9400F,NVIDIA RTX 2060,16,NVMe,0,1920x1080,medium,off,off,high,low,144,183,49,balanced,1,0,0,0,1,0,0,0,0,80.85,69.62,55.7,12.369,14.363,87.89,52.0,47.28,64.0
synthetic-00118-00,cfg-00118,valorant,Intel Core i5-9400F,NVIDIA RTX 4060,16,SSD,0,2560x1440,medium,off,fxaa,high,medium,178,197,84,max_fps,0,0,0,0,0,0,0,0,0,98.54,70.35,56.28,10.148,14.215,98.38,54.2,47.28,64.0
synthetic-00118-01,cfg-00118,valorant,Intel Core i5-9400F,NVIDIA RTX 4060,16,SSD,0,2560x1440,medium,off,fxaa,high,medium,178,197,84,max_fps,1,0,0,0,0,0,0,0,0,99.98,74.31,59.45,10.002,13.458,97.97,54.2,47.28,64.0
synthetic-00118-02,cfg-00118,valorant,Intel Core i5-9400F,NVIDIA RTX 4060,16,SSD,0,2560x1440,medium,off,fxaa,high,medium,178,197,84,max_fps,0,1,0,0,0,0,0,0,0,102.13,77.31,61.85,9.792,12.934,97.36,54.2,47.28,64.0
synthetic-00118-03,cfg-00118,valorant,Intel Core i5-9400F,NVIDIA RTX 4060,16,SSD,0,2560x1440,medium,off,fxaa,high,medium,178,197,84,max_fps,0,0,1,0,0,0,0,0,0,100.71,73.89,59.11,9.93,13.534,97.76,54.2,47.28,64.0
synthetic-00118-04,cfg-00118,valorant,Intel Core i5-9400F,NVIDIA RTX 4060,16,SSD,0,2560x1440,medium,off,fxaa,high,medium,178,197,84,max_fps,0,0,0,1,0,0,0,0,0,99.02,71.13,56.9,10.099,14.059,98.24,54.2,47.28,64.0
synthetic-00118-05,cfg-00118,valorant,Intel Core i5-9400F,NVIDIA RTX 4060,16,SSD,0,2560x1440,medium,off,fxaa,high,medium,178,197,84,max_fps,0,0,0,0,1,0,0,0,0,102.68,77.18,61.75,9.739,12.956,97.2,54.2,47.28,64.0
synthetic-00118-06,cfg-00118,valorant,Intel Core i5-9400F,NVIDIA RTX 4060,16,SSD,0,2560x1440,medium,off,fxaa,high,medium,178,197,84,max_fps,0,0,0,0,0,1,0,0,0,105.57,83.67,66.94,9.473,11.952,96.38,54.2,47.28,64.0
synthetic-00118-07,cfg-00118,valorant,Intel Core i5-9400F,NVIDIA RTX 4060,16,SSD,0,2560x1440,medium,off,fxaa,high,medium,178,197,84,max_fps,0,0,0,0,0,0,1,0,0,100.12,72.91,58.33,9.988,13.715,97.93,54.2,47.28,64.0
synthetic-00118-08,cfg-00118,valorant,Intel Core i5-9400F,NVIDIA RTX 4060,16,SSD,0,2560x1440,medium,off,fxaa,high,medium,178,197,84,max_fps,0,0,0,0,0,0,0,1,0,102.14,76.59,61.27,9.791,13.056,97.35,54.2,47.28,64.0
synthetic-00118-09,cfg-00118,valorant,Intel Core i5-9400F,NVIDIA RTX 4060,16,SSD,0,2560x1440,medium,off,fxaa,high,medium,178,197,84,max_fps,0,0,0,0,0,0,0,0,1,102.56,78.32,62.65,9.75,12.769,97.23,54.2,47.28,64.0
synthetic-00118-10,cfg-00118,valorant,Intel Core i5-9400F,NVIDIA RTX 4060,16,SSD,0,2560x1440,medium,off,fxaa,high,medium,178,197,84,max_fps,0,1,1,0,1,0,1,0,0,108.46,88.23,70.59,9.22,11.334,95.56,54.2,47.28,64.0
synthetic-00118-11,cfg-00118,valorant,Intel Core i5-9400F,NVIDIA RTX 4060,16,SSD,0,2560x1440,medium,off,fxaa,high,medium,178,197,84,max_fps,0,0,1,1,1,1,0,0,0,110.49,92.32,73.86,9.051,10.831,94.98,54.2,47.28,64.0
synthetic-00118-12,cfg-00118,valorant,Intel Core i5-9400F,NVIDIA RTX 4060,16,SSD,0,2560x1440,medium,off,fxaa,high,medium,178,197,84,max_fps,1,0,0,0,0,0,0,1,0,103.35,80.23,64.18,9.676,12.464,97.01,54.2,47.28,64.0
synthetic-00119-00,cfg-00119,fortnite,AMD Ryzen 7 5800X3D,AMD RX 7800 XT,12,SSD,0,1920x1080,high,off,taa,ultra,ultra,83,93,40,balanced,0,0,0,0,0,0,0,0,0,177.69,134.21,107.36,5.628,7.451,89.06,52.0,48.56,64.0
synthetic-00119-01,cfg-00119,fortnite,AMD Ryzen 7 5800X3D,AMD RX 7800 XT,12,SSD,0,1920x1080,high,off,taa,ultra,ultra,83,93,40,balanced,1,0,0,0,0,0,0,0,0,187.46,153.9,123.12,5.335,6.498,87.52,52.0,48.56,64.0
synthetic-00119-02,cfg-00119,fortnite,AMD Ryzen 7 5800X3D,AMD RX 7800 XT,12,SSD,0,1920x1080,high,off,taa,ultra,ultra,83,93,40,balanced,0,1,0,0,0,0,0,0,0,181.86,141.39,113.11,5.499,7.073,88.4,52.0,48.56,64.0
synthetic-00119-03,cfg-00119,fortnite,AMD Ryzen 7 5800X3D,AMD RX 7800 XT,12,SSD,0,1920x1080,high,off,taa,ultra,ultra,83,93,40,balanced,0,0,1,0,0,0,0,0,0,181.59,140.75,112.6,5.507,7.105,88.44,52.0,48.56,64.0
synthetic-00119-04,cfg-00119,fortnite,AMD Ryzen 7 5800X3D,AMD RX 7800 XT,12,SSD,0,1920x1080,high,off,taa,ultra,ultra,83,93,40,balanced,0,0,0,1,0,0,0,0,0,180.17,144.24,115.39,5.55,6.933,88.67,52.0,48.56,64.0
synthetic-00119-05,cfg-00119,fortnite,AMD Ryzen 7 5800X3D,AMD RX 7800 XT,12,SSD,0,1920x1080,high,off,taa,ultra,ultra,83,93,40,balanced,0,0,0,0,1,0,0,0,0,185.15,146.84,117.47,5.401,6.81,87.88,52.0,48.56,64.0
synthetic-00119-06,cfg-00119,fortnite,AMD Ryzen 7 5800X3D,AMD RX 7800 XT,12,SSD,0,1920x1080,high,off,taa,ultra,ultra,83,93,40,balanced,0,0,0,0,0,1,0,0,0,187.59,151.38,121.11,5.331,6.606,87.5,52.0,48.56,64.0
synthetic-00119-07,cfg-00119,fortnite,AMD Ryzen 7 5800X3D,AMD RX 7800 XT,12,SSD,0,1920x1080,high,off,taa,ultra,ultra,83,93,40,balanced,0,0,0,0,0,0,1,0,0,180.53,138.95,111.16,5.539,7.197,88.61,52.0,48.56,64.0
synthetic-00119-08,cfg-00119,fortnite,AMD Ryzen 7 5800X3D,AMD RX 7800 XT,12,SSD,0,1920x1080,high,off,taa,ultra,ultra,83,93,40,balanced,0,0,0,0,0,0,0,1,0,185.93,150.07,120.06,5.378,6.664,87.76,52.0,48.56,64.0
synthetic-00119-09,cfg-00119,fortnite,AMD Ryzen 7 5800X3D,AMD RX 7800 XT,12,SSD,0,1920x1080,high,off,taa,ultra,ultra,83,93,40,balanced,0,0,0,0,0,0,0,0,1,183.89,144.92,115.94,5.438,6.9,88.08,52.0,48.56,64.0
synthetic-00119-10,cfg-00119,fortnite,AMD Ryzen 7 5800X3D,AMD RX 7800 XT,12,SSD,0,1920x1080,high,off,taa,ultra,ultra,83,93,40,balanced,0,1,0,0,0,1,1,0,1,197.69,170.01,136.01,5.058,5.882,85.91,52.0,48.56,64.0
synthetic-00119-11,cfg-00119,fortnite,AMD Ryzen 7 5800X3D,AMD RX 7800 XT,12,SSD,0,1920x1080,high,off,taa,ultra,ultra,83,93,40,balanced,1,1,0,0,0,1,0,1,0,205.45,189.19,151.35,4.867,5.286,84.68,52.0,48.56,64.0
synthetic-00119-12,cfg-00119,fortnite,AMD Ryzen 7 5800X3D,AMD RX 7800 XT,12,SSD,0,1920x1080,high,off,taa,ultra,ultra,83,93,40,balanced,0,1,0,1,0,0,0,0,1,189.39,160.32,128.26,5.28,6.237,87.21,52.0,48.56,64.0
synthetic-00120-00,cfg-00120,cyberpunk_2077,AMD Ryzen 7 7840HS,NVIDIA GTX 1660 Super,16,NVMe,1,1920x1080,medium,off,fxaa,ultra,medium,176,147,80,max_fps,0,0,0,0,0,0,0,0,0,85.4,61.28,45.11,11.71,16.317,51.53,96.0,48.56,85.8
synthetic-00120-01,cfg-00120,cyberpunk_2077,AMD Ryzen 7 7840HS,NVIDIA GTX 1660 Super,16,NVMe,1,1920x1080,medium,off,fxaa,ultra,medium,176,147,80,max_fps,1,0,0,0,0,0,0,0,0,86.25,62.67,46.13,11.594,15.956,51.25,96.0,48.56,85.8
synthetic-00120-02,cfg-00120,cyberpunk_2077,AMD Ryzen 7 7840HS,NVIDIA GTX 1660 Super,16,NVMe,1,1920x1080,medium,off,fxaa,ultra,medium,176,147,80,max_fps,0,1,0,0,0,0,0,0,0,87.38,65.37,48.11,11.444,15.298,50.88,96.0,48.56,85.8
synthetic-00120-03,cfg-00120,cyberpunk_2077,AMD Ryzen 7 7840HS,NVIDIA GTX 1660 Super,16,NVMe,1,1920x1080,medium,off,fxaa,ultra,medium,176,147,80,max_fps,0,0,1,0,0,0,0,0,0,84.71,61.1,44.97,11.805,16.367,51.75,96.0,48.56,85.8
synthetic-00120-04,cfg-00120,cyberpunk_2077,AMD Ryzen 7 7840HS,NVIDIA GTX 1660 Super,16,NVMe,1,1920x1080,medium,off,fxaa,ultra,medium,176,147,80,max_fps,0,0,0,1,0,0,0,0,0,85.74,62.74,46.17,11.664,15.94,51.42,96.0,48.56,85.8
synthetic-00120-05,cfg-00120,cyberpunk_2077,AMD Ryzen 7 7840HS,NVIDIA GTX 1660 Super,16,NVMe,1,1920x1080,medium,off,fxaa,ultra,medium,176,147,80,max_fps,0,0,0,0,1,0,0,0,0,93.42,75.96,55.9,10.704,13.165,48.9,96.0,48.56,85.8
synthetic-00120-06,cfg-00120,cyberpunk_2077,AMD Ryzen 7 7840HS,NVIDIA GTX 1660 Super,16,NVMe,1,1920x1080,medium,off,fxaa,ultra,medium,176,147,80,max_fps,0,0,0,0,0,1,0,0,0,88.29,67.23,49.48,11.326,14.874,50.58,96.0,48.56,85.8
synthetic-00120-07,cfg-00120,cyberpunk_2077,AMD Ryzen 7 7840HS,NVIDIA GTX 1660 Super,16,NVMe,1,1920x1080,medium,off,fxaa,ultra,medium,176,147,80,max_fps,0,0,0,0,0,0,1,0,0,90.01,70.43,51.83,11.11,14.199,50.02,96.0,48.56,85.8
synthetic-00120-08,cfg-00120,cyberpunk_2077,AMD Ryzen 7 7840HS,NVIDIA GTX 1660 Super,16,NVMe,1,1920x1080,medium,off,fxaa,ultra,medium,176,147,80,max_fps,0,0,0,0,0,0,0,1,0,87.57,65.68,48.34,11.419,15.224,50.82,96.0,48.56,85.8
synthetic-00120-09,cfg-00120,cyberpunk_2077,AMD Ryzen 7 7840HS,NVIDIA GTX 1660 Super,16,NVMe,1,1920x1080,medium,off,fxaa,ultra,medium,176,147,80,max_fps,0,0,0,0,0,0,0,0,1,88.68,67.77,49.88,11.276,14.756,50.45,96.0,48.56,85.8
synthetic-00120-10,cfg-00120,cyberpunk_2077,AMD Ryzen 7 7840HS,NVIDIA GTX 1660 Super,16,NVMe,1,1920x1080,medium,off,fxaa,ultra,medium,176,147,80,max_fps,0,0,0,1,1,0,0,0,0,93.39,76.78,56.51,10.708,13.024,48.91,96.0,48.56,85.8
synthetic-00120-11,cfg-00120,cyberpunk_2077,AMD Ryzen 7 7840HS,NVIDIA GTX 1660 Super,16,NVMe,1,1920x1080,medium,off,fxaa,ultra,medium,176,147,80,max_fps,1,0,0,0,0,0,1,0,0,90.62,71.42,52.56,11.036,14.002,49.82,96.0,48.56,85.8
synthetic-00120-12,cfg-00120,cyberpunk_2077,AMD Ryzen 7 7840HS,NVIDIA GTX 1660 Super,16,NVMe,1,1920x1080,medium,off,fxaa,ultra,medium,176,147,80,max_fps,0,1,0,0,0,0,0,0,1,90.43,71.54,52.66,11.059,13.978,49.88,96.0,48.56,85.8
synthetic-00121-00,cfg-00121,valorant,Intel Core i7-13700K,NVIDIA RTX 4070,16,SSD,1,1280x720,high,on,off,low,medium,134,137,66,quality,0,0,0,0,0,0,0,0,0,144.0,105.24,79.14,6.944,9.502,94.56,50.88,44.56,82.6
synthetic-00121-01,cfg-00121,valorant,Intel Core i7-13700K,NVIDIA RTX 4070,16,SSD,1,1280x720,high,on,off,low,medium,134,137,66,quality,1,0,0,0,0,0,0,0,0,144.0,109.0,81.97,6.944,9.175,94.26,50.88,44.56,82.6
synthetic-00121-02,cfg-00121,valorant,Intel Core i7-13700K,NVIDIA RTX 4070,16,SSD,1,1280x720,high,on,off,low,medium,134,137,66,quality,0,1,0,0,0,0,0,0,0,144.0,110.22,82.88,6.944,9.073,93.69,50.88,44.56,82.6
synthetic-00121-03,cfg-00121,valorant,Intel Core i7-13700K,NVIDIA RTX 4070,16,SSD,1,1280x720,high,on,off,low,medium,134,137,66,quality,0,0,1,0,0,0,0,0,0,144.0,108.09,81.28,6.944,9.252,93.95,50.88,44.56,82.6
synthetic-00121-04,cfg-00121,valorant,Intel Core i7-13700K,NVIDIA RTX 4070,16,SSD,1,1280x720,high,on,off,low,medium,134,137,66,quality,0,0,0,1,0,0,0,0,0,144.0,105.87,79.62,6.944,9.445,94.43,50.88,44.56,82.6
synthetic-00121-05,cfg-00121,valorant,Intel Core i7-13700K,NVIDIA RTX 4070,16,SSD,1,1280x720,high,on,off,low,medium,134,137,66,quality,0,0,0,0,1,0,0,0,0,144.0,117.55,88.4,6.944,8.507,92.16,50.88,44.56,82.6
synthetic-00121-06,cfg-00121,valorant,Intel Core i7-13700K,NVIDIA RTX 4070,16,SSD,1,1280x720,high,on,off,low,medium,134,137,66,quality,0,0,0,0,0,1,0,0,0,144.0,114.98,86.46,6.944,8.697,92.75,50.88,44.56,82.6
synthetic-00121-07,cfg-00121,valorant,Intel Core i7-13700K,NVIDIA RTX 4070,16,SSD,1,1280x720,high,on,off,low,medium,134,137,66,quality,0,0,0,0,0,0,1,0,0,144.0,107.31,80.7,6.944,9.319,94.12,50.88,44.56,82.6
synthetic-00121-08,cfg-00121,valorant,Intel Core i7-13700K,NVIDIA RTX 4070,16,SSD,1,1280x720,high,on,off,low,medium,134,137,66,quality,0,0,0,0,0,0,0,1,0,144.0,110.42,83.04,6.944,9.056,93.54,50.88,44.56,82.6
synthetic-00121-09,cfg-00121,valorant,Intel Core i7-13700K,NVIDIA RTX 4070,16,SSD,1,1280x720,high,on,off,low,medium,134,137,66,quality,0,0,0,0,0,0,0,0,1,144.0,110.34,82.97,6.944,9.063,93.72,50.88,44.56,82.6
synthetic-00121-10,cfg-00121,valorant,Intel Core i7-13700K,NVIDIA RTX 4070,16,SSD,1,1280x720,high,on,off,low,medium,134,137,66,quality,1,1,1,0,0,0,0,0,0,144.0,115.78,87.07,6.944,8.637,92.93,50.88,44.56,82.6
synthetic-00121-11,cfg-00121,valorant,Intel Core i7-13700K,NVIDIA RTX 4070,16,SSD,1,1280x720,high,on,off,low,medium,134,137,66,quality,0,1,0,0,0,0,1,0,1,144.0,116.3,87.46,6.944,8.599,92.59,50.88,44.56,82.6
synthetic-00121-12,cfg-00121,valorant,Intel Core i7-13700K,NVIDIA RTX 4070,16,SSD,1,1280x720,high,on,off,low,medium,134,137,66,quality,0,1,0,0,1,0,0,1,0,144.0,125.69,94.52,6.944,7.956,90.65,50.88,44.56,82.6
synthetic-00122-00,cfg-00122,apex_legends,AMD Ryzen 7 7840HS,NVIDIA GTX 1660 Super,32,NVMe,1,1280x720,low,off,msaa_4x,high,medium,165,165,75,max_fps,0,0,0,0,0,0,0,0,0,134.12,96.88,72.86,7.456,10.322,96.47,50.88,47.28,82.6
synthetic-00122-01,cfg-00122,apex_legends,AMD Ryzen 7 7840HS,NVIDIA GTX 1660 Super,32,NVMe,1,1280x720,low,off,msaa_4x,high,medium,165,165,75,max_fps,1,0,0,0,0,0,0,0,0,141.5,111.51,83.85,7.067,8.968,94.93,50.88,47.28,82.6
synthetic-00122-02,cfg-00122,apex_legends,AMD Ryzen 7 7840HS,NVIDIA GTX 1660 Super,32,NVMe,1,1280x720,low,off,msaa_4x,high,medium,165,165,75,max_fps,0,1,0,0,0,0,0,0,0,138.65,105.54,79.37,7.212,9.475,95.53,50.88,47.28,82.6
synthetic-00122-03,cfg-00122,apex_legends,AMD Ryzen 7 7840HS,NVIDIA GTX 1660 Super,32,NVMe,1,1280x720,low,off,msaa_4x,high,medium,165,165,75,max_fps,0,0,1,0,0,0,0,0,0,133.05,95.15,71.55,7.516,10.51,96.69,50.88,47.28,82.6
synthetic-00122-04,cfg-00122,apex_legends,AMD Ryzen 7 7840HS,NVIDIA GTX 1660 Super,32,NVMe,1,1280x720,low,off,msaa_4x,high,medium,165,165,75,max_fps,0,0,0,1,0,0,0,0,0,136.0,105.5,79.34,7.353,9.478,96.08,50.88,47.28,82.6
synthetic-00122-05,cfg-00122,apex_legends,AMD Ryzen 7 7840HS,NVIDIA GTX 1660 Super,32,NVMe,1,1280x720,low,off,msaa_4x,high,medium,165,165,75,max_fps,0,0,0,0,1,0,0,0,0,145.66,117.67,88.49,6.865,8.498,94.06,50.88,47.28,82.6
synthetic-00122-06,cfg-00122,apex_legends,AMD Ryzen 7 7840HS,NVIDIA GTX 1660 Super,32,NVMe,1,1280x720,low,off,msaa_4x,high,medium,165,165,75,max_fps,0,0,0,0,0,1,0,0,0,143.26,113.96,85.7,6.98,8.775,94.56,50.88,47.28,82.6
synthetic-00122-07,cfg-00122,apex_legends,AMD Ryzen 7 7840HS,NVIDIA GTX 1660 Super,32,NVMe,1,1280x720,low,off,msaa_4x,high,medium,165,165,75,max_fps,0,0,0,0,0,0,1,0,0,136.27,100.4,75.5,7.338,9.961,96.02,50.88,47.28,82.6
synthetic-00122-08,cfg-00122,apex_legends,AMD Ryzen 7 7840HS,NVIDIA GTX 1660 Super,32,NVMe,1,1280x720,low,off,msaa_4x,high,medium,165,165,75,max_fps,0,0,0,0,0,0,0,1,0,139.74,107.18,80.6,7.156,9.33,95.3,50.88,47.28,82.6
synthetic-00122-09,cfg-00122,apex_legends,AMD Ryzen 7 7840HS,NVIDIA GTX 1660 Super,32,NVMe,1,1280x720,low,off,msaa_4x,high,medium,165,165,75,max_fps,0,0,0,0,0,0,0,0,1,138.89,106.24,79.89,7.2,9.413,95.48,50.88,47.28,82.6
synthetic-00122-10,cfg-00122,apex_legends,AMD Ryzen 7 7840HS,NVIDIA GTX 1660 Super,32,NVMe,1,1280x720,low,off,msaa_4x,high,medium,165,165,75,max_fps,1,0,1,0,0,1,0,0,0,148.17,124.79,93.84,6.749,8.014,93.54,50.88,47.28,82.6
synthetic-00122-11,cfg-00122,apex_legends,AMD Ryzen 7 7840HS,NVIDIA GTX 1660 Super,32,NVMe,1,1280x720,low,off,msaa_4x,high,medium,165,165,75,max_fps,0,1,0,0,0,1,1,0,0,148.51,124.36,93.52,6.734,8.041,93.47,50.88,47.28,82.6
synthetic-00122-12,cfg-00122,apex_legends,AMD Ryzen 7 7840HS,NVIDIA GTX 1660 Super,32,NVMe,1,1280x720,low,off,msaa_4x,high,medium,165,165,75,max_fps,0,0,0,1,0,0,0,1,0,141.28,115.29,86.69,7.078,8.674,94.98,50.88,47.28,82.6
synthetic-00123-00,cfg-00123,apex_legends,AMD Ryzen 7 7840HS,AMD RX 6600,16,HDD,0,1920x1080,high,off,taa,ultra,ultra,153,191,101,balanced,0,0,0,0,0,0,0,0,0,99.41,69.38,55.5,10.059,14.414,55.98,96.0,48.56,64.0
synthetic-00123-01,cfg-00123,apex_legends,AMD Ryzen 7 7840HS,AMD RX 6600,16,HDD,0,1920x1080,high,off,taa,ultra,ultra,153,191,101,balanced,1,0,0,0,0,0,0,0,0,100.41,70.98,56.78,9.959,14.089,55.7,96.0,48.56,64.0
synthetic-00123-02,cfg-00123,apex_legends,AMD Ryzen 7 7840HS,AMD RX 6600,16,HDD,0,1920x1080,high,off,taa,ultra,ultra,153,191,101,balanced,0,1,0,0,0,0,0,0,0,102.34,75.56,60.45,9.772,13.235,55.15,96.0,48.56,64.0
synthetic-00123-03,cfg-00123,apex_legends,AMD Ryzen 7 7840HS,AMD RX 6600,16,HDD,0,1920x1080,high,off,taa,ultra,ultra,153,191,101,balanced,0,0,1,0,0,0,0,0,0,105.08,79.86,63.89,9.517,12.522,54.38,96.0,48.56,64.0
synthetic-00123-04,cfg-00123,apex_legends,AMD Ryzen 7 7840HS,AMD RX 6600,16,HDD,0,1920x1080,high,off,taa,ultra,ultra,153,191,101,balanced,0,0,0,1,0,0,0,0,0,99.81,71.55,57.24,10.019,13.976,55.86,96.0,48.56,64.0
synthetic-00123-05,cfg-00123,apex_legends,AMD Ryzen 7 7840HS,AMD RX 6600,16,HDD,0,1920x1080,high,off,taa,ultra,ultra,153,191,101,balanced,0,0,0,0,1,0,0,0,0,103.59,76.21,60.97,9.654,13.122,54.8,96.0,48.56,64.0
synthetic-00123-06,cfg-00123,apex_legends,AMD Ryzen 7 7840HS,AMD RX 6600,16,HDD,0,1920x1080,high,off,taa,ultra,ultra,153,191,101,balanced,0,0,0,0,0,1,0,0,0,103.52,78.12,62.49,9.66,12.801,54.82,96.0,48.56,64.0
synthetic-00123-07,cfg-00123,apex_legends,AMD Ryzen 7 7840HS,AMD RX 6600,16,HDD,0,1920x1080,high,off,taa,ultra,ultra,153,191,101,balanced,0,0,0,0,0,0,1,0,0,104.78,79.91,63.93,9.544,12.513,54.46,96.0,48.56,64.0
synthetic-00123-08,cfg-00123,apex_legends,AMD Ryzen 7 7840HS,AMD RX 6600,16,HDD,0,1920x1080,high,off,taa,ultra,ultra,153,191,101,balanced,0,0,0,0,0,0,0,1,0,101.59,73.6,58.88,9.844,13.586,55.36,96.0,48.56,64.0
synthetic-00123-09,cfg-00123,apex_legends,AMD Ryzen 7 7840HS,AMD RX 6600,16,HDD,0,1920x1080,high,off,taa,ultra,ultra,153,191,101,balanced,0,0,0,0,0,0,0,0,1,105.96,82.07,65.66,9.438,12.184,54.13,96.0,48.56,64.0
synthetic-00123-10,cfg-00123,apex_legends,AMD Ryzen 7 7840HS,AMD RX 6600,16,HDD,0,1920x1080,high,off,taa,ultra,ultra,153,191,101,balanced,0,0,0,1,1,1,0,1,0,108.8,89.12,71.3,9.191,11.221,53.33,96.0,48.56,64.0
synthetic-00123-11,cfg-00123,apex_legends,AMD Ryzen 7 7840HS,AMD RX 6600,16,HDD,0,1920x1080,high,off,taa,ultra,ultra,153,191,101,balanced,0,0,1,1,0,0,1,1,0,111.18,94.19,75.35,8.994,10.617,52.66,96.0,48.56,64.0
synthetic-00123-12,cfg-00123,apex_legends,AMD Ryzen 7 7840HS,AMD RX 6600,16,HDD,0,1920x1080,high,off,taa,ultra,ultra,153,191,101,balanced,0,0,0,0,0,0,1,0,1,110.79,92.29,73.83,9.026,10.835,52.77,96.0,48.56,64.0
synthetic-00124-00,cfg-00124,valorant,Intel Core i7-12700H,NVIDIA GTX 1660 Super,24,NVMe,1,2560x1440,high,off,off,medium,high,45,179,74,balanced,0,0,0,0,0,0,0,0,0,177.07,128.07,96.31,5.647,7.808,96.26,54.2,46.0,82.6
synthetic-00124-01,cfg-00124,valorant,Intel Core i7-12700H,NVIDIA GTX 1660 Super,24,NVMe,1,2560x1440,high,off,off,medium,high,45,179,74,balanced,1,0,0,0,0,0,0,0,0,179.02,134.16,100.89,5.586,7.454,95.95,54.2,46.0,82.6
synthetic-00124-02,cfg-00124,valorant,Intel Core i7-12700H,NVIDIA GTX 1660 Super,24,NVMe,1,2560x1440,high,off,off,medium,high,45,179,74,balanced,0,1,0,0,0,0,0,0,0,183.0,139.39,104.82,5.465,7.174,95.32,54.2,46.0,82.6
synthetic-00124-03,cfg-00124,valorant,Intel Core i7-12700H,NVIDIA GTX 1660 Super,24,NVMe,1,2560x1440,high,off,off,medium,high,45,179,74,balanced,0,0,1,0,0,0,0,0,0,175.65,125.79,94.59,5.693,7.95,96.48,54.2,46.0,82.6
synthetic-00124-04,cfg-00124,valorant,Intel Core i7-12700H,NVIDIA GTX 1660 Super,24,NVMe,1,2560x1440,high,off,off,medium,high,45,179,74,balanced,0,0,0,1,0,0,0,0,0,177.94,129.49,97.37,5.62,7.723,96.12,54.2,46.0,82.6
synthetic-00124-05,cfg-00124,valorant,Intel Core i7-12700H,NVIDIA GTX 1660 Super,24,NVMe,1,2560x1440,high,off,off,medium,high,45,179,74,balanced,0,0,0,0,1,0,0,0,0,192.3,155.53,116.96,5.2,6.43,93.85,54.2,46.0,82.6
synthetic-00124-06,cfg-00124,valorant,Intel Core i7-12700H,NVIDIA GTX 1660 Super,24,NVMe,1,2560x1440,high,off,off,medium,high,45,179,74,balanced,0,0,0,0,0,1,0,0,0,189.07,150.47,113.15,5.289,6.646,94.36,54.2,46.0,82.6
synthetic-00124-07,cfg-00124,valorant,Intel Core i7-12700H,NVIDIA GTX 1660 Super,24,NVMe,1,2560x1440,high,off,off,medium,high,45,179,74,balanced,0,0,0,0,0,0,1,0,0,179.9,132.71,99.8,5.559,7.535,95.81,54.2,46.0,82.6
synthetic-00124-08,cfg-00124,valorant,Intel Core i7-12700H,NVIDIA GTX 1660 Super,24,NVMe,1,2560x1440,high,off,off,medium,high,45,179,74,balanced,0,0,0,0,0,0,0,1,0,183.53,139.36,104.8,5.449,7.176,95.24,54.2,46.0,82.6
synthetic-00124-09,cfg-00124,valorant,Intel Core i7-12700H,NVIDIA GTX 1660 Super,24,NVMe,1,2560x1440,high,off,off,medium,high,45,179,74,balanced,0,0,0,0,0,0,0,0,1,183.26,140.2,105.43,5.457,7.132,95.28,54.2,46.0,82.6
synthetic-00124-10,cfg-00124,valorant,Intel Core i7-12700H,NVIDIA GTX 1660 Super,24,NVMe,1,2560x1440,high,off,off,medium,high,45,179,74,balanced,0,0,1,0,0,0,0,1,0,181.89,136.56,102.7,5.498,7.323,95.5,54.2,46.0,82.6
synthetic-00124-11,cfg-00124,valorant,Intel Core i7-12700H,NVIDIA GTX 1660 Super,24,NVMe,1,2560x1440,high,off,off,medium,high,45,179,74,balanced,1,0,0,0,0,1,1,0,1,196.94,168.82,126.95,5.078,5.924,93.12,54.2,46.0,82.6
synthetic-00124-12,cfg-00124,valorant,Intel Core i7-12700H,NVIDIA GTX 1660 Super,24,NVMe,1,2560x1440,high,off,off,medium,high,45,179,74,balanced,1,0,1,0,0,0,0,0,0,177.58,131.65,99.0,5.631,7.596,96.18,54.2,46.0,82.6
synthetic-00125-00,cfg-00125,fortnite,AMD Ryzen 5 3600,NVIDIA RTX 4070,32,NVMe,1,1920x1080,medium,off,off,ultra,ultra,94,90,75,balanced,0,0,0,0,0,0,0,0,0,126.93,91.69,68.95,7.879,10.907,96.47,52.0,48.56,82.6
synthetic-00125-01,cfg-00125,fortnite,AMD Ryzen 5 3600,NVIDIA RTX 4070,32,NVMe,1,1920x1080,medium,off,off,ultra,ultra,94,90,75,balanced,1,0,0,0,0,0,0,0,0,136.19,109.53,82.37,7.343,9.13,94.43,52.0,48.56,82.6
synthetic-00125-02,cfg-00125,fortnite,AMD Ryzen 5 3600,NVIDIA RTX 4070,32,NVMe,1,1920x1080,medium,off,off,ultra,ultra,94,90,75,balanced,0,1,0,0,0,0,0,0,0,131.21,99.88,75.11,7.621,10.012,95.53,52.0,48.56,82.6
synthetic-00125-03,cfg-00125,fortnite,AMD Ryzen 5 3600,NVIDIA RTX 4070,32,NVMe,1,1920x1080,medium,off,off,ultra,ultra,94,90,75,balanced,0,0,1,0,0,0,0,0,0,129.72,96.27,72.4,7.709,10.387,95.85,52.0,48.56,82.6
synthetic-00125-04,cfg-00125,fortnite,AMD Ryzen 5 3600,NVIDIA RTX 4070,32,NVMe,1,1920x1080,medium,off,off,ultra,ultra,94,90,75,balanced,0,0,0,1,0,0,0,0,0,128.7,99.84,75.08,7.77,10.016,96.08,52.0,48.56,82.6
synthetic-00125-05,cfg-00125,fortnite,AMD Ryzen 5 3600,NVIDIA RTX 4070,32,NVMe,1,1920x1080,medium,off,off,ultra,ultra,94,90,75,balanced,0,0,0,0,1,0,0,0,0,137.84,111.36,83.74,7.255,8.98,94.06,52.0,48.56,82.6
synthetic-00125-06,cfg-00125,fortnite,AMD Ryzen 5 3600,NVIDIA RTX 4070,32,NVMe,1,1920x1080,medium,off,off,ultra,ultra,94,90,75,balanced,0,0,0,0,0,1,0,0,0,135.57,107.85,81.1,7.376,9.272,94.56,52.0,48.56,82.6
synthetic-00125-07,cfg-00125,fortnite,AMD Ryzen 5 3600,NVIDIA RTX 4070,32,NVMe,1,1920x1080,medium,off,off,ultra,ultra,94,90,75,balanced,0,0,0,0,0,0,1,0,0,128.96,95.01,71.45,7.754,10.525,96.02,52.0,48.56,82.6
synthetic-00125-08,cfg-00125,fortnite,AMD Ryzen 5 3600,NVIDIA RTX 4070,32,NVMe,1,1920x1080,medium,off,off,ultra,ultra,94,90,75,balanced,0,0,0,0,0,0,0,1,0,132.82,102.83,77.32,7.529,9.725,95.17,52.0,48.56,82.6
synthetic-00125-09,cfg-00125,fortnite,AMD Ryzen 5 3600,NVIDIA RTX 4070,32,NVMe,1,1920x1080,medium,off,off,ultra,ultra,94,90,75,balanced,0,0,0,0,0,0,0,0,1,131.44,100.54,75.6,7.608,9.946,95.48,52.0,48.56,82.6
synthetic-00125-10,cfg-00125,fortnite,AMD Ryzen 5 3600,NVIDIA RTX 4070,32,NVMe,1,1920x1080,medium,off,off,ultra,ultra,94,90,75,balanced,1,1,0,0,0,0,1,1,0,145.5,128.64,96.74,6.873,7.774,92.37,52.0,48.56,82.6
synthetic-00125-11,cfg-00125,fortnite,AMD Ryzen 5 3600,NVIDIA RTX 4070,32,NVMe,1,1920x1080,medium,off,off,ultra,ultra,94,90,75,balanced,0,0,0,0,0,0,1,1,0,134.49,105.66,79.45,7.435,9.465,94.8,52.0,48.56,82.6
synthetic-00125-12,cfg-00125,fortnite,AMD Ryzen 5 3600,NVIDIA RTX 4070,32,NVMe,1,1920x1080,medium,off,off,ultra,ultra,94,90,75,balanced,0,1,0,1,1,0,0,1,0,146.71,135.11,101.61,6.816,7.401,92.11,52.0,48.56,82.6
synthetic-00126-00,cfg-00126,warzone,AMD Ryzen 5 3600,NVIDIA GTX 1660 Super,12,NVMe,0,1920x1080,medium,off,taa,low,high,58,85,67,balanced,0,0,0,0,0,0,0,0,0,93.74,68.42,54.74,10.668,14.615,48.78,96.0,44.56,64.0
synthetic-00126-01,cfg-00126,warzone,AMD Ryzen 5 3600,NVIDIA GTX 1660 Super,12,NVMe,0,1920x1080,medium,off,taa,low,high,58,85,67,balanced,1,0,0,0,0,0,0,0,0,96.37,72.77,58.21,10.377,13.743,47.99,96.0,44.56,64.0
synthetic-00126-02,cfg-00126,warzone,AMD Ryzen 5 3600,NVIDIA GTX 1660 Super,12,NVMe,0,1920x1080,medium,off,taa,low,high,58,85,67,balanced,0,1,0,0,0,0,0,0,0,95.56,72.07,57.65,10.464,13.876,48.23,96.0,44.56,64.0
synthetic-00126-03,cfg-00126,warzone,AMD Ryzen 5 3600,NVIDIA GTX 1660 Super,12,NVMe,0,1920x1080,medium,off,taa,low,high,58,85,67,balanced,0,0,1,0,0,0,0,0,0,92.99,68.21,54.57,10.754,14.661,49.0,96.0,44.56,64.0
synthetic-00126-04,cfg-00126,warzone,AMD Ryzen 5 3600,NVIDIA GTX 1660 Super,12,NVMe,0,1920x1080,medium,off,taa,low,high,58,85,67,balanced,0,0,0,1,0,0,0,0,0,94.12,69.73,55.79,10.625,14.34,48.66,96.0,44.56,64.0
synthetic-00126-05,cfg-00126,warzone,AMD Ryzen 5 3600,NVIDIA GTX 1660 Super,12,NVMe,0,1920x1080,medium,off,taa,low,high,58,85,67,balanced,0,0,0,0,1,0,0,0,0,97.68,74.99,59.99,10.238,13.336,47.6,96.0,44.56,64.0
synthetic-00126-06,cfg-00126,warzone,AMD Ryzen 5 3600,NVIDIA GTX 1660 Super,12,NVMe,0,1920x1080,medium,off,taa,low,high,58,85,67,balanced,0,0,0,0,0,1,0,0,0,96.49,73.88,59.11,10.364,13.535,47.96,96.0,44.56,64.0
synthetic-00126-07,cfg-00126,warzone,AMD Ryzen 5 3600,NVIDIA GTX 1660 Super,12,NVMe,0,1920x1080,medium,off,taa,low,high,58,85,67,balanced,0,0,0,0,0,0,1,0,0,98.8,78.52,62.81,10.121,12.736,47.26,96.0,44.56,64.0
synthetic-00126-08,cfg-00126,warzone,AMD Ryzen 5 3600,NVIDIA GTX 1660 Super,12,NVMe,0,1920x1080,medium,off,taa,low,high,58,85,67,balanced,0,0,0,0,0,0,0,1,0,96.39,73.89,59.11,10.375,13.534,47.99,96.0,44.56,64.0
synthetic-00126-09,cfg-00126,warzone,AMD Ryzen 5 3600,NVIDIA GTX 1660 Super,12,NVMe,0,1920x1080,medium,off,taa,low,high,58,85,67,balanced,0,0,0,0,0,0,0,0,1,98.51,77.24,61.79,10.152,12.947,47.35,96.0,44.56,64.0
synthetic-00126-10,cfg-00126,warzone,AMD Ryzen 5 3600,NVIDIA GTX 1660 Super,12,NVMe,0,1920x1080,medium,off,taa,low,high,58,85,67,balanced,0,1,0,0,1,0,0,1,0,101.39,83.11,66.49,9.863,12.032,46.49,96.0,44.56,64.0
synthetic-00126-11,cfg-00126,warzone,AMD Ryzen 5 3600,NVIDIA GTX 1660 Super,12,NVMe,0,1920x1080,medium,off,taa,low,high,58,85,67,balanced,0,1,1,0,0,0,1,0,1,103.17,88.41,70.72,9.693,11.311,45.96,96.0,44.56,64.0
synthetic-00126-12,cfg-00126,warzone,AMD Ryzen 5 3600,NVIDIA GTX 1660 Super,12,NVMe,0,1920x1080,medium,off,taa,low,high,58,85,67,balanced,1,0,1,0,0,0,0,1,1,101.77,84.82,67.86,9.826,11.789,46.38,96.0,44.56,64.0
synthetic-00127-00,cfg-00127,apex_legends,Intel Core i5-12400F,AMD RX 6600,32,NVMe,0,1920x1080,medium,off,off,high,medium,155,208,93,balanced,0,0,0,0,0,0,0,0,0,119.63,84.39,67.51,8.359,11.85,99.0,52.0,47.28,64.0
synthetic-00127-01,cfg-00127,apex_legends,Intel Core i5-12400F,AMD RX 6600,32,NVMe,0,1920x1080,medium,off,off,high,medium,155,208,93,balanced,1,0,0,0,0,0,0,0,0,128.37,101.07,80.85,7.79,9.895,98.24,52.0,47.28,64.0
synthetic-00127-02,cfg-00127,apex_legends,Intel Core i5-12400F,AMD RX 6600,32,NVMe,0,1920x1080,medium,off,off,high,medium,155,208,93,balanced,0,1,0,0,0,0,0,0,0,124.31,93.58,74.87,8.045,10.686,99.0,52.0,47.28,64.0
synthetic-00127-03,cfg-00127,apex_legends,Intel Core i5-12400F,AMD RX 6600,32,NVMe,0,1920x1080,medium,off,off,high,medium,155,208,93,balanced,0,0,1,0,0,0,0,0,0,122.27,88.67,70.94,8.179,11.278,99.0,52.0,47.28,64.0
synthetic-00127-04,cfg-00127,apex_legends,Intel Core i5-12400F,AMD RX 6600,32,NVMe,0,1920x1080,medium,off,off,high,medium,155,208,93,balanced,0,0,0,1,0,0,0,0,0,121.31,92.56,74.05,8.243,10.804,99.0,52.0,47.28,64.0
synthetic-00127-05,cfg-00127,apex_legends,Intel Core i5-12400F,AMD RX 6600,32,NVMe,0,1920x1080,medium,off,off,high,medium,155,208,93,balanced,0,0,0,0,1,0,0,0,0,124.66,92.65,74.12,8.022,10.794,99.0,52.0,47.28,64.0
synthetic-00127-06,cfg-00127,apex_legends,Intel Core i5-12400F,AMD RX 6600,32,NVMe,0,1920x1080,medium,off,off,high,medium,155,208,93,balanced,0,0,0,0,0,1,0,0,0,128.54,101.5,81.2,7.779,9.852,98.2,52.0,47.28,64.0
synthetic-00127-07,cfg-00127,apex_legends,Intel Core i5-12400F,AMD RX 6600,32,NVMe,0,1920x1080,medium,off,off,high,medium,155,208,93,balanced,0,0,0,0,0,0,1,0,0,121.55,87.49,69.99,8.227,11.43,99.0,52.0,47.28,64.0
synthetic-00127-08,cfg-00127,apex_legends,Intel Core i5-12400F,AMD RX 6600,32,NVMe,0,1920x1080,medium,off,off,high,medium,155,208,93,balanced,0,0,0,0,0,0,0,1,0,124.65,93.49,74.79,8.023,10.696,99.0,52.0,47.28,64.0
synthetic-00127-09,cfg-00127,apex_legends,Intel Core i5-12400F,AMD RX 6600,32,NVMe,0,1920x1080,medium,off,off,high,medium,155,208,93,balanced,0,0,0,0,0,0,0,0,1,125.15,95.4,76.32,7.99,10.482,98.99,52.0,47.28,64.0
synthetic-00127-10,cfg-00127,apex_legends,Intel Core i5-12400F,AMD RX 6600,32,NVMe,0,1920x1080,medium,off,off,high,medium,155,208,93,balanced,1,0,0,1,0,1,1,0,0,138.0,125.77,100.62,7.246,7.951,95.98,52.0,47.28,64.0
synthetic-00127-11,cfg-00127,apex_legends,Intel Core i5-12400F,AMD RX 6600,32,NVMe,0,1920x1080,medium,off,off,high,medium,155,208,93,balanced,1,0,0,1,0,1,0,1,0,140.68,131.89,105.52,7.108,7.582,95.36,52.0,47.28,64.0
synthetic-00127-12,cfg-00127,apex_legends,Intel Core i5-12400F,AMD RX 6600,32,NVMe,0,1920x1080,medium,off,off,high,medium,155,208,93,balanced,1,0,0,1,0,0,0,0,0,129.57,108.67,86.93,7.718,9.202,97.96,52.0,47.28,64.0
synthetic-00128-00,cfg-00128,valorant,Intel Core i7-12700H,NVIDIA RTX 2060,16,SSD,0,3840x2160,ultra,off,fxaa,low,ultra,169,111,56,balanced,0,0,0,0,0,0,0,0,0,104.71,77.51,62.01,9.551,12.902,46.45,99.0,98.89,64.0
synthetic-00128-01,cfg-00128,valorant,Intel Core i7-12700H,NVIDIA RTX 2060,16,SSD,0,3840x2160,ultra,off,fxaa,low,ultra,169,111,56,balanced,1,0,0,0,0,0,0,0,0,103.03,74.78,59.83,9.706,13.372,46.9,99.0,98.89,64.0
synthetic-00128-02,cfg-00128,valorant,Intel Core i7-12700H,NVIDIA RTX 2060,16,SSD,0,3840x2160,ultra,off,fxaa,low,ultra,169,111,56,balanced,0,1,0,0,0,0,0,0,0,106.4,80.78,64.63,9.399,12.379,45.99,99.0,98.89,64.0
synthetic-00128-03,cfg-00128,valorant,Intel Core i7-12700H,NVIDIA RTX 2060,16,SSD,0,3840x2160,ultra,off,fxaa,low,ultra,169,111,56,balanced,0,0,1,0,0,0,0,0,0,110.67,88.8,71.04,9.036,11.262,44.85,99.0,98.89,64.0
synthetic-00128-04,cfg-00128,valorant,Intel Core i7-12700H,NVIDIA RTX 2060,16,SSD,0,3840x2160,ultra,off,fxaa,low,ultra,169,111,56,balanced,0,0,0,1,0,0,0,0,0,104.85,77.75,62.2,9.537,12.862,46.41,99.0,98.89,64.0
synthetic-00128-05,cfg-00128,valorant,Intel Core i7-12700H,NVIDIA RTX 2060,16,SSD,0,3840x2160,ultra,off,fxaa,low,ultra,169,111,56,balanced,0,0,0,0,1,0,0,0,0,109.1,84.89,67.91,9.166,11.781,45.27,99.0,98.89,64.0
synthetic-00128-06,cfg-00128,valorant,Intel Core i7-12700H,NVIDIA RTX 2060,16,SSD,0,3840x2160,ultra,off,fxaa,low,ultra,169,111,56,balanced,0,0,0,0,0,1,0,0,0,107.37,82.6,66.08,9.314,12.107,45.74,99.0,98.89,64.0
synthetic-00128-07,cfg-00128,valorant,Intel Core i7-12700H,NVIDIA RTX 2060,16,SSD,0,3840x2160,ultra,off,fxaa,low,ultra,169,111,56,balanced,0,0,0,0,0,0,1,0,0,111.88,91.52,73.22,8.938,10.926,44.53,99.0,98.89,64.0
synthetic-00128-08,cfg-00128,valorant,Intel Core i7-12700H,NVIDIA RTX 2060,16,SSD,0,3840x2160,ultra,off,fxaa,low,ultra,169,111,56,balanced,0,0,0,0,0,0,0,1,0,106.43,80.7,64.56,9.396,12.391,45.99,99.0,98.89,64.0
synthetic-00128-09,cfg-00128,valorant,Intel Core i7-12700H,NVIDIA RTX 2060,16,SSD,0,3840x2160,ultra,off,fxaa,low,ultra,169,111,56,balanced,0,0,0,0,0,0,0,0,1,107.26,82.34,65.87,9.324,12.145,45.77,99.0,98.89,64.0
synthetic-00128-10,cfg-00128,valorant,Intel Core i7-12700H,NVIDIA RTX 2060,16,SSD,0,3840x2160,ultra,off,fxaa,low,ultra,169,111,56,balanced,1,1,1,0,0,0,0,0,0,110.15,88.23,70.58,9.078,11.335,44.99,99.0,98.89,64.0
synthetic-00128-11,cfg-00128,valorant,Intel Core i7-12700H,NVIDIA RTX 2060,16,SSD,0,3840x2160,ultra,off,fxaa,low,ultra,169,111,56,balanced,0,0,0,1,0,0,0,0,1,107.28,82.36,65.89,9.321,12.142,45.76,99.0,98.89,64.0
synthetic-00128-12,cfg-00128,valorant,Intel Core i7-12700H,NVIDIA RTX 2060,16,SSD,0,3840x2160,ultra,off,fxaa,low,ultra,169,111,56,balanced,0,0,0,0,0,1,1,0,0,114.09,96.11,76.89,8.765,10.405,43.94,99.0,98.89,64.0
synthetic-00129-00,cfg-00129,apex_legends,Intel Core i7-12700H,NVIDIA RTX 3060 Laptop,16,HDD,1,1920x1080,medium,off,msaa_4x,ultra,low,97,187,36,max_fps,0,0,0,0,0,0,0,0,0,126.93,96.35,72.45,7.878,10.379,88.21,52.0,48.56,82.6
synthetic-00129-01,cfg-00129,apex_legends,Intel Core i7-12700H,NVIDIA RTX 3060 Laptop,16,HDD,1,1920x1080,medium,off,msaa_4x,ultra,low,97,187,36,max_fps,1,0,0,0,0,0,0,0,0,133.91,110.45,83.06,7.468,9.054,86.67,52.0,48.56,82.6
synthetic-00129-02,cfg-00129,apex_legends,Intel Core i7-12700H,NVIDIA RTX 3060 Laptop,16,HDD,1,1920x1080,medium,off,msaa_4x,ultra,low,97,187,36,max_fps,0,1,0,0,0,0,0,0,0,129.76,101.13,76.05,7.706,9.888,87.59,52.0,48.56,82.6
synthetic-00129-03,cfg-00129,apex_legends,Intel Core i7-12700H,NVIDIA RTX 3060 Laptop,16,HDD,1,1920x1080,medium,off,msaa_4x,ultra,low,97,187,36,max_fps,0,0,1,0,0,0,0,0,0,129.72,101.04,75.98,7.709,9.897,87.6,52.0,48.56,82.6
synthetic-00129-04,cfg-00129,apex_legends,Intel Core i7-12700H,NVIDIA RTX 3060 Laptop,16,HDD,1,1920x1080,medium,off,msaa_4x,ultra,low,97,187,36,max_fps,0,0,0,1,0,0,0,0,0,128.71,103.4,77.76,7.769,9.671,87.82,52.0,48.56,82.6
synthetic-00129-05,cfg-00129,apex_legends,Intel Core i7-12700H,NVIDIA RTX 3060 Laptop,16,HDD,1,1920x1080,medium,off,msaa_4x,ultra,low,97,187,36,max_fps,0,0,0,0,1,0,0,0,0,137.85,116.42,87.55,7.254,8.59,85.8,52.0,48.56,82.6
synthetic-00129-06,cfg-00129,apex_legends,Intel Core i7-12700H,NVIDIA RTX 3060 Laptop,16,HDD,1,1920x1080,medium,off,msaa_4x,ultra,low,97,187,36,max_fps,0,0,0,0,0,1,0,0,0,133.83,108.17,81.35,7.472,9.245,86.69,52.0,48.56,82.6
synthetic-00129-07,cfg-00129,apex_legends,Intel Core i7-12700H,NVIDIA RTX 3060 Laptop,16,HDD,1,1920x1080,medium,off,msaa_4x,ultra,low,97,187,36,max_fps,0,0,0,0,0,0,1,0,0,128.96,99.75,75.01,7.754,10.025,87.76,52.0,48.56,82.6
synthetic-00129-08,cfg-00129,apex_legends,Intel Core i7-12700H,NVIDIA RTX 3060 Laptop,16,HDD,1,1920x1080,medium,off,msaa_4x,ultra,low,97,187,36,max_fps,0,0,0,0,0,0,0,1,0,132.25,106.29,79.93,7.561,9.408,87.04,52.0,48.56,82.6
synthetic-00129-09,cfg-00129,apex_legends,Intel Core i7-12700H,NVIDIA RTX 3060 Laptop,16,HDD,1,1920x1080,medium,off,msaa_4x,ultra,low,97,187,36,max_fps,0,0,0,0,0,0,0,0,1,130.43,102.28,76.91,7.667,9.777,87.44,52.0,48.56,82.6
synthetic-00129-10,cfg-00129,apex_legends,Intel Core i7-12700H,NVIDIA RTX 3060 Laptop,16,HDD,1,1920x1080,medium,off,msaa_4x,ultra,low,97,187,36,max_fps,1,0,0,0,1,1,0,0,0,149.5,140.74,105.84,6.689,7.105,83.23,52.0,48.56,82.6
synthetic-00129-11,cfg-00129,apex_legends,Intel Core i7-12700H,NVIDIA RTX 3060 Laptop,16,HDD,1,1920x1080,medium,off,msaa_4x,ultra,low,97,187,36,max_fps,0,0,0,0,1,0,0,1,0,142.44,125.82,94.62,7.021,7.948,84.79,52.0,48.56,82.6
synthetic-00129-12,cfg-00129,apex_legends,Intel Core i7-12700H,NVIDIA RTX 3060 Laptop,16,HDD,1,1920x1080,medium,off,msaa_4x,ultra,low,97,187,36,max_fps,0,0,0,0,1,1,0,1,0,147.98,136.48,102.63,6.757,7.327,83.57,52.0,48.56,82.6
synthetic-00130-00,cfg-00130,apex_legends,AMD Ryzen 7 5800X3D,NVIDIA RTX 3060 Laptop,32,SSD,0,1920x1080,high,off,fxaa,high,medium,141,193,37,max_fps,0,0,0,0,0,0,0,0,0,143.33,108.66,86.93,6.977,9.203,88.42,52.0,47.28,64.0
synthetic-00130-01,cfg-00130,apex_legends,AMD Ryzen 7 5800X3D,NVIDIA RTX 3060 Laptop,32,SSD,0,1920x1080,high,off,fxaa,high,medium,141,193,37,max_fps,1,0,0,0,0,0,0,0,0,151.21,124.57,99.66,6.613,8.028,86.88,52.0,47.28,64.0
synthetic-00130-02,cfg-00130,apex_legends,AMD Ryzen 7 5800X3D,NVIDIA RTX 3060 Laptop,32,SSD,0,1920x1080,high,off,fxaa,high,medium,141,193,37,max_fps,0,1,0,0,0,0,0,0,0,146.57,114.16,91.33,6.823,8.76,87.79,52.0,47.28,64.0
synthetic-00130-03,cfg-00130,apex_legends,AMD Ryzen 7 5800X3D,NVIDIA RTX 3060 Laptop,32,SSD,0,1920x1080,high,off,fxaa,high,medium,141,193,37,max_fps,0,0,1,0,0,0,0,0,0,146.48,113.95,91.16,6.827,8.776,87.81,52.0,47.28,64.0
synthetic-00130-04,cfg-00130,apex_legends,AMD Ryzen 7 5800X3D,NVIDIA RTX 3060 Laptop,32,SSD,0,1920x1080,high,off,fxaa,high,medium,141,193,37,max_fps,0,0,0,1,0,0,0,0,0,145.34,116.66,93.33,6.881,8.572,88.03,52.0,47.28,64.0
synthetic-00130-05,cfg-00130,apex_legends,AMD Ryzen 7 5800X3D,NVIDIA RTX 3060 Laptop,32,SSD,0,1920x1080,high,off,fxaa,high,medium,141,193,37,max_fps,0,0,0,0,1,0,0,0,0,149.35,118.87,95.1,6.696,8.413,87.25,52.0,47.28,64.0
synthetic-00130-06,cfg-00130,apex_legends,AMD Ryzen 7 5800X3D,NVIDIA RTX 3060 Laptop,32,SSD,0,1920x1080,high,off,fxaa,high,medium,141,193,37,max_fps,0,0,0,0,0,1,0,0,0,151.17,122.14,97.71,6.615,8.187,86.89,52.0,47.28,64.0
synthetic-00130-07,cfg-00130,apex_legends,AMD Ryzen 7 5800X3D,NVIDIA RTX 3060 Laptop,32,SSD,0,1920x1080,high,off,fxaa,high,medium,141,193,37,max_fps,0,0,0,0,0,0,1,0,0,145.62,112.5,90.0,6.867,8.889,87.98,52.0,47.28,64.0
synthetic-00130-08,cfg-00130,apex_legends,AMD Ryzen 7 5800X3D,NVIDIA RTX 3060 Laptop,32,SSD,0,1920x1080,high,off,fxaa,high,medium,141,193,37,max_fps,0,0,0,0,0,0,0,1,0,149.34,119.88,95.9,6.696,8.342,87.25,52.0,47.28,64.0
synthetic-00130-09,cfg-00130,apex_legends,AMD Ryzen 7 5800X3D,NVIDIA RTX 3060 Laptop,32,SSD,0,1920x1080,high,off,fxaa,high,medium,141,193,37,max_fps,0,0,0,0,0,0,0,0,1,145.22,111.89,89.51,6.886,8.937,88.05,52.0,47.28,64.0
synthetic-00130-10,cfg-00130,apex_legends,AMD Ryzen 7 5800X3D,NVIDIA RTX 3060 Laptop,32,SSD,0,1920x1080,high,off,fxaa,high,medium,141,193,37,max_fps,0,0,1,0,0,1,0,0,0,153.83,126.85,101.48,6.501,7.883,86.37,52.0,47.28,64.0
synthetic-00130-11,cfg-00130,apex_legends,AMD Ryzen 7 5800X3D,NVIDIA RTX 3060 Laptop,32,SSD,0,1920x1080,high,off,fxaa,high,medium,141,193,37,max_fps,0,1,0,1,0,0,1,0,1,151.48,126.91,101.53,6.601,7.88,86.83,52.0,47.28,64.0
synthetic-00130-12,cfg-00130,apex_legends,AMD Ryzen 7 5800X3D,NVIDIA RTX 3060 Laptop,32,SSD,0,1920x1080,high,off,fxaa,high,medium,141,193,37,max_fps,0,1,0,1,0,0,1,1,0,155.04,134.22,107.38,6.45,7.45,86.14,52.0,47.28,64.0
synthetic-00131-00,cfg-00131,fortnite,AMD Ryzen 7 5800X3D,NVIDIA GTX 1660 Super,16,NVMe,1,1280x720,high,off,taa,ultra,medium,174,120,57,balanced,0,0,0,0,0,0,0,0,0,123.51,91.31,68.66,8.097,10.952,92.66,50.88,48.56,82.6
synthetic-00131-01,cfg-00131,fortnite,AMD Ryzen 7 5800X3D,NVIDIA GTX 1660 Super,16,NVMe,1,1280x720,high,off,taa,ultra,medium,174,120,57,balanced,1,0,0,0,0,0,0,0,0,130.3,104.89,78.88,7.675,9.534,91.12,50.88,48.56,82.6
synthetic-00131-02,cfg-00131,fortnite,AMD Ryzen 7 5800X3D,NVIDIA GTX 1660 Super,16,NVMe,1,1280x720,high,off,taa,ultra,medium,174,120,57,balanced,0,1,0,0,0,0,0,0,0,127.02,97.75,73.51,7.873,10.23,91.86,50.88,48.56,82.6
synthetic-00131-03,cfg-00131,fortnite,AMD Ryzen 7 5800X3D,NVIDIA GTX 1660 Super,16,NVMe,1,1280x720,high,off,taa,ultra,medium,174,120,57,balanced,0,0,1,0,0,0,0,0,0,122.52,89.69,67.45,8.162,11.149,92.88,50.88,48.56,82.6
synthetic-00131-04,cfg-00131,fortnite,AMD Ryzen 7 5800X3D,NVIDIA GTX 1660 Super,16,NVMe,1,1280x720,high,off,taa,ultra,medium,174,120,57,balanced,0,0,0,1,0,0,0,0,0,125.24,98.75,74.26,7.985,10.127,92.27,50.88,48.56,82.6
synthetic-00131-05,cfg-00131,fortnite,AMD Ryzen 7 5800X3D,NVIDIA GTX 1660 Super,16,NVMe,1,1280x720,high,off,taa,ultra,medium,174,120,57,balanced,0,0,0,0,1,0,0,0,0,134.13,110.63,83.19,7.456,9.039,90.25,50.88,48.56,82.6
synthetic-00131-06,cfg-00131,fortnite,AMD Ryzen 7 5800X3D,NVIDIA GTX 1660 Super,16,NVMe,1,1280x720,high,off,taa,ultra,medium,174,120,57,balanced,0,0,0,0,0,1,0,0,0,131.13,105.09,79.03,7.626,9.515,90.93,50.88,48.56,82.6
synthetic-00131-07,cfg-00131,fortnite,AMD Ryzen 7 5800X3D,NVIDIA GTX 1660 Super,16,NVMe,1,1280x720,high,off,taa,ultra,medium,174,120,57,balanced,0,0,0,0,0,0,1,0,0,125.48,94.58,71.12,7.969,10.574,92.21,50.88,48.56,82.6
synthetic-00131-08,cfg-00131,fortnite,AMD Ryzen 7 5800X3D,NVIDIA GTX 1660 Super,16,NVMe,1,1280x720,high,off,taa,ultra,medium,174,120,57,balanced,0,0,0,0,0,0,0,1,0,129.24,102.24,76.89,7.738,9.781,91.36,50.88,48.56,82.6
synthetic-00131-09,cfg-00131,fortnite,AMD Ryzen 7 5800X3D,NVIDIA GTX 1660 Super,16,NVMe,1,1280x720,high,off,taa,ultra,medium,174,120,57,balanced,0,0,0,0,0,0,0,0,1,126.59,97.16,73.07,7.9,10.292,91.96,50.88,48.56,82.6
synthetic-00131-10,cfg-00131,fortnite,AMD Ryzen 7 5800X3D,NVIDIA GTX 1660 Super,16,NVMe,1,1280x720,high,off,taa,ultra,medium,174,120,57,balanced,1,0,0,0,1,1,0,1,0,150.13,145.42,109.35,6.661,6.877,86.62,50.88,48.56,82.6
synthetic-00131-11,cfg-00131,fortnite,AMD Ryzen 7 5800X3D,NVIDIA GTX 1660 Super,16,NVMe,1,1280x720,high,off,taa,ultra,medium,174,120,57,balanced,0,1,1,1,0,1,0,0,0,133.79,114.46,86.08,7.475,8.736,90.33,50.88,48.56,82.6
synthetic-00131-12,cfg-00131,fortnite,AMD Ryzen 7 5800X3D,NVIDIA GTX 1660 Super,16,NVMe,1,1280x720,high,off,taa,ultra,medium,174,120,57,balanced,0,0,1,0,0,0,1,0,0,124.45,92.86,69.83,8.035,10.769,92.44,50.88,48.56,82.6
synthetic-00132-00,cfg-00132,apex_legends,Intel Core i7-12700H,NVIDIA GTX 1060 6GB,16,SSD,0,1920x1080,low,off,msaa_4x,low,ultra,56,111,97,max_fps,0,0,0,0,0,0,0,0,0,111.98,78.57,62.86,8.93,12.728,55.13,96.0,44.56,64.0
synthetic-00132-01,cfg-00132,apex_legends,Intel Core i7-12700H,NVIDIA GTX 1060 6GB,16,SSD,0,1920x1080,low,off,msaa_4x,low,ultra,56,111,97,max_fps,1,0,0,0,0,0,0,0,0,111.08,77.14,61.71,9.002,12.963,55.35,96.0,44.56,64.0
synthetic-00132-02,cfg-00132,apex_legends,Intel Core i7-12700H,NVIDIA GTX 1060 6GB,16,SSD,0,1920x1080,low,off,msaa_4x,low,ultra,56,111,97,max_fps,0,1,0,0,0,0,0,0,0,115.14,85.22,68.18,8.685,11.734,54.34,96.0,44.56,64.0
synthetic-00132-03,cfg-00132,apex_legends,Intel Core i7-12700H,NVIDIA GTX 1060 6GB,16,SSD,0,1920x1080,low,off,msaa_4x,low,ultra,56,111,97,max_fps,0,0,1,0,0,0,0,0,0,111.08,78.34,62.67,9.002,12.765,55.35,96.0,44.56,64.0
synthetic-00132-04,cfg-00132,apex_legends,Intel Core i7-12700H,NVIDIA GTX 1060 6GB,16,SSD,0,1920x1080,low,off,msaa_4x,low,ultra,56,111,97,max_fps,0,0,0,1,0,0,0,0,0,112.43,80.91,64.73,8.895,12.359,55.02,96.0,44.56,64.0
synthetic-00132-05,cfg-00132,apex_legends,Intel Core i7-12700H,NVIDIA GTX 1060 6GB,16,SSD,0,1920x1080,low,off,msaa_4x,low,ultra,56,111,97,max_fps,0,0,0,0,1,0,0,0,0,116.68,86.28,69.02,8.57,11.59,53.95,96.0,44.56,64.0
synthetic-00132-06,cfg-00132,apex_legends,Intel Core i7-12700H,NVIDIA GTX 1060 6GB,16,SSD,0,1920x1080,low,off,msaa_4x,low,ultra,56,111,97,max_fps,0,0,0,0,0,1,0,0,0,116.44,88.02,70.42,8.588,11.361,54.01,96.0,44.56,64.0
synthetic-00132-07,cfg-00132,apex_legends,Intel Core i7-12700H,NVIDIA GTX 1060 6GB,16,SSD,0,1920x1080,low,off,msaa_4x,low,ultra,56,111,97,max_fps,0,0,0,0,0,0,1,0,0,118.02,90.46,72.37,8.473,11.055,53.62,96.0,44.56,64.0
synthetic-00132-08,cfg-00132,apex_legends,Intel Core i7-12700H,NVIDIA GTX 1060 6GB,16,SSD,0,1920x1080,low,off,msaa_4x,low,ultra,56,111,97,max_fps,0,0,0,0,0,0,0,1,0,114.43,83.34,66.67,8.739,11.999,54.52,96.0,44.56,64.0
synthetic-00132-09,cfg-00132,apex_legends,Intel Core i7-12700H,NVIDIA GTX 1060 6GB,16,SSD,0,1920x1080,low,off,msaa_4x,low,ultra,56,111,97,max_fps,0,0,0,0,0,0,0,0,1,117.41,89.43,71.54,8.517,11.182,53.77,96.0,44.56,64.0
synthetic-00132-10,cfg-00132,apex_legends,Intel Core i7-12700H,NVIDIA GTX 1060 6GB,16,SSD,0,1920x1080,low,off,msaa_4x,low,ultra,56,111,97,max_fps,0,0,1,0,0,1,1,0,0,120.73,98.19,78.55,8.283,10.185,52.94,96.0,44.56,64.0
synthetic-00132-11,cfg-00132,apex_legends,Intel Core i7-12700H,NVIDIA GTX 1060 6GB,16,SSD,0,1920x1080,low,off,msaa_4x,low,ultra,56,111,97,max_fps,0,1,0,0,1,0,0,0,1,124.07,102.45,81.96,8.06,9.76,52.1,96.0,44.56,64.0
synthetic-00132-12,cfg-00132,apex_legends,Intel Core i7-12700H,NVIDIA GTX 1060 6GB,16,SSD,0,1920x1080,low,off,msaa_4x,low,ultra,56,111,97,max_fps,1,0,1,0,0,0,1,1,0,117.78,91.59,73.27,8.49,10.918,53.68,96.0,44.56,64.0
synthetic-00133-00,cfg-00133,apex_legends,Intel Core i7-13700K,NVIDIA RTX 4060,16,NVMe,1,1920x1080,low,off,taa,high,medium,42,43,24,max_fps,0,0,0,0,0,0,0,0,0,274.24,208.42,156.73,3.646,4.798,88.0,52.0,47.28,82.6
synthetic-00133-01,cfg-00133,apex_legends,Intel Core i7-13700K,NVIDIA RTX 4060,16,NVMe,1,1920x1080,low,off,taa,high,medium,42,43,24,max_fps,1,0,0,0,0,0,0,0,0,289.33,238.9,179.65,3.456,4.186,86.46,52.0,47.28,82.6
synthetic-00133-02,cfg-00133,apex_legends,Intel Core i7-13700K,NVIDIA RTX 4060,16,NVMe,1,1920x1080,low,off,taa,high,medium,42,43,24,max_fps,0,1,0,0,0,0,0,0,0,280.28,218.56,164.36,3.568,4.575,87.38,52.0,47.28,82.6
synthetic-00133-03,cfg-00133,apex_legends,Intel Core i7-13700K,NVIDIA RTX 4060,16,NVMe,1,1920x1080,low,off,taa,high,medium,42,43,24,max_fps,0,0,1,0,0,0,0,0,0,280.28,218.56,164.36,3.568,4.575,87.38,52.0,47.28,82.6
synthetic-00133-04,cfg-00133,apex_legends,Intel Core i7-13700K,NVIDIA RTX 4060,16,NVMe,1,1920x1080,low,off,taa,high,medium,42,43,24,max_fps,0,0,0,1,0,0,0,0,0,278.08,223.61,168.15,3.596,4.472,87.61,52.0,47.28,82.6
synthetic-00133-05,cfg-00133,apex_legends,Intel Core i7-13700K,NVIDIA RTX 4060,16,NVMe,1,1920x1080,low,off,taa,high,medium,42,43,24,max_fps,0,0,0,0,1,0,0,0,0,297.83,251.81,189.36,3.358,3.971,85.59,52.0,47.28,82.6
synthetic-00133-06,cfg-00133,apex_legends,Intel Core i7-13700K,NVIDIA RTX 4060,16,NVMe,1,1920x1080,low,off,taa,high,medium,42,43,24,max_fps,0,0,0,0,0,1,0,0,0,289.05,233.73,175.76,3.46,4.278,86.49,52.0,47.28,82.6
synthetic-00133-07,cfg-00133,apex_legends,Intel Core i7-13700K,NVIDIA RTX 4060,16,NVMe,1,1920x1080,low,off,taa,high,medium,42,43,24,max_fps,0,0,0,0,0,0,1,0,0,278.63,215.77,162.26,3.589,4.635,87.55,52.0,47.28,82.6
synthetic-00133-08,cfg-00133,apex_legends,Intel Core i7-13700K,NVIDIA RTX 4060,16,NVMe,1,1920x1080,low,off,taa,high,medium,42,43,24,max_fps,0,0,0,0,0,0,0,1,0,285.73,229.91,172.89,3.5,4.349,86.83,52.0,47.28,82.6
synthetic-00133-09,cfg-00133,apex_legends,Intel Core i7-13700K,NVIDIA RTX 4060,16,NVMe,1,1920x1080,low,off,taa,high,medium,42,43,24,max_fps,0,0,0,0,0,0,0,0,1,277.53,213.92,160.87,3.603,4.675,87.66,52.0,47.28,82.6
synthetic-00133-10,cfg-00133,apex_legends,Intel Core i7-13700K,NVIDIA RTX 4060,16,NVMe,1,1920x1080,low,off,taa,high,medium,42,43,24,max_fps,1,1,0,0,0,0,0,1,0,303.92,266.97,200.76,3.29,3.746,84.97,52.0,47.28,82.6
synthetic-00133-11,cfg-00133,apex_legends,Intel Core i7-13700K,NVIDIA RTX 4060,16,NVMe,1,1920x1080,low,off,taa,high,medium,42,43,24,max_fps,0,0,0,1,0,1,0,0,0,292.05,247.81,186.36,3.424,4.035,86.18,52.0,47.28,82.6
synthetic-00133-12,cfg-00133,apex_legends,Intel Core i7-13700K,NVIDIA RTX 4060,16,NVMe,1,1920x1080,low,off,taa,high,medium,42,43,24,max_fps,1,1,0,1,0,0,0,0,0,296.95,260.71,196.05,3.368,3.836,85.68,52.0,47.28,82.6
synthetic-00134-00,cfg-00134,warzone,Intel Core i5-9400F,AMD RX 6600,12,NVMe,0,3840x2160,medium,on,taa,medium,ultra,125,174,40,balanced,0,0,0,0,0,0,0,0,0,42.11,31.81,25.44,23.747,31.441,43.06,99.0,56.56,64.0
synthetic-00134-01,cfg-00134,warzone,Intel Core i5-9400F,AMD RX 6600,12,NVMe,0,3840x2160,medium,on,taa,medium,ultra,125,174,40,balanced,1,0,0,0,0,0,0,0,0,43.29,33.79,27.03,23.1,29.597,42.27,99.0,56.56,64.0
synthetic-00134-02,cfg-00134,warzone,Intel Core i5-9400F,AMD RX 6600,12,NVMe,0,3840x2160,medium,on,taa,medium,ultra,125,174,40,balanced,0,1,0,0,0,0,0,0,0,42.59,32.66,26.12,23.478,30.623,42.74,99.0,56.56,64.0
synthetic-00134-03,cfg-00134,warzone,Intel Core i5-9400F,AMD RX 6600,12,NVMe,0,3840x2160,medium,on,taa,medium,ultra,125,174,40,balanced,0,0,1,0,0,0,0,0,0,44.51,36.38,29.11,22.467,27.486,41.46,99.0,56.56,64.0
synthetic-00134-04,cfg-00134,warzone,Intel Core i5-9400F,AMD RX 6600,12,NVMe,0,3840x2160,medium,on,taa,medium,ultra,125,174,40,balanced,0,0,0,1,0,0,0,0,0,42.28,32.13,25.71,23.653,31.12,42.95,99.0,56.56,64.0
synthetic-00134-05,cfg-00134,warzone,Intel Core i5-9400F,AMD RX 6600,12,NVMe,0,3840x2160,medium,on,taa,medium,ultra,125,174,40,balanced,0,0,0,0,1,0,0,0,0,43.88,34.8,27.84,22.79,28.736,41.88,99.0,56.56,64.0
synthetic-00134-06,cfg-00134,warzone,Intel Core i5-9400F,AMD RX 6600,12,NVMe,0,3840x2160,medium,on,taa,medium,ultra,125,174,40,balanced,0,0,0,0,0,1,0,0,0,42.94,33.26,26.61,23.287,30.065,42.51,99.0,56.56,64.0
synthetic-00134-07,cfg-00134,warzone,Intel Core i5-9400F,AMD RX 6600,12,NVMe,0,3840x2160,medium,on,taa,medium,ultra,125,174,40,balanced,0,0,0,0,0,0,1,0,0,44.5,36.61,29.29,22.471,27.316,41.47,99.0,56.56,64.0
synthetic-00134-08,cfg-00134,warzone,Intel Core i5-9400F,AMD RX 6600,12,NVMe,0,3840x2160,medium,on,taa,medium,ultra,125,174,40,balanced,0,0,0,0,0,0,0,1,0,43.3,34.29,27.43,23.096,29.161,42.27,99.0,56.56,64.0
synthetic-00134-09,cfg-00134,warzone,Intel Core i5-9400F,AMD RX 6600,12,NVMe,0,3840x2160,medium,on,taa,medium,ultra,125,174,40,balanced,0,0,0,0,0,0,0,0,1,43.58,34.35,27.48,22.946,29.116,42.08,99.0,56.56,64.0
synthetic-00134-10,cfg-00134,warzone,Intel Core i5-9400F,AMD RX 6600,12,NVMe,0,3840x2160,medium,on,taa,medium,ultra,125,174,40,balanced,1,0,1,1,1,0,0,0,0,46.88,40.68,32.54,21.33,24.585,39.89,99.0,56.56,64.0
synthetic-00134-11,cfg-00134,warzone,Intel Core i5-9400F,AMD RX 6600,12,NVMe,0,3840x2160,medium,on,taa,medium,ultra,125,174,40,balanced,1,1,1,0,0,0,1,0,0,47.69,42.87,34.3,20.967,23.325,39.35,99.0,56.56,64.0
synthetic-00134-12,cfg-00134,warzone,Intel Core i5-9400F,AMD RX 6600,12,NVMe,0,3840x2160,medium,on,taa,medium,ultra,125,174,40,balanced,0,1,0,0,0,0,1,1,0,45.81,39.41,31.53,21.83,25.374,40.6,99.0,56.56,64.0
synthetic-00135-00,cfg-00135,fortnite,Intel Core i7-12700H,NVIDIA GTX 1060 6GB,24,NVMe,0,1920x1080,high,off,msaa_4x,ultra,medium,158,209,26,balanced,0,0,0,0,0,0,0,0,0,87.36,66.39,53.12,11.447,15.061,42.0,52.0,48.56,56.0
synthetic-00135-01,cfg-00135,fortnite,Intel Core i7-12700H,NVIDIA GTX 1060 6GB,24,NVMe,0,1920x1080,high,off,msaa_4x,ultra,medium,158,209,26,balanced,1,0,0,0,0,0,0,0,0,86.66,65.24,52.19,11.539,15.328,42.22,52.0,48.56,56.0
synthetic-00135-02,cfg-00135,fortnite,Intel Core i7-12700H,NVIDIA GTX 1060 6GB,24,NVMe,0,1920x1080,high,off,msaa_4x,ultra,medium,158,209,26,balanced,0,1,0,0,0,0,0,0,0,88.24,67.85,54.28,11.333,14.738,41.72,52.0,48.56,56.0
synthetic-00135-03,cfg-00135,fortnite,Intel Core i7-12700H,NVIDIA GTX 1060 6GB,24,NVMe,0,1920x1080,high,off,msaa_4x,ultra,medium,158,209,26,balanced,0,0,1,0,0,0,0,0,0,86.66,65.24,52.19,11.539,15.328,42.22,52.0,48.56,56.0
synthetic-00135-04,cfg-00135,fortnite,Intel Core i7-12700H,NVIDIA GTX 1060 6GB,24,NVMe,0,1920x1080,high,off,msaa_4x,ultra,medium,158,209,26,balanced,0,0,0,1,0,0,0,0,0,87.71,66.98,53.58,11.401,14.931,41.89,52.0,48.56,56.0
synthetic-00135-05,cfg-00135,fortnite,Intel Core i7-12700H,NVIDIA GTX 1060 6GB,24,NVMe,0,1920x1080,high,off,msaa_4x,ultra,medium,158,209,26,balanced,0,0,0,0,1,0,0,0,0,89.46,69.92,55.94,11.178,14.302,41.33,52.0,48.56,56.0
synthetic-00135-06,cfg-00135,fortnite,Intel Core i7-12700H,NVIDIA GTX 1060 6GB,24,NVMe,0,1920x1080,high,off,msaa_4x,ultra,medium,158,209,26,balanced,0,0,0,0,0,1,0,0,0,88.93,69.03,55.22,11.244,14.486,41.5,52.0,48.56,56.0
synthetic-00135-07,cfg-00135,fortnite,Intel Core i7-12700H,NVIDIA GTX 1060 6GB,24,NVMe,0,1920x1080,high,off,msaa_4x,ultra,medium,158,209,26,balanced,0,0,0,0,0,0,1,0,0,88.76,68.74,54.99,11.266,14.549,41.55,52.0,48.56,56.0
synthetic-00135-08,cfg-00135,fortnite,Intel Core i7-12700H,NVIDIA GTX 1060 6GB,24,NVMe,0,1920x1080,high,off,msaa_4x,ultra,medium,158,209,26,balanced,0,0,0,0,0,0,0,1,0,89.67,71.18,56.95,11.152,14.048,41.26,52.0,48.56,56.0
synthetic-00135-09,cfg-00135,fortnite,Intel Core i7-12700H,NVIDIA GTX 1060 6GB,24,NVMe,0,1920x1080,high,off,msaa_4x,ultra,medium,158,209,26,balanced,0,0,0,0,0,0,0,0,1,88.41,68.15,54.52,11.311,14.674,41.66,52.0,48.56,56.0
synthetic-00135-10,cfg-00135,fortnite,Intel Core i7-12700H,NVIDIA GTX 1060 6GB,24,NVMe,0,1920x1080,high,off,msaa_4x,ultra,medium,158,209,26,balanced,0,0,0,1,0,0,1,0,1,89.91,70.68,56.55,11.123,14.147,41.18,52.0,48.56,56.0
synthetic-00135-11,cfg-00135,fortnite,Intel Core i7-12700H,NVIDIA GTX 1060 6GB,24,NVMe,0,1920x1080,high,off,msaa_4x,ultra,medium,158,209,26,balanced,1,0,0,1,0,0,0,0,0,87.03,65.84,52.67,11.491,15.188,42.11,52.0,48.56,56.0
synthetic-00135-12,cfg-00135,fortnite,Intel Core i7-12700H,NVIDIA GTX 1060 6GB,24,NVMe,0,1920x1080,high,off,msaa_4x,ultra,medium,158,209,26,balanced,1,0,1,0,1,0,0,0,1,88.87,68.93,55.14,11.252,14.508,41.52,52.0,48.56,56.0
synthetic-00136-00,cfg-00136,cs2,AMD Ryzen 7 7840HS,NVIDIA GTX 1060 6GB,32,SSD,0,1920x1080,low,off,msaa_2x,medium,low,145,114,69,balanced,0,0,0,0,0,0,0,0,0,134.91,98.22,78.57,7.412,10.182,95.2,52.0,46.0,64.0
synthetic-00136-01,cfg-00136,cs2,AMD Ryzen 7 7840HS,NVIDIA GTX 1060 6GB,32,SSD,0,1920x1080,low,off,msaa_2x,medium,low,145,114,69,balanced,1,0,0,0,0,0,0,0,0,142.33,112.97,90.37,7.026,8.852,93.66,52.0,46.0,64.0
synthetic-00136-02,cfg-00136,cs2,AMD Ryzen 7 7840HS,NVIDIA GTX 1060 6GB,32,SSD,0,1920x1080,low,off,msaa_2x,medium,low,145,114,69,balanced,0,1,0,0,0,0,0,0,0,139.23,106.37,85.1,7.182,9.401,94.3,52.0,46.0,64.0
synthetic-00136-03,cfg-00136,cs2,AMD Ryzen 7 7840HS,NVIDIA GTX 1060 6GB,32,SSD,0,1920x1080,low,off,msaa_2x,medium,low,145,114,69,balanced,0,0,1,0,0,0,0,0,0,133.83,96.47,77.17,7.472,10.366,95.42,52.0,46.0,64.0
synthetic-00136-04,cfg-00136,cs2,AMD Ryzen 7 7840HS,NVIDIA GTX 1060 6GB,32,SSD,0,1920x1080,low,off,msaa_2x,medium,low,145,114,69,balanced,0,0,0,1,0,0,0,0,0,136.8,106.71,85.37,7.31,9.371,94.81,52.0,46.0,64.0
synthetic-00136-05,cfg-00136,cs2,AMD Ryzen 7 7840HS,NVIDIA GTX 1060 6GB,32,SSD,0,1920x1080,low,off,msaa_2x,medium,low,145,114,69,balanced,0,0,0,0,1,0,0,0,0,140.58,107.65,86.12,7.114,9.289,94.02,52.0,46.0,64.0
synthetic-00136-06,cfg-00136,cs2,AMD Ryzen 7 7840HS,NVIDIA GTX 1060 6GB,32,SSD,0,1920x1080,low,off,msaa_2x,medium,low,145,114,69,balanced,0,0,0,0,0,1,0,0,0,143.82,114.69,91.75,6.953,8.719,93.35,52.0,46.0,64.0
synthetic-00136-07,cfg-00136,cs2,AMD Ryzen 7 7840HS,NVIDIA GTX 1060 6GB,32,SSD,0,1920x1080,low,off,msaa_2x,medium,low,145,114,69,balanced,0,0,0,0,0,0,1,0,0,137.07,101.76,81.41,7.296,9.827,94.75,52.0,46.0,64.0
synthetic-00136-08,cfg-00136,cs2,AMD Ryzen 7 7840HS,NVIDIA GTX 1060 6GB,32,SSD,0,1920x1080,low,off,msaa_2x,medium,low,145,114,69,balanced,0,0,0,0,0,0,0,1,0,140.08,107.42,85.94,7.139,9.309,94.13,52.0,46.0,64.0
synthetic-00136-09,cfg-00136,cs2,AMD Ryzen 7 7840HS,NVIDIA GTX 1060 6GB,32,SSD,0,1920x1080,low,off,msaa_2x,medium,low,145,114,69,balanced,0,0,0,0,0,0,0,0,1,139.23,106.62,85.3,7.182,9.379,94.3,52.0,46.0,64.0
synthetic-00136-10,cfg-00136,cs2,AMD Ryzen 7 7840HS,NVIDIA GTX 1060 6GB,32,SSD,0,1920x1080,low,off,msaa_2x,medium,low,145,114,69,balanced,0,0,0,0,0,0,0,1,1,143.97,115.35,92.28,6.946,8.669,93.32,52.0,46.0,64.0
synthetic-00136-11,cfg-00136,cs2,AMD Ryzen 7 7840HS,NVIDIA GTX 1060 6GB,32,SSD,0,1920x1080,low,off,msaa_2x,medium,low,145,114,69,balanced,0,0,0,1,0,0,0,0,1,140.84,114.61,91.69,7.1,8.725,93.97,52.0,46.0,64.0
synthetic-00136-12,cfg-00136,cs2,AMD Ryzen 7 7840HS,NVIDIA GTX 1060 6GB,32,SSD,0,1920x1080,low,off,msaa_2x,medium,low,145,114,69,balanced,0,1,0,0,1,0,1,0,1,149.15,124.84,99.87,6.705,8.011,92.25,52.0,46.0,64.0
synthetic-00137-00,cfg-00137,valorant,Intel Core i5-9400F,NVIDIA RTX 3060 Laptop,16,HDD,1,1920x1080,medium,off,off,medium,medium,96,188,26,balanced,0,0,0,0,0,0,0,0,0,118.9,90.37,67.96,8.41,11.066,88.0,52.0,46.0,82.6
synthetic-00137-01,cfg-00137,valorant,Intel Core i5-9400F,NVIDIA RTX 3060 Laptop,16,HDD,1,1920x1080,medium,off,off,medium,medium,96,188,26,balanced,1,0,0,0,0,0,0,0,0,120.64,95.23,71.61,8.289,10.501,87.59,52.0,46.0,82.6
synthetic-00137-02,cfg-00137,valorant,Intel Core i5-9400F,NVIDIA RTX 3060 Laptop,16,HDD,1,1920x1080,medium,off,off,medium,medium,96,188,26,balanced,0,1,0,0,0,0,0,0,0,121.52,94.76,71.26,8.229,10.553,87.38,52.0,46.0,82.6
synthetic-00137-03,cfg-00137,valorant,Intel Core i5-9400F,NVIDIA RTX 3060 Laptop,16,HDD,1,1920x1080,medium,off,off,medium,medium,96,188,26,balanced,0,0,1,0,0,0,0,0,0,121.52,94.76,71.26,8.229,10.553,87.38,52.0,46.0,82.6
synthetic-00137-04,cfg-00137,valorant,Intel Core i5-9400F,NVIDIA RTX 3060 Laptop,16,HDD,1,1920x1080,medium,off,off,medium,medium,96,188,26,balanced,0,0,0,1,0,0,0,0,0,119.49,91.34,68.68,8.369,10.949,87.86,52.0,46.0,82.6
synthetic-00137-05,cfg-00137,valorant,Intel Core i5-9400F,NVIDIA RTX 3060 Laptop,16,HDD,1,1920x1080,medium,off,off,medium,medium,96,188,26,balanced,0,0,0,0,1,0,0,0,0,129.13,109.18,82.1,7.744,9.159,85.59,52.0,46.0,82.6
synthetic-00137-06,cfg-00137,valorant,Intel Core i5-9400F,NVIDIA RTX 3060 Laptop,16,HDD,1,1920x1080,medium,off,off,medium,medium,96,188,26,balanced,0,0,0,0,0,1,0,0,0,125.32,101.34,76.21,7.979,9.868,86.49,52.0,46.0,82.6
synthetic-00137-07,cfg-00137,valorant,Intel Core i5-9400F,NVIDIA RTX 3060 Laptop,16,HDD,1,1920x1080,medium,off,off,medium,medium,96,188,26,balanced,0,0,0,0,0,0,1,0,0,120.81,93.55,70.35,8.278,10.689,87.55,52.0,46.0,82.6
synthetic-00137-08,cfg-00137,valorant,Intel Core i5-9400F,NVIDIA RTX 3060 Laptop,16,HDD,1,1920x1080,medium,off,off,medium,medium,96,188,26,balanced,0,0,0,0,0,0,0,1,0,123.24,98.1,73.77,8.114,10.194,86.98,52.0,46.0,82.6
synthetic-00137-09,cfg-00137,valorant,Intel Core i5-9400F,NVIDIA RTX 3060 Laptop,16,HDD,1,1920x1080,medium,off,off,medium,medium,96,188,26,balanced,0,0,0,0,0,0,0,0,1,122.11,95.77,72.02,8.189,10.441,87.24,52.0,46.0,82.6
synthetic-00137-10,cfg-00137,valorant,Intel Core i5-9400F,NVIDIA RTX 3060 Laptop,16,HDD,1,1920x1080,medium,off,off,medium,medium,96,188,26,balanced,0,0,1,1,1,0,1,0,0,132.16,114.63,86.2,7.567,8.724,84.88,52.0,46.0,82.6
synthetic-00137-11,cfg-00137,valorant,Intel Core i5-9400F,NVIDIA RTX 3060 Laptop,16,HDD,1,1920x1080,medium,off,off,medium,medium,96,188,26,balanced,0,0,0,0,1,1,0,1,1,139.83,129.79,97.6,7.151,7.705,83.07,52.0,46.0,82.6
synthetic-00137-12,cfg-00137,valorant,Intel Core i5-9400F,NVIDIA RTX 3060 Laptop,16,HDD,1,1920x1080,medium,off,off,medium,medium,96,188,26,balanced,1,1,1,0,0,0,1,0,0,126.58,105.32,79.2,7.9,9.495,86.19,52.0,46.0,82.6
synthetic-00138-00,cfg-00138,valorant,AMD Ryzen 5 5600X,NVIDIA RTX 3060 Laptop,24,SSD,1,2560x1440,low,on,fxaa,ultra,medium,41,78,44,max_fps,0,0,0,0,0,0,0,0,0,60.0,45.09,33.91,16.667,22.177,89.91,54.2,48.56,82.6
synthetic-00138-01,cfg-00138,valorant,AMD Ryzen 5 5600X,NVIDIA RTX 3060 Laptop,24,SSD,1,2560x1440,low,on,fxaa,ultra,medium,41,78,44,max_fps,1,0,0,0,0,0,0,0,0,60.0,46.85,35.23,16.667,21.344,89.5,54.2,48.56,82.6
synthetic-00138-02,cfg-00138,valorant,AMD Ryzen 5 5600X,NVIDIA RTX 3060 Laptop,24,SSD,1,2560x1440,low,on,fxaa,ultra,medium,41,78,44,max_fps,0,1,0,0,0,0,0,0,0,60.0,46.54,35.0,16.667,21.488,89.22,54.2,48.56,82.6
synthetic-00138-03,cfg-00138,valorant,AMD Ryzen 5 5600X,NVIDIA RTX 3060 Laptop,24,SSD,1,2560x1440,low,on,fxaa,ultra,medium,41,78,44,max_fps,0,0,1,0,0,0,0,0,0,60.0,46.28,34.8,16.667,21.608,89.29,54.2,48.56,82.6
synthetic-00138-04,cfg-00138,valorant,AMD Ryzen 5 5600X,NVIDIA RTX 3060 Laptop,24,SSD,1,2560x1440,low,on,fxaa,ultra,medium,41,78,44,max_fps,0,0,0,1,0,0,0,0,0,60.0,45.36,34.11,16.667,22.048,89.77,54.2,48.56,82.6
synthetic-00138-05,cfg-00138,valorant,AMD Ryzen 5 5600X,NVIDIA RTX 3060 Laptop,24,SSD,1,2560x1440,low,on,fxaa,ultra,medium,41,78,44,max_fps,0,0,0,0,1,0,0,0,0,60.0,50.22,37.77,16.667,19.912,87.5,54.2,48.56,82.6
synthetic-00138-06,cfg-00138,valorant,AMD Ryzen 5 5600X,NVIDIA RTX 3060 Laptop,24,SSD,1,2560x1440,low,on,fxaa,ultra,medium,41,78,44,max_fps,0,0,0,0,0,1,0,0,0,60.0,48.34,36.35,16.667,20.687,88.3,54.2,48.56,82.6
synthetic-00138-07,cfg-00138,valorant,AMD Ryzen 5 5600X,NVIDIA RTX 3060 Laptop,24,SSD,1,2560x1440,low,on,fxaa,ultra,medium,41,78,44,max_fps,0,0,0,0,0,0,1,0,0,60.0,45.96,34.56,16.667,21.76,89.46,54.2,48.56,82.6
synthetic-00138-08,cfg-00138,valorant,AMD Ryzen 5 5600X,NVIDIA RTX 3060 Laptop,24,SSD,1,2560x1440,low,on,fxaa,ultra,medium,41,78,44,max_fps,0,0,0,0,0,0,0,1,0,60.0,47.25,35.53,16.667,21.163,88.88,54.2,48.56,82.6
synthetic-00138-09,cfg-00138,valorant,AMD Ryzen 5 5600X,NVIDIA RTX 3060 Laptop,24,SSD,1,2560x1440,low,on,fxaa,ultra,medium,41,78,44,max_fps,0,0,0,0,0,0,0,0,1,60.0,46.17,34.72,16.667,21.66,89.42,54.2,48.56,82.6
synthetic-00138-10,cfg-00138,valorant,AMD Ryzen 5 5600X,NVIDIA RTX 3060 Laptop,24,SSD,1,2560x1440,low,on,fxaa,ultra,medium,41,78,44,max_fps,0,0,1,1,0,0,1,0,1,60.0,48.03,36.12,16.667,20.822,88.45,54.2,48.56,82.6
synthetic-00138-11,cfg-00138,valorant,AMD Ryzen 5 5600X,NVIDIA RTX 3060 Laptop,24,SSD,1,2560x1440,low,on,fxaa,ultra,medium,41,78,44,max_fps,0,1,0,0,0,1,0,0,0,60.0,49.57,37.28,16.667,20.172,87.72,54.2,48.56,82.6
synthetic-00138-12,cfg-00138,valorant,AMD Ryzen 5 5600X,NVIDIA RTX 3060 Laptop,24,SSD,1,2560x1440,low,on,fxaa,ultra,medium,41,78,44,max_fps,1,1,0,0,0,0,0,1,1,60.0,50.66,38.1,16.667,19.738,87.65,54.2,48.56,82.6
synthetic-00139-00,cfg-00139,fortnite,AMD Ryzen 5 5600X,NVIDIA RTX 4060,12,NVMe,0,2560x1440,low,off,fxaa,high,ultra,30,162,66,max_fps,0,0,0,0,0,0,0,0,0,143.63,104.97,83.97,6.962,9.527,94.56,54.2,47.28,64.0
synthetic-00139-01,cfg-00139,fortnite,AMD Ryzen 5 5600X,NVIDIA RTX 4060,12,NVMe,0,2560x1440,low,off,fxaa,high,ultra,30,162,66,max_fps,1,0,0,0,0,0,0,0,0,154.11,125.25,100.2,6.489,7.984,92.52,54.2,47.28,64.0
synthetic-00139-02,cfg-00139,fortnite,AMD Ryzen 5 5600X,NVIDIA RTX 4060,12,NVMe,0,2560x1440,low,off,fxaa,high,ultra,30,162,66,max_fps,0,1,0,0,0,0,0,0,0,148.1,113.35,90.68,6.752,8.822,93.69,54.2,47.28,64.0
synthetic-00139-03,cfg-00139,fortnite,AMD Ryzen 5 5600X,NVIDIA RTX 4060,12,NVMe,0,2560x1440,low,off,fxaa,high,ultra,30,162,66,max_fps,0,0,1,0,0,0,0,0,0,146.79,110.18,88.15,6.813,9.076,93.95,54.2,47.28,64.0
synthetic-00139-04,cfg-00139,fortnite,AMD Ryzen 5 5600X,NVIDIA RTX 4060,12,NVMe,0,2560x1440,low,off,fxaa,high,ultra,30,162,66,max_fps,0,0,0,1,0,0,0,0,0,145.64,113.91,91.13,6.866,8.779,94.17,54.2,47.28,64.0
synthetic-00139-05,cfg-00139,fortnite,AMD Ryzen 5 5600X,NVIDIA RTX 4060,12,NVMe,0,2560x1440,low,off,fxaa,high,ultra,30,162,66,max_fps,0,0,0,0,1,0,0,0,0,149.66,115.03,92.03,6.682,8.693,93.39,54.2,47.28,64.0
synthetic-00139-06,cfg-00139,fortnite,AMD Ryzen 5 5600X,NVIDIA RTX 4060,12,NVMe,0,2560x1440,low,off,fxaa,high,ultra,30,162,66,max_fps,0,0,0,0,0,1,0,0,0,152.96,122.13,97.7,6.538,8.188,92.75,54.2,47.28,64.0
synthetic-00139-07,cfg-00139,fortnite,AMD Ryzen 5 5600X,NVIDIA RTX 4060,12,NVMe,0,2560x1440,low,off,fxaa,high,ultra,30,162,66,max_fps,0,0,0,0,0,0,1,0,0,145.93,108.75,87.0,6.853,9.196,94.12,54.2,47.28,64.0
synthetic-00139-08,cfg-00139,fortnite,AMD Ryzen 5 5600X,NVIDIA RTX 4060,12,NVMe,0,2560x1440,low,off,fxaa,high,ultra,30,162,66,max_fps,0,0,0,0,0,0,0,1,0,150.29,117.63,94.1,6.654,8.501,93.27,54.2,47.28,64.0
synthetic-00139-09,cfg-00139,fortnite,AMD Ryzen 5 5600X,NVIDIA RTX 4060,12,NVMe,0,2560x1440,low,off,fxaa,high,ultra,30,162,66,max_fps,0,0,0,0,0,0,0,0,1,150.84,118.3,94.64,6.629,8.453,93.16,54.2,47.28,64.0
synthetic-00139-10,cfg-00139,fortnite,AMD Ryzen 5 5600X,NVIDIA RTX 4060,12,NVMe,0,2560x1440,low,off,fxaa,high,ultra,30,162,66,max_fps,1,1,0,0,0,0,1,1,0,164.32,146.06,116.84,6.086,6.847,90.53,54.2,47.28,64.0
synthetic-00139-11,cfg-00139,fortnite,AMD Ryzen 5 5600X,NVIDIA RTX 4060,12,NVMe,0,2560x1440,low,off,fxaa,high,ultra,30,162,66,max_fps,0,1,0,0,0,1,1,0,0,158.27,132.47,105.97,6.318,7.549,91.71,54.2,47.28,64.0
synthetic-00139-12,cfg-00139,fortnite,AMD Ryzen 5 5600X,NVIDIA RTX 4060,12,NVMe,0,2560x1440,low,off,fxaa,high,ultra,30,162,66,max_fps,0,0,0,0,0,0,1,1,1,158.35,132.97,106.37,6.315,7.521,91.69,54.2,47.28,64.0
synthetic-00140-00,cfg-00140,warzone,AMD Ryzen 5 3600,NVIDIA RTX 4070,16,NVMe,0,1280x720,high,off,fxaa,ultra,low,138,171,70,balanced,0,0,0,0,0,0,0,0,0,95.47,69.41,55.53,10.474,14.407,95.41,50.88,48.56,64.0
synthetic-00140-01,cfg-00140,warzone,AMD Ryzen 5 3600,NVIDIA RTX 4070,16,NVMe,0,1280x720,high,off,fxaa,ultra,low,138,171,70,balanced,1,0,0,0,0,0,0,0,0,102.44,82.87,66.3,9.762,12.067,93.37,50.88,48.56,64.0
synthetic-00140-02,cfg-00140,warzone,AMD Ryzen 5 3600,NVIDIA RTX 4070,16,NVMe,0,1280x720,high,off,fxaa,ultra,low,138,171,70,balanced,0,1,0,0,0,0,0,0,0,98.55,75.25,60.2,10.147,13.289,94.51,50.88,48.56,64.0
synthetic-00140-03,cfg-00140,warzone,AMD Ryzen 5 3600,NVIDIA RTX 4070,16,NVMe,0,1280x720,high,off,fxaa,ultra,low,138,171,70,balanced,0,0,1,0,0,0,0,0,0,97.57,72.87,58.3,10.249,13.723,94.8,50.88,48.56,64.0
synthetic-00140-04,cfg-00140,warzone,AMD Ryzen 5 3600,NVIDIA RTX 4070,16,NVMe,0,1280x720,high,off,fxaa,ultra,low,138,171,70,balanced,0,0,0,1,0,0,0,0,0,96.81,75.44,60.35,10.33,13.255,95.02,50.88,48.56,64.0
synthetic-00140-05,cfg-00140,warzone,AMD Ryzen 5 3600,NVIDIA RTX 4070,16,NVMe,0,1280x720,high,off,fxaa,ultra,low,138,171,70,balanced,0,0,0,0,1,0,0,0,0,99.48,76.09,60.87,10.052,13.143,94.24,50.88,48.56,64.0
synthetic-00140-06,cfg-00140,warzone,AMD Ryzen 5 3600,NVIDIA RTX 4070,16,NVMe,0,1280x720,high,off,fxaa,ultra,low,138,171,70,balanced,0,0,0,0,0,1,0,0,0,101.81,81.15,64.92,9.823,12.322,93.55,50.88,48.56,64.0
synthetic-00140-07,cfg-00140,warzone,AMD Ryzen 5 3600,NVIDIA RTX 4070,16,NVMe,0,1280x720,high,off,fxaa,ultra,low,138,171,70,balanced,0,0,0,0,0,0,1,0,0,97.0,71.92,57.54,10.309,13.904,94.96,50.88,48.56,64.0
synthetic-00140-08,cfg-00140,warzone,AMD Ryzen 5 3600,NVIDIA RTX 4070,16,NVMe,0,1280x720,high,off,fxaa,ultra,low,138,171,70,balanced,0,0,0,0,0,0,0,1,0,100.07,78.23,62.59,9.993,12.782,94.06,50.88,48.56,64.0
synthetic-00140-09,cfg-00140,warzone,AMD Ryzen 5 3600,NVIDIA RTX 4070,16,NVMe,0,1280x720,high,off,fxaa,ultra,low,138,171,70,balanced,0,0,0,0,0,0,0,0,1,98.58,75.48,60.38,10.144,13.249,94.5,50.88,48.56,64.0
synthetic-00140-10,cfg-00140,warzone,AMD Ryzen 5 3600,NVIDIA RTX 4070,16,NVMe,0,1280x720,high,off,fxaa,ultra,low,138,171,70,balanced,0,0,0,1,0,1,0,0,0,102.8,86.75,69.4,9.728,11.527,93.26,50.88,48.56,64.0
synthetic-00140-11,cfg-00140,warzone,AMD Ryzen 5 3600,NVIDIA RTX 4070,16,NVMe,0,1280x720,high,off,fxaa,ultra,low,138,171,70,balanced,0,1,0,0,0,1,0,1,0,108.23,94.57,75.66,9.24,10.574,91.67,50.88,48.56,64.0
synthetic-00140-12,cfg-00140,warzone,AMD Ryzen 5 3600,NVIDIA RTX 4070,16,NVMe,0,1280x720,high,off,fxaa,ultra,low,138,171,70,balanced,0,0,1,1,0,0,0,1,0,102.79,86.59,69.27,9.729,11.549,93.27,50.88,48.56,64.0
synthetic-00141-00,cfg-00141,cs2,AMD Ryzen 7 7840HS,NVIDIA RTX 4070,8,SSD,0,1920x1080,low,off,off,high,medium,49,125,44,balanced,0,0,0,0,0,0,0,0,0,200.06,150.35,120.28,4.998,6.651,89.91,52.0,47.28,64.0
synthetic-00141-01,cfg-00141,cs2,AMD Ryzen 7 7840HS,NVIDIA RTX 4070,8,SSD,0,1920x1080,low,off,off,high,medium,49,125,44,balanced,1,0,0,0,0,0,0,0,0,211.07,172.49,137.99,4.738,5.797,88.37,52.0,47.28,64.0
synthetic-00141-02,cfg-00141,cs2,AMD Ryzen 7 7840HS,NVIDIA RTX 4070,8,SSD,0,1920x1080,low,off,off,high,medium,49,125,44,balanced,0,1,0,0,0,0,0,0,0,204.99,159.0,127.2,4.878,6.289,89.22,52.0,47.28,64.0
synthetic-00141-03,cfg-00141,cs2,AMD Ryzen 7 7840HS,NVIDIA RTX 4070,8,SSD,0,1920x1080,low,off,off,high,medium,49,125,44,balanced,0,0,1,0,0,0,0,0,0,204.46,157.71,126.17,4.891,6.341,89.29,52.0,47.28,64.0
synthetic-00141-04,cfg-00141,cs2,AMD Ryzen 7 7840HS,NVIDIA RTX 4070,8,SSD,0,1920x1080,low,off,off,high,medium,49,125,44,balanced,0,0,0,1,0,0,0,0,0,202.86,161.83,129.46,4.929,6.179,89.51,52.0,47.28,64.0
synthetic-00141-05,cfg-00141,cs2,AMD Ryzen 7 7840HS,NVIDIA RTX 4070,8,SSD,0,1920x1080,low,off,off,high,medium,49,125,44,balanced,0,0,0,0,1,0,0,0,0,208.47,164.55,131.64,4.797,6.077,88.73,52.0,47.28,64.0
synthetic-00141-06,cfg-00141,cs2,AMD Ryzen 7 7840HS,NVIDIA RTX 4070,8,SSD,0,1920x1080,low,off,off,high,medium,49,125,44,balanced,0,0,0,0,0,1,0,0,0,211.5,170.4,136.32,4.728,5.869,88.3,52.0,47.28,64.0
synthetic-00141-07,cfg-00141,cs2,AMD Ryzen 7 7840HS,NVIDIA RTX 4070,8,SSD,0,1920x1080,low,off,off,high,medium,49,125,44,balanced,0,0,0,0,0,0,1,0,0,203.26,155.69,124.55,4.92,6.423,89.46,52.0,47.28,64.0
synthetic-00141-08,cfg-00141,cs2,AMD Ryzen 7 7840HS,NVIDIA RTX 4070,8,SSD,0,1920x1080,low,off,off,high,medium,49,125,44,balanced,0,0,0,0,0,0,0,1,0,207.73,164.19,131.35,4.814,6.091,88.83,52.0,47.28,64.0
synthetic-00141-09,cfg-00141,cs2,AMD Ryzen 7 7840HS,NVIDIA RTX 4070,8,SSD,0,1920x1080,low,off,off,high,medium,49,125,44,balanced,0,0,0,0,0,0,0,0,1,207.52,163.42,130.74,4.819,6.119,88.86,52.0,47.28,64.0
synthetic-00141-10,cfg-00141,cs2,AMD Ryzen 7 7840HS,NVIDIA RTX 4070,8,SSD,0,1920x1080,low,off,off,high,medium,49,125,44,balanced,0,1,0,0,1,1,1,0,0,224.26,193.84,155.07,4.459,5.159,86.52,52.0,47.28,64.0
synthetic-00141-11,cfg-00141,cs2,AMD Ryzen 7 7840HS,NVIDIA RTX 4070,8,SSD,0,1920x1080,low,off,off,high,medium,49,125,44,balanced,0,1,0,1,0,1,1,0,0,219.41,191.24,152.99,4.558,5.229,87.2,52.0,47.28,64.0
synthetic-00141-12,cfg-00141,cs2,AMD Ryzen 7 7840HS,NVIDIA RTX 4070,8,SSD,0,1920x1080,low,off,off,high,medium,49,125,44,balanced,0,1,1,0,0,0,0,1,1,221.22,188.97,151.17,4.52,5.292,86.95,52.0,47.28,64.0
synthetic-00142-00,cfg-00142,fortnite,Intel Core i5-9400F,AMD RX 6600,16,NVMe,1,2560x1440,ultra,off,off,high,ultra,166,65,102,quality,0,0,0,0,0,0,0,0,0,64.92,45.24,34.93,15.404,22.103,56.19,54.2,50.49,70.6
synthetic-00142-01,cfg-00142,fortnite,Intel Core i5-9400F,AMD RX 6600,16,NVMe,1,2560x1440,ultra,off,off,high,ultra,166,65,102,quality,1,0,0,0,0,0,0,0,0,66.74,48.19,37.2,14.985,20.75,55.4,54.2,50.49,70.6
synthetic-00142-02,cfg-00142,fortnite,Intel Core i5-9400F,AMD RX 6600,16,NVMe,1,2560x1440,ultra,off,off,high,ultra,166,65,102,quality,0,1,0,0,0,0,0,0,0,66.85,49.32,38.08,14.96,20.274,55.36,54.2,50.49,70.6
synthetic-00142-03,cfg-00142,fortnite,Intel Core i5-9400F,AMD RX 6600,16,NVMe,1,2560x1440,ultra,off,off,high,ultra,166,65,102,quality,0,0,1,0,0,0,0,0,0,66.35,47.55,36.71,15.073,21.029,55.57,54.2,50.49,70.6
synthetic-00142-04,cfg-00142,fortnite,Intel Core i5-9400F,AMD RX 6600,16,NVMe,1,2560x1440,ultra,off,off,high,ultra,166,65,102,quality,0,0,0,1,0,0,0,0,0,65.18,46.68,36.03,15.343,21.424,56.08,54.2,50.49,70.6
synthetic-00142-05,cfg-00142,fortnite,Intel Core i5-9400F,AMD RX 6600,16,NVMe,1,2560x1440,ultra,off,off,high,ultra,166,65,102,quality,0,0,0,0,1,0,0,0,0,68.68,51.78,39.97,14.56,19.313,54.56,54.2,50.49,70.6
synthetic-00142-06,cfg-00142,fortnite,Intel Core i5-9400F,AMD RX 6600,16,NVMe,1,2560x1440,ultra,off,off,high,ultra,166,65,102,quality,0,0,0,0,0,1,0,0,0,67.62,51.01,39.38,14.788,19.606,55.02,54.2,50.49,70.6
synthetic-00142-07,cfg-00142,fortnite,Intel Core i5-9400F,AMD RX 6600,16,NVMe,1,2560x1440,ultra,off,off,high,ultra,166,65,102,quality,0,0,0,0,0,0,1,0,0,66.01,47.05,36.33,15.149,21.252,55.72,54.2,50.49,70.6
synthetic-00142-08,cfg-00142,fortnite,Intel Core i5-9400F,AMD RX 6600,16,NVMe,1,2560x1440,ultra,off,off,high,ultra,166,65,102,quality,0,0,0,0,0,0,0,1,0,66.63,48.69,37.59,15.008,20.537,55.45,54.2,50.49,70.6
synthetic-00142-09,cfg-00142,fortnite,Intel Core i5-9400F,AMD RX 6600,16,NVMe,1,2560x1440,ultra,off,off,high,ultra,166,65,102,quality,0,0,0,0,0,0,0,0,1,68.26,51.94,40.1,14.651,19.254,54.75,54.2,50.49,70.6
synthetic-00142-10,cfg-00142,fortnite,Intel Core i5-9400F,AMD RX 6600,16,NVMe,1,2560x1440,ultra,off,off,high,ultra,166,65,102,quality,0,0,0,0,0,1,1,0,0,68.54,52.56,40.58,14.589,19.024,54.62,54.2,50.49,70.6
synthetic-00142-11,cfg-00142,fortnite,Intel Core i5-9400F,AMD RX 6600,16,NVMe,1,2560x1440,ultra,off,off,high,ultra,166,65,102,quality,0,0,0,1,0,0,0,0,1,68.35,53.07,40.97,14.63,18.843,54.71,54.2,50.49,70.6
synthetic-00142-12,cfg-00142,fortnite,Intel Core i5-9400F,AMD RX 6600,16,NVMe,1,2560x1440,ultra,off,off,high,ultra,166,65,102,quality,0,0,0,0,0,1,1,0,0,68.54,52.56,40.58,14.589,19.024,54.62,54.2,50.49,70.6
synthetic-00143-00,cfg-00143,cyberpunk_2077,Intel Core i5-9400F,NVIDIA GTX 1660 Super,16,NVMe,0,1920x1080,medium,on,msaa_2x,high,medium,175,202,57,max_fps,0,0,0,0,0,0,0,0,0,65.41,48.36,38.69,15.288,20.679,46.66,96.0,47.28,64.0
synthetic-00143-01,cfg-00143,cyberpunk_2077,Intel Core i5-9400F,NVIDIA GTX 1660 Super,16,NVMe,0,1920x1080,medium,on,msaa_2x,high,medium,175,202,57,max_fps,1,0,0,0,0,0,0,0,0,67.24,51.41,41.13,14.871,19.453,45.87,96.0,47.28,64.0
synthetic-00143-02,cfg-00143,cyberpunk_2077,Intel Core i5-9400F,NVIDIA GTX 1660 Super,16,NVMe,0,1920x1080,medium,on,msaa_2x,high,medium,175,202,57,max_fps,0,1,0,0,0,0,0,0,0,66.49,50.45,40.36,15.04,19.822,46.2,96.0,47.28,64.0
synthetic-00143-03,cfg-00143,cyberpunk_2077,Intel Core i5-9400F,NVIDIA GTX 1660 Super,16,NVMe,0,1920x1080,medium,on,msaa_2x,high,medium,175,202,57,max_fps,0,0,1,0,0,0,0,0,0,64.89,48.21,38.56,15.411,20.745,46.88,96.0,47.28,64.0
synthetic-00143-04,cfg-00143,cyberpunk_2077,Intel Core i5-9400F,NVIDIA GTX 1660 Super,16,NVMe,0,1920x1080,medium,on,msaa_2x,high,medium,175,202,57,max_fps,0,0,0,1,0,0,0,0,0,65.67,49.12,39.3,15.227,20.356,46.55,96.0,47.28,64.0
synthetic-00143-05,cfg-00143,cyberpunk_2077,Intel Core i5-9400F,NVIDIA GTX 1660 Super,16,NVMe,0,1920x1080,medium,on,msaa_2x,high,medium,175,202,57,max_fps,0,0,0,0,1,0,0,0,0,68.16,52.97,42.37,14.672,18.88,45.48,96.0,47.28,64.0
synthetic-00143-06,cfg-00143,cyberpunk_2077,Intel Core i5-9400F,NVIDIA GTX 1660 Super,16,NVMe,0,1920x1080,medium,on,msaa_2x,high,medium,175,202,57,max_fps,0,0,0,0,0,1,0,0,0,67.1,51.6,41.28,14.904,19.381,45.94,96.0,47.28,64.0
synthetic-00143-07,cfg-00143,cyberpunk_2077,Intel Core i5-9400F,NVIDIA GTX 1660 Super,16,NVMe,0,1920x1080,medium,on,msaa_2x,high,medium,175,202,57,max_fps,0,0,0,0,0,0,1,0,0,68.94,55.44,44.35,14.505,18.038,45.15,96.0,47.28,64.0
synthetic-00143-08,cfg-00143,cyberpunk_2077,Intel Core i5-9400F,NVIDIA GTX 1660 Super,16,NVMe,0,1920x1080,medium,on,msaa_2x,high,medium,175,202,57,max_fps,0,0,0,0,0,0,0,1,0,67.08,51.76,41.41,14.908,19.318,45.94,96.0,47.28,64.0
synthetic-00143-09,cfg-00143,cyberpunk_2077,Intel Core i5-9400F,NVIDIA GTX 1660 Super,16,NVMe,0,1920x1080,medium,on,msaa_2x,high,medium,175,202,57,max_fps,0,0,0,0,0,0,0,0,1,67.04,51.46,41.17,14.916,19.433,45.96,96.0,47.28,64.0
synthetic-00143-10,cfg-00143,cyberpunk_2077,Intel Core i5-9400F,NVIDIA GTX 1660 Super,16,NVMe,0,1920x1080,medium,on,msaa_2x,high,medium,175,202,57,max_fps,1,0,0,1,1,0,0,0,0,69.82,56.17,44.94,14.323,17.803,44.77,96.0,47.28,64.0
synthetic-00143-11,cfg-00143,cyberpunk_2077,Intel Core i5-9400F,NVIDIA GTX 1660 Super,16,NVMe,0,1920x1080,medium,on,msaa_2x,high,medium,175,202,57,max_fps,0,0,0,1,1,0,1,0,0,71.36,59.99,47.99,14.013,16.67,44.11,96.0,47.28,64.0
synthetic-00143-12,cfg-00143,cyberpunk_2077,Intel Core i5-9400F,NVIDIA GTX 1660 Super,16,NVMe,0,1920x1080,medium,on,msaa_2x,high,medium,175,202,57,max_fps,1,1,0,1,0,0,1,0,0,71.21,59.93,47.94,14.043,16.687,44.18,96.0,47.28,64.0
synthetic-00144-00,cfg-00144,cyberpunk_2077,AMD Ryzen 7 5800X3D,NVIDIA RTX 2060,16,SSD,0,2560x1440,low,off,off,medium,medium,109,125,75,max_fps,0,0,0,0,0,0,0,0,0,103.1,74.48,59.58,9.699,13.427,50.47,98.2,46.0,64.0
synthetic-00144-01,cfg-00144,cyberpunk_2077,AMD Ryzen 7 5800X3D,NVIDIA RTX 2060,16,SSD,0,2560x1440,low,off,off,medium,medium,109,125,75,max_fps,1,0,0,0,0,0,0,0,0,104.14,76.16,60.93,9.603,13.13,50.19,98.2,46.0,64.0
synthetic-00144-02,cfg-00144,cyberpunk_2077,AMD Ryzen 7 5800X3D,NVIDIA RTX 2060,16,SSD,0,2560x1440,low,off,off,medium,medium,109,125,75,max_fps,0,1,0,0,0,0,0,0,0,105.35,79.05,63.24,9.492,12.649,49.86,98.2,46.0,64.0
synthetic-00144-03,cfg-00144,cyberpunk_2077,AMD Ryzen 7 5800X3D,NVIDIA RTX 2060,16,SSD,0,2560x1440,low,off,off,medium,medium,109,125,75,max_fps,0,0,1,0,0,0,0,0,0,108.98,85.49,68.39,9.176,11.697,48.87,98.2,46.0,64.0
synthetic-00144-04,cfg-00144,cyberpunk_2077,AMD Ryzen 7 5800X3D,NVIDIA RTX 2060,16,SSD,0,2560x1440,low,off,off,medium,medium,109,125,75,max_fps,0,0,0,1,0,0,0,0,0,103.52,76.11,60.89,9.66,13.138,50.36,98.2,46.0,64.0
synthetic-00144-05,cfg-00144,cyberpunk_2077,AMD Ryzen 7 5800X3D,NVIDIA RTX 2060,16,SSD,0,2560x1440,low,off,off,medium,medium,109,125,75,max_fps,0,0,0,0,1,0,0,0,0,107.44,81.67,65.33,9.308,12.245,49.29,98.2,46.0,64.0
synthetic-00144-06,cfg-00144,cyberpunk_2077,AMD Ryzen 7 5800X3D,NVIDIA RTX 2060,16,SSD,0,2560x1440,low,off,off,medium,medium,109,125,75,max_fps,0,0,0,0,0,1,0,0,0,106.42,81.21,64.97,9.397,12.314,49.57,98.2,46.0,64.0
synthetic-00144-07,cfg-00144,cyberpunk_2077,AMD Ryzen 7 5800X3D,NVIDIA RTX 2060,16,SSD,0,2560x1440,low,off,off,medium,medium,109,125,75,max_fps,0,0,0,0,0,0,1,0,0,108.67,85.54,68.43,9.202,11.69,48.96,98.2,46.0,64.0
synthetic-00144-08,cfg-00144,cyberpunk_2077,AMD Ryzen 7 5800X3D,NVIDIA RTX 2060,16,SSD,0,2560x1440,low,off,off,medium,medium,109,125,75,max_fps,0,0,0,0,0,0,0,1,0,105.73,79.8,63.84,9.458,12.531,49.76,98.2,46.0,64.0
synthetic-00144-09,cfg-00144,cyberpunk_2077,AMD Ryzen 7 5800X3D,NVIDIA RTX 2060,16,SSD,0,2560x1440,low,off,off,medium,medium,109,125,75,max_fps,0,0,0,0,0,0,0,0,1,106.77,81.67,65.33,9.366,12.245,49.48,98.2,46.0,64.0
synthetic-00144-10,cfg-00144,cyberpunk_2077,AMD Ryzen 7 5800X3D,NVIDIA RTX 2060,16,SSD,0,2560x1440,low,off,off,medium,medium,109,125,75,max_fps,0,0,0,1,1,0,0,0,0,107.63,82.96,66.37,9.291,12.054,49.24,98.2,46.0,64.0
synthetic-00144-11,cfg-00144,cyberpunk_2077,AMD Ryzen 7 5800X3D,NVIDIA RTX 2060,16,SSD,0,2560x1440,low,off,off,medium,medium,109,125,75,max_fps,0,1,0,1,0,1,1,0,0,113.08,96.02,76.82,8.843,10.414,47.76,98.2,46.0,64.0
synthetic-00144-12,cfg-00144,cyberpunk_2077,AMD Ryzen 7 5800X3D,NVIDIA RTX 2060,16,SSD,0,2560x1440,low,off,off,medium,medium,109,125,75,max_fps,0,0,0,0,0,1,1,0,0,111.58,91.85,73.48,8.962,10.887,48.17,98.2,46.0,64.0
synthetic-00145-00,cfg-00145,apex_legends,AMD Ryzen 5 5600X,NVIDIA GTX 1660 Super,24,NVMe,1,3840x2160,medium,on,msaa_4x,medium,high,84,180,36,balanced,0,0,0,0,0,0,0,0,0,51.08,38.77,28.53,19.579,25.794,42.21,99.0,75.31,85.8
synthetic-00145-01,cfg-00145,apex_legends,AMD Ryzen 5 5600X,NVIDIA GTX 1660 Super,24,NVMe,1,3840x2160,medium,on,msaa_4x,medium,high,84,180,36,balanced,1,0,0,0,0,0,0,0,0,52.51,41.18,30.31,19.046,24.285,41.43,99.0,75.31,85.8
synthetic-00145-02,cfg-00145,apex_legends,AMD Ryzen 5 5600X,NVIDIA GTX 1660 Super,24,NVMe,1,3840x2160,medium,on,msaa_4x,medium,high,84,180,36,balanced,0,1,0,0,0,0,0,0,0,51.6,39.66,29.19,19.379,25.216,41.92,99.0,75.31,85.8
synthetic-00145-03,cfg-00145,apex_legends,AMD Ryzen 5 5600X,NVIDIA GTX 1660 Super,24,NVMe,1,3840x2160,medium,on,msaa_4x,medium,high,84,180,36,balanced,0,0,1,0,0,0,0,0,0,50.67,38.64,28.44,19.737,25.879,42.44,99.0,75.31,85.8
synthetic-00145-04,cfg-00145,apex_legends,AMD Ryzen 5 5600X,NVIDIA GTX 1660 Super,24,NVMe,1,3840x2160,medium,on,msaa_4x,medium,high,84,180,36,balanced,0,0,0,1,0,0,0,0,0,51.28,39.12,28.79,19.501,25.562,42.1,99.0,75.31,85.8
synthetic-00145-05,cfg-00145,apex_legends,AMD Ryzen 5 5600X,NVIDIA GTX 1660 Super,24,NVMe,1,3840x2160,medium,on,msaa_4x,medium,high,84,180,36,balanced,0,0,0,0,1,0,0,0,0,55.88,47.74,35.14,17.897,20.945,39.58,99.0,75.31,85.8
synthetic-00145-06,cfg-00145,apex_legends,AMD Ryzen 5 5600X,NVIDIA GTX 1660 Super,24,NVMe,1,3840x2160,medium,on,msaa_4x,medium,high,84,180,36,balanced,0,0,0,0,0,1,0,0,0,52.01,40.36,29.7,19.226,24.78,41.7,99.0,75.31,85.8
synthetic-00145-07,cfg-00145,apex_legends,AMD Ryzen 5 5600X,NVIDIA GTX 1660 Super,24,NVMe,1,3840x2160,medium,on,msaa_4x,medium,high,84,180,36,balanced,0,0,0,0,0,0,1,0,0,54.23,45.06,33.17,18.439,22.192,40.48,99.0,75.31,85.8
synthetic-00145-08,cfg-00145,apex_legends,AMD Ryzen 5 5600X,NVIDIA GTX 1660 Super,24,NVMe,1,3840x2160,medium,on,msaa_4x,medium,high,84,180,36,balanced,0,0,0,0,0,0,0,1,0,52.19,41.01,30.18,19.159,24.385,41.6,99.0,75.31,85.8
synthetic-00145-09,cfg-00145,apex_legends,AMD Ryzen 5 5600X,NVIDIA GTX 1660 Super,24,NVMe,1,3840x2160,medium,on,msaa_4x,medium,high,84,180,36,balanced,0,0,0,0,0,0,0,0,1,51.72,39.86,29.33,19.336,25.09,41.86,99.0,75.31,85.8
synthetic-00145-10,cfg-00145,apex_legends,AMD Ryzen 5 5600X,NVIDIA GTX 1660 Super,24,NVMe,1,3840x2160,medium,on,msaa_4x,medium,high,84,180,36,balanced,0,0,0,0,0,1,1,0,1,55.39,47.09,34.66,18.055,21.234,39.85,99.0,75.31,85.8
synthetic-00145-11,cfg-00145,apex_legends,AMD Ryzen 5 5600X,NVIDIA GTX 1660 Super,24,NVMe,1,3840x2160,medium,on,msaa_4x,medium,high,84,180,36,balanced,0,1,0,0,1,1,0,0,0,56.78,49.38,36.35,17.613,20.25,39.09,99.0,75.31,85.8
synthetic-00145-12,cfg-00145,apex_legends,AMD Ryzen 5 5600X,NVIDIA GTX 1660 Super,24,NVMe,1,3840x2160,medium,on,msaa_4x,medium,high,84,180,36,balanced,1,1,0,1,0,0,0,0,0,53.04,42.12,31.0,18.853,23.742,41.13,99.0,75.31,85.8
synthetic-00146-00,cfg-00146,apex_legends,Intel Core i7-13700K,AMD RX 6600,12,NVMe,0,3840x2160,low,off,off,low,low,23,167,89,balanced,0,0,0,0,0,0,0,0,0,138.51,98.22,78.58,7.22,10.181,53.44,99.0,44.56,64.0
synthetic-00146-01,cfg-00146,apex_legends,Intel Core i7-13700K,AMD RX 6600,12,NVMe,0,3840x2160,low,off,off,low,low,23,167,89,balanced,1,0,0,0,0,0,0,0,0,137.4,96.45,77.16,7.278,10.368,53.66,99.0,44.56,64.0
synthetic-00146-02,cfg-00146,apex_legends,Intel Core i7-13700K,AMD RX 6600,12,NVMe,0,3840x2160,low,off,off,low,low,23,167,89,balanced,0,1,0,0,0,0,0,0,0,142.09,105.7,84.56,7.038,9.461,52.71,99.0,44.56,64.0
synthetic-00146-03,cfg-00146,apex_legends,Intel Core i7-13700K,AMD RX 6600,12,NVMe,0,3840x2160,low,off,off,low,low,23,167,89,balanced,0,0,1,0,0,0,0,0,0,146.4,112.92,90.33,6.831,8.856,51.84,99.0,44.56,64.0
synthetic-00146-04,cfg-00146,apex_legends,Intel Core i7-13700K,AMD RX 6600,12,NVMe,0,3840x2160,low,off,off,low,low,23,167,89,balanced,0,0,0,1,0,0,0,0,0,139.06,100.87,80.69,7.191,9.914,53.32,99.0,44.56,64.0
synthetic-00146-05,cfg-00146,apex_legends,Intel Core i7-13700K,AMD RX 6600,12,NVMe,0,3840x2160,low,off,off,low,low,23,167,89,balanced,0,0,0,0,1,0,0,0,0,144.32,107.81,86.24,6.929,9.276,52.26,99.0,44.56,64.0
synthetic-00146-06,cfg-00146,apex_legends,Intel Core i7-13700K,AMD RX 6600,12,NVMe,0,3840x2160,low,off,off,low,low,23,167,89,balanced,0,0,0,0,0,1,0,0,0,143.64,108.96,87.16,6.962,9.178,52.4,99.0,44.56,64.0
synthetic-00146-07,cfg-00146,apex_legends,Intel Core i7-13700K,AMD RX 6600,12,NVMe,0,3840x2160,low,off,off,low,low,23,167,89,balanced,0,0,0,0,0,0,1,0,0,145.98,112.99,90.39,6.85,8.85,51.92,99.0,44.56,64.0
synthetic-00146-08,cfg-00146,apex_legends,Intel Core i7-13700K,AMD RX 6600,12,NVMe,0,3840x2160,low,off,off,low,low,23,167,89,balanced,0,0,0,0,0,0,0,1,0,141.54,104.15,83.32,7.065,9.602,52.82,99.0,44.56,64.0
synthetic-00146-09,cfg-00146,apex_legends,Intel Core i7-13700K,AMD RX 6600,12,NVMe,0,3840x2160,low,off,off,low,low,23,167,89,balanced,0,0,0,0,0,0,0,0,1,147.34,115.05,92.04,6.787,8.692,51.65,99.0,44.56,64.0
synthetic-00146-10,cfg-00146,apex_legends,Intel Core i7-13700K,AMD RX 6600,12,NVMe,0,3840x2160,low,off,off,low,low,23,167,89,balanced,0,1,0,0,1,1,0,1,0,153.7,128.75,103.0,6.506,7.767,50.36,99.0,44.56,64.0
synthetic-00146-11,cfg-00146,apex_legends,Intel Core i7-13700K,AMD RX 6600,12,NVMe,0,3840x2160,low,off,off,low,low,23,167,89,balanced,0,1,0,0,0,0,0,1,0,144.83,111.19,88.96,6.905,8.993,52.16,99.0,44.56,64.0
synthetic-00146-12,cfg-00146,apex_legends,Intel Core i7-13700K,AMD RX 6600,12,NVMe,0,3840x2160,low,off,off,low,low,23,167,89,balanced,0,0,1,0,1,0,1,0,0,157.79,135.55,108.44,6.338,7.377,49.54,99.0,44.56,64.0
synthetic-00147-00,cfg-00147,fortnite,Intel Core i5-9400F,NVIDIA RTX 2060,8,SSD,0,1920x1080,medium,off,fxaa,medium,high,155,208,103,balanced,0,0,0,0,0,0,0,0,0,64.34,44.78,35.82,15.542,22.331,99.0,52.0,46.0,64.0
synthetic-00147-01,cfg-00147,fortnite,Intel Core i5-9400F,NVIDIA RTX 2060,8,SSD,0,1920x1080,medium,off,fxaa,medium,high,155,208,103,balanced,1,0,0,0,0,0,0,0,0,69.04,53.7,42.96,14.485,18.621,99.0,52.0,46.0,64.0
synthetic-00147-02,cfg-00147,fortnite,Intel Core i5-9400F,NVIDIA RTX 2060,8,SSD,0,1920x1080,medium,off,fxaa,medium,high,155,208,103,balanced,0,1,0,0,0,0,0,0,0,67.04,50.16,40.13,14.916,19.936,99.0,52.0,46.0,64.0
synthetic-00147-03,cfg-00147,fortnite,Intel Core i5-9400F,NVIDIA RTX 2060,8,SSD,0,1920x1080,medium,off,fxaa,medium,high,155,208,103,balanced,0,0,1,0,0,0,0,0,0,65.76,47.07,37.65,15.208,21.246,99.0,52.0,46.0,64.0
synthetic-00147-04,cfg-00147,fortnite,Intel Core i5-9400F,NVIDIA RTX 2060,8,SSD,0,1920x1080,medium,off,fxaa,medium,high,155,208,103,balanced,0,0,0,1,0,0,0,0,0,65.24,49.32,39.45,15.328,20.276,99.0,52.0,46.0,64.0
synthetic-00147-05,cfg-00147,fortnite,Intel Core i5-9400F,NVIDIA RTX 2060,8,SSD,0,1920x1080,medium,off,fxaa,medium,high,155,208,103,balanced,0,0,0,0,1,0,0,0,0,67.04,49.2,39.36,14.916,20.327,99.0,52.0,46.0,64.0
synthetic-00147-06,cfg-00147,fortnite,Intel Core i5-9400F,NVIDIA RTX 2060,8,SSD,0,1920x1080,medium,off,fxaa,medium,high,155,208,103,balanced,0,0,0,0,0,1,0,0,0,69.36,54.54,43.63,14.418,18.335,99.0,52.0,46.0,64.0
synthetic-00147-07,cfg-00147,fortnite,Intel Core i5-9400F,NVIDIA RTX 2060,8,SSD,0,1920x1080,medium,off,fxaa,medium,high,155,208,103,balanced,0,0,0,0,0,0,1,0,0,65.37,46.44,37.15,15.298,21.534,99.0,52.0,46.0,64.0
synthetic-00147-08,cfg-00147,fortnite,Intel Core i5-9400F,NVIDIA RTX 2060,8,SSD,0,1920x1080,medium,off,fxaa,medium,high,155,208,103,balanced,0,0,0,0,0,0,0,1,0,67.33,50.35,40.28,14.853,19.861,99.0,52.0,46.0,64.0
synthetic-00147-09,cfg-00147,fortnite,Intel Core i5-9400F,NVIDIA RTX 2060,8,SSD,0,1920x1080,medium,off,fxaa,medium,high,155,208,103,balanced,0,0,0,0,0,0,0,0,1,68.97,53.72,42.97,14.498,18.616,99.0,52.0,46.0,64.0
synthetic-00147-10,cfg-00147,fortnite,Intel Core i5-9400F,NVIDIA RTX 2060,8,SSD,0,1920x1080,medium,off,fxaa,medium,high,155,208,103,balanced,1,0,1,0,0,0,0,0,0,70.18,55.66,44.53,14.25,17.966,99.0,52.0,46.0,64.0
synthetic-00147-11,cfg-00147,fortnite,Intel Core i5-9400F,NVIDIA RTX 2060,8,SSD,0,1920x1080,medium,off,fxaa,medium,high,155,208,103,balanced,0,0,1,0,1,1,0,1,0,74.83,65.01,52.01,13.364,15.382,97.84,52.0,46.0,64.0
synthetic-00147-12,cfg-00147,fortnite,Intel Core i5-9400F,NVIDIA RTX 2060,8,SSD,0,1920x1080,medium,off,fxaa,medium,high,155,208,103,balanced,0,0,0,1,1,0,0,0,1,71.83,61.8,49.44,13.921,16.181,99.0,52.0,46.0,64.0
synthetic-00148-00,cfg-00148,cyberpunk_2077,Intel Core i7-12700H,NVIDIA RTX 3060 Laptop,16,SSD,0,1920x1080,ultra,off,taa,ultra,medium,144,160,64,balanced,0,0,0,0,0,0,0,0,0,76.5,56.06,44.84,13.071,17.84,48.14,96.0,49.73,64.0
synthetic-00148-01,cfg-00148,cyberpunk_2077,Intel Core i7-12700H,NVIDIA RTX 3060 Laptop,16,SSD,0,1920x1080,ultra,off,taa,ultra,medium,144,160,64,balanced,1,0,0,0,0,0,0,0,0,75.89,55.06,44.05,13.177,18.162,48.37,96.0,49.73,64.0
synthetic-00148-02,cfg-00148,cyberpunk_2077,Intel Core i7-12700H,NVIDIA RTX 3060 Laptop,16,SSD,0,1920x1080,ultra,off,taa,ultra,medium,144,160,64,balanced,0,1,0,0,0,0,0,0,0,77.92,58.87,47.1,12.833,16.986,47.62,96.0,49.73,64.0
synthetic-00148-03,cfg-00148,cyberpunk_2077,Intel Core i7-12700H,NVIDIA RTX 3060 Laptop,16,SSD,0,1920x1080,ultra,off,taa,ultra,medium,144,160,64,balanced,0,0,1,0,0,0,0,0,0,80.87,64.27,51.42,12.366,15.559,46.55,96.0,49.73,64.0
synthetic-00148-04,cfg-00148,cyberpunk_2077,Intel Core i7-12700H,NVIDIA RTX 3060 Laptop,16,SSD,0,1920x1080,ultra,off,taa,ultra,medium,144,160,64,balanced,0,0,0,1,0,0,0,0,0,76.81,57.07,45.66,13.019,17.521,48.03,96.0,49.73,64.0
synthetic-00148-05,cfg-00148,cyberpunk_2077,Intel Core i7-12700H,NVIDIA RTX 3060 Laptop,16,SSD,0,1920x1080,ultra,off,taa,ultra,medium,144,160,64,balanced,0,0,0,0,1,0,0,0,0,79.72,61.42,49.14,12.544,16.281,46.97,96.0,49.73,64.0
synthetic-00148-06,cfg-00148,cyberpunk_2077,Intel Core i7-12700H,NVIDIA RTX 3060 Laptop,16,SSD,0,1920x1080,ultra,off,taa,ultra,medium,144,160,64,balanced,0,0,0,0,0,1,0,0,0,78.66,60.31,48.25,12.712,16.58,47.35,96.0,49.73,64.0
synthetic-00148-07,cfg-00148,cyberpunk_2077,Intel Core i7-12700H,NVIDIA RTX 3060 Laptop,16,SSD,0,1920x1080,ultra,off,taa,ultra,medium,144,160,64,balanced,0,0,0,0,0,0,1,0,0,80.66,64.35,51.48,12.398,15.54,46.62,96.0,49.73,64.0
synthetic-00148-08,cfg-00148,cyberpunk_2077,Intel Core i7-12700H,NVIDIA RTX 3060 Laptop,16,SSD,0,1920x1080,ultra,off,taa,ultra,medium,144,160,64,balanced,0,0,0,0,0,0,0,1,0,78.46,60.03,48.02,12.746,16.659,47.43,96.0,49.73,64.0
synthetic-00148-09,cfg-00148,cyberpunk_2077,Intel Core i7-12700H,NVIDIA RTX 3060 Laptop,16,SSD,0,1920x1080,ultra,off,taa,ultra,medium,144,160,64,balanced,0,0,0,0,0,0,0,0,1,78.73,60.35,48.28,12.702,16.571,47.33,96.0,49.73,64.0
synthetic-00148-10,cfg-00148,cyberpunk_2077,Intel Core i7-12700H,NVIDIA RTX 3060 Laptop,16,SSD,0,1920x1080,ultra,off,taa,ultra,medium,144,160,64,balanced,0,1,1,0,1,0,0,0,0,84.69,71.51,57.21,11.808,13.984,45.15,96.0,49.73,64.0
synthetic-00148-11,cfg-00148,cyberpunk_2077,Intel Core i7-12700H,NVIDIA RTX 3060 Laptop,16,SSD,0,1920x1080,ultra,off,taa,ultra,medium,144,160,64,balanced,0,0,0,0,0,1,1,1,0,84.03,71.62,57.3,11.901,13.962,45.39,96.0,49.73,64.0
synthetic-00148-12,cfg-00148,cyberpunk_2077,Intel Core i7-12700H,NVIDIA RTX 3060 Laptop,16,SSD,0,1920x1080,ultra,off,taa,ultra,medium,144,160,64,balanced,0,0,0,1,0,0,1,0,0,80.76,65.0,52.0,12.382,15.386,46.58,96.0,49.73,64.0
synthetic-00149-00,cfg-00149,cyberpunk_2077,Intel Core i7-13700K,AMD RX 7800 XT,32,SSD,0,1280x720,high,off,msaa_2x,low,low,46,205,31,balanced,0,0,0,0,0,0,0,0,0,178.62,135.75,108.6,5.598,7.366,42.0,94.88,44.56,64.0
synthetic-00149-01,cfg-00149,cyberpunk_2077,Intel Core i7-13700K,AMD RX 7800 XT,32,SSD,0,1280x720,high,off,msaa_2x,low,low,46,205,31,balanced,1,0,0,0,0,0,0,0,0,177.19,133.39,106.71,5.644,7.497,42.22,94.88,44.56,64.0
synthetic-00149-02,cfg-00149,cyberpunk_2077,Intel Core i7-13700K,AMD RX 7800 XT,32,SSD,0,1280x720,high,off,msaa_2x,low,low,46,205,31,balanced,0,1,0,0,0,0,0,0,0,180.41,138.73,110.99,5.543,7.208,41.72,94.88,44.56,64.0
synthetic-00149-03,cfg-00149,cyberpunk_2077,Intel Core i7-13700K,AMD RX 7800 XT,32,SSD,0,1280x720,high,off,msaa_2x,low,low,46,205,31,balanced,0,0,1,0,0,0,0,0,0,188.8,155.21,124.17,5.297,6.443,40.4,94.88,44.56,64.0
synthetic-00149-04,cfg-00149,cyberpunk_2077,Intel Core i7-13700K,AMD RX 7800 XT,32,SSD,0,1280x720,high,off,msaa_2x,low,low,46,205,31,balanced,0,0,0,1,0,0,0,0,0,179.34,136.94,109.55,5.576,7.302,41.89,94.88,44.56,64.0
synthetic-00149-05,cfg-00149,cyberpunk_2077,Intel Core i7-13700K,AMD RX 7800 XT,32,SSD,0,1280x720,high,off,msaa_2x,low,low,46,205,31,balanced,0,0,0,0,1,0,0,0,0,186.12,148.49,118.79,5.373,6.734,40.82,94.88,44.56,64.0
synthetic-00149-06,cfg-00149,cyberpunk_2077,Intel Core i7-13700K,AMD RX 7800 XT,32,SSD,0,1280x720,high,off,msaa_2x,low,low,46,205,31,balanced,0,0,0,0,0,1,0,0,0,181.84,141.14,112.91,5.499,7.085,41.5,94.88,44.56,64.0
synthetic-00149-07,cfg-00149,cyberpunk_2077,Intel Core i7-13700K,AMD RX 7800 XT,32,SSD,0,1280x720,high,off,msaa_2x,low,low,46,205,31,balanced,0,0,0,0,0,0,1,0,0,188.27,155.28,124.23,5.312,6.44,40.49,94.88,44.56,64.0
synthetic-00149-08,cfg-00149,cyberpunk_2077,Intel Core i7-13700K,AMD RX 7800 XT,32,SSD,0,1280x720,high,off,msaa_2x,low,low,46,205,31,balanced,0,0,0,0,0,0,0,1,0,183.18,145.15,116.12,5.459,6.889,41.29,94.88,44.56,64.0
synthetic-00149-09,cfg-00149,cyberpunk_2077,Intel Core i7-13700K,AMD RX 7800 XT,32,SSD,0,1280x720,high,off,msaa_2x,low,low,46,205,31,balanced,0,0,0,0,0,0,0,0,1,180.76,139.33,111.47,5.532,7.177,41.66,94.88,44.56,64.0
synthetic-00149-10,cfg-00149,cyberpunk_2077,Intel Core i7-13700K,AMD RX 7800 XT,32,SSD,0,1280x720,high,off,msaa_2x,low,low,46,205,31,balanced,0,0,1,1,1,1,0,0,0,197.32,170.39,136.31,5.068,5.869,39.07,94.88,44.56,64.0
synthetic-00149-11,cfg-00149,cyberpunk_2077,Intel Core i7-13700K,AMD RX 7800 XT,32,SSD,0,1280x720,high,off,msaa_2x,low,low,46,205,31,balanced,0,0,0,1,0,0,1,1,0,192.19,163.7,130.96,5.203,6.109,39.87,94.88,44.56,64.0
synthetic-00149-12,cfg-00149,cyberpunk_2077,Intel Core i7-13700K,AMD RX 7800 XT,32,SSD,0,1280x720,high,off,msaa_2x,low,low,46,205,31,balanced,0,1,0,0,1,0,1,0,1,196.85,170.45,136.36,5.08,5.867,39.14,94.88,44.56,64.0
synthetic-00150-00,cfg-00150,valorant,AMD Ryzen 5 3600,NVIDIA RTX 4060,16,HDD,1,2560x1440,low,off,fxaa,high,medium,174,120,65,max_fps,0,0,0,0,0,0,0,0,0,138.02,101.0,75.95,7.246,9.901,94.35,54.2,47.28,82.6
synthetic-00150-01,cfg-00150,valorant,AMD Ryzen 5 3600,NVIDIA RTX 4060,16,HDD,1,2560x1440,low,off,fxaa,high,medium,174,120,65,max_fps,1,0,0,0,0,0,0,0,0,140.03,106.58,80.15,7.141,9.383,93.94,54.2,47.28,82.6
synthetic-00150-02,cfg-00150,valorant,AMD Ryzen 5 3600,NVIDIA RTX 4060,16,HDD,1,2560x1440,low,off,fxaa,high,medium,174,120,65,max_fps,0,1,0,0,0,0,0,0,0,142.27,108.96,81.94,7.029,9.178,93.49,54.2,47.28,82.6
synthetic-00150-03,cfg-00150,valorant,AMD Ryzen 5 3600,NVIDIA RTX 4060,16,HDD,1,2560x1440,low,off,fxaa,high,medium,174,120,65,max_fps,0,0,1,0,0,0,0,0,0,141.05,106.01,79.72,7.09,9.433,93.74,54.2,47.28,82.6
synthetic-00150-04,cfg-00150,valorant,AMD Ryzen 5 3600,NVIDIA RTX 4060,16,HDD,1,2560x1440,low,off,fxaa,high,medium,174,120,65,max_fps,0,0,0,1,0,0,0,0,0,138.69,102.1,76.78,7.21,9.794,94.22,54.2,47.28,82.6
synthetic-00150-05,cfg-00150,valorant,AMD Ryzen 5 3600,NVIDIA RTX 4060,16,HDD,1,2560x1440,low,off,fxaa,high,medium,174,120,65,max_fps,0,0,0,0,1,0,0,0,0,149.89,122.5,92.12,6.672,8.164,91.94,54.2,47.28,82.6
synthetic-00150-06,cfg-00150,valorant,AMD Ryzen 5 3600,NVIDIA RTX 4060,16,HDD,1,2560x1440,low,off,fxaa,high,medium,174,120,65,max_fps,0,0,0,0,0,1,0,0,0,146.93,117.37,88.26,6.806,8.52,92.54,54.2,47.28,82.6
synthetic-00150-07,cfg-00150,valorant,AMD Ryzen 5 3600,NVIDIA RTX 4060,16,HDD,1,2560x1440,low,off,fxaa,high,medium,174,120,65,max_fps,0,0,0,0,0,0,1,0,0,140.22,104.63,78.68,7.131,9.557,93.9,54.2,47.28,82.6
synthetic-00150-08,cfg-00150,valorant,AMD Ryzen 5 3600,NVIDIA RTX 4060,16,HDD,1,2560x1440,low,off,fxaa,high,medium,174,120,65,max_fps,0,0,0,0,0,0,0,1,0,143.05,109.83,82.59,6.99,9.105,93.33,54.2,47.28,82.6
synthetic-00150-09,cfg-00150,valorant,AMD Ryzen 5 3600,NVIDIA RTX 4060,16,HDD,1,2560x1440,low,off,fxaa,high,medium,174,120,65,max_fps,0,0,0,0,0,0,0,0,1,144.18,112.44,84.56,6.936,8.893,93.1,54.2,47.28,82.6
synthetic-00150-10,cfg-00150,valorant,AMD Ryzen 5 3600,NVIDIA RTX 4060,16,HDD,1,2560x1440,low,off,fxaa,high,medium,174,120,65,max_fps,1,0,0,1,0,0,0,0,0,140.59,107.41,80.77,7.113,9.31,93.83,54.2,47.28,82.6
synthetic-00150-11,cfg-00150,valorant,AMD Ryzen 5 3600,NVIDIA RTX 4060,16,HDD,1,2560x1440,low,off,fxaa,high,medium,174,120,65,max_fps,0,1,0,0,0,0,0,1,0,146.89,117.32,88.23,6.808,8.524,92.55,54.2,47.28,82.6
synthetic-00150-12,cfg-00150,valorant,AMD Ryzen 5 3600,NVIDIA RTX 4060,16,HDD,1,2560x1440,low,off,fxaa,high,medium,174,120,65,max_fps,0,1,0,0,0,1,0,0,0,150.59,124.74,93.8,6.64,8.017,91.8,54.2,47.28,82.6
synthetic-00151-00,cfg-00151,fortnite,Intel Core i5-12400F,AMD RX 7800 XT,16,NVMe,0,1280x720,medium,on,taa,high,medium,81,36,63,balanced,0,0,0,0,0,0,0,0,0,144.0,105.65,84.52,6.944,9.466,93.93,50.88,47.28,64.0
synthetic-00151-01,cfg-00151,fortnite,Intel Core i5-12400F,AMD RX 7800 XT,16,NVMe,0,1280x720,medium,on,taa,high,medium,81,36,63,balanced,1,0,0,0,0,0,0,0,0,144.0,117.44,93.95,6.944,8.515,91.89,50.88,47.28,64.0
synthetic-00151-02,cfg-00151,fortnite,Intel Core i5-12400F,AMD RX 7800 XT,16,NVMe,0,1280x720,medium,on,taa,high,medium,81,36,63,balanced,0,1,0,0,0,0,0,0,0,144.0,110.42,88.33,6.944,9.057,93.08,50.88,47.28,64.0
synthetic-00151-03,cfg-00151,fortnite,Intel Core i5-12400F,AMD RX 7800 XT,16,NVMe,0,1280x720,medium,on,taa,high,medium,81,36,63,balanced,0,0,1,0,0,0,0,0,0,144.0,108.5,86.8,6.944,9.217,93.31,50.88,47.28,64.0
synthetic-00151-04,cfg-00151,fortnite,Intel Core i5-12400F,AMD RX 7800 XT,16,NVMe,0,1280x720,medium,on,taa,high,medium,81,36,63,balanced,0,0,0,1,0,0,0,0,0,144.0,112.93,90.35,6.944,8.855,93.54,50.88,47.28,64.0
synthetic-00151-05,cfg-00151,fortnite,Intel Core i5-12400F,AMD RX 7800 XT,16,NVMe,0,1280x720,medium,on,taa,high,medium,81,36,63,balanced,0,0,0,0,1,0,0,0,0,144.0,111.09,88.87,6.944,9.002,92.75,50.88,47.28,64.0
synthetic-00151-06,cfg-00151,fortnite,Intel Core i5-12400F,AMD RX 7800 XT,16,NVMe,0,1280x720,medium,on,taa,high,medium,81,36,63,balanced,0,0,0,0,0,1,0,0,0,144.0,115.12,92.1,6.944,8.687,92.14,50.88,47.28,64.0
synthetic-00151-07,cfg-00151,fortnite,Intel Core i5-12400F,AMD RX 7800 XT,16,NVMe,0,1280x720,medium,on,taa,high,medium,81,36,63,balanced,0,0,0,0,0,0,1,0,0,144.0,107.72,86.18,6.944,9.283,93.48,50.88,47.28,64.0
synthetic-00151-08,cfg-00151,fortnite,Intel Core i5-12400F,AMD RX 7800 XT,16,NVMe,0,1280x720,medium,on,taa,high,medium,81,36,63,balanced,0,0,0,0,0,0,0,1,0,144.0,113.11,90.49,6.944,8.841,92.63,50.88,47.28,64.0
synthetic-00151-09,cfg-00151,fortnite,Intel Core i5-12400F,AMD RX 7800 XT,16,NVMe,0,1280x720,medium,on,taa,high,medium,81,36,63,balanced,0,0,0,0,0,0,0,0,1,144.0,110.4,88.32,6.944,9.058,93.13,50.88,47.28,64.0
synthetic-00151-10,cfg-00151,fortnite,Intel Core i5-12400F,AMD RX 7800 XT,16,NVMe,0,1280x720,medium,on,taa,high,medium,81,36,63,balanced,0,0,0,1,1,0,0,0,0,144.0,117.81,94.24,6.944,8.489,92.43,50.88,47.28,64.0
synthetic-00151-11,cfg-00151,fortnite,Intel Core i5-12400F,AMD RX 7800 XT,16,NVMe,0,1280x720,medium,on,taa,high,medium,81,36,63,balanced,0,0,0,0,1,1,1,0,1,144.0,124.46,99.57,6.944,8.035,90.29,50.88,47.28,64.0
synthetic-00151-12,cfg-00151,fortnite,Intel Core i5-12400F,AMD RX 7800 XT,16,NVMe,0,1280x720,medium,on,taa,high,medium,81,36,63,balanced,0,1,0,0,1,0,0,1,1,144.0,125.05,100.04,6.944,7.997,90.37,50.88,47.28,64.0
synthetic-00152-00,cfg-00152,apex_legends,AMD Ryzen 7 5800X3D,NVIDIA RTX 4060,16,NVMe,0,1920x1080,medium,off,taa,medium,medium,42,73,25,max_fps,0,0,0,0,0,0,0,0,0,234.84,178.48,142.78,4.258,5.603,42.0,52.0,46.0,56.0
synthetic-00152-01,cfg-00152,apex_legends,AMD Ryzen 7 5800X3D,NVIDIA RTX 4060,16,NVMe,0,1920x1080,medium,off,taa,medium,medium,42,73,25,max_fps,1,0,0,0,0,0,0,0,0,237.19,182.4,145.92,4.216,5.482,41.72,52.0,46.0,56.0
synthetic-00152-02,cfg-00152,apex_legends,AMD Ryzen 7 5800X3D,NVIDIA RTX 4060,16,NVMe,0,1920x1080,medium,off,taa,medium,medium,42,73,25,max_fps,0,1,0,0,0,0,0,0,0,237.19,182.4,145.92,4.216,5.482,41.72,52.0,46.0,56.0
synthetic-00152-03,cfg-00152,apex_legends,AMD Ryzen 7 5800X3D,NVIDIA RTX 4060,16,NVMe,0,1920x1080,medium,off,taa,medium,medium,42,73,25,max_fps,0,0,1,0,0,0,0,0,0,240.01,187.16,149.73,4.167,5.343,41.38,52.0,46.0,56.0
synthetic-00152-04,cfg-00152,apex_legends,AMD Ryzen 7 5800X3D,NVIDIA RTX 4060,16,NVMe,0,1920x1080,medium,off,taa,medium,medium,42,73,25,max_fps,0,0,0,1,0,0,0,0,0,235.78,180.04,144.03,4.241,5.554,41.89,52.0,46.0,56.0
synthetic-00152-05,cfg-00152,apex_legends,AMD Ryzen 7 5800X3D,NVIDIA RTX 4060,16,NVMe,0,1920x1080,medium,off,taa,medium,medium,42,73,25,max_fps,0,0,0,0,1,0,0,0,0,240.48,187.96,150.37,4.158,5.32,41.33,52.0,46.0,56.0
synthetic-00152-06,cfg-00152,apex_legends,AMD Ryzen 7 5800X3D,NVIDIA RTX 4060,16,NVMe,0,1920x1080,medium,off,taa,medium,medium,42,73,25,max_fps,0,0,0,0,0,1,0,0,0,239.07,185.57,148.45,4.183,5.389,41.5,52.0,46.0,56.0
synthetic-00152-07,cfg-00152,apex_legends,AMD Ryzen 7 5800X3D,NVIDIA RTX 4060,16,NVMe,0,1920x1080,medium,off,taa,medium,medium,42,73,25,max_fps,0,0,0,0,0,0,1,0,0,238.6,184.77,147.82,4.191,5.412,41.55,52.0,46.0,56.0
synthetic-00152-08,cfg-00152,apex_legends,AMD Ryzen 7 5800X3D,NVIDIA RTX 4060,16,NVMe,0,1920x1080,medium,off,taa,medium,medium,42,73,25,max_fps,0,0,0,0,0,0,0,1,0,239.99,188.78,151.03,4.167,5.297,41.39,52.0,46.0,56.0
synthetic-00152-09,cfg-00152,apex_legends,AMD Ryzen 7 5800X3D,NVIDIA RTX 4060,16,NVMe,0,1920x1080,medium,off,taa,medium,medium,42,73,25,max_fps,0,0,0,0,0,0,0,0,1,237.66,183.19,146.55,4.208,5.459,41.66,52.0,46.0,56.0
synthetic-00152-10,cfg-00152,apex_legends,AMD Ryzen 7 5800X3D,NVIDIA RTX 4060,16,NVMe,0,1920x1080,medium,off,taa,medium,medium,42,73,25,max_fps,1,0,1,1,0,0,0,1,0,246.6,200.01,160.01,4.055,5.0,40.6,52.0,46.0,56.0
synthetic-00152-11,cfg-00152,apex_legends,AMD Ryzen 7 5800X3D,NVIDIA RTX 4060,16,NVMe,0,1920x1080,medium,off,taa,medium,medium,42,73,25,max_fps,0,0,1,0,1,0,1,1,0,251.89,209.4,167.52,3.97,4.776,39.97,52.0,46.0,56.0
synthetic-00152-12,cfg-00152,apex_legends,AMD Ryzen 7 5800X3D,NVIDIA RTX 4060,16,NVMe,0,1920x1080,medium,off,taa,medium,medium,42,73,25,max_fps,1,0,0,0,0,0,0,1,1,244.22,195.93,156.75,4.095,5.104,40.88,52.0,46.0,56.0
synthetic-00153-00,cfg-00153,fortnite,AMD Ryzen 7 7840HS,NVIDIA RTX 2060,16,HDD,0,1920x1080,medium,off,msaa_2x,ultra,medium,124,206,61,max_fps,0,0,0,0,0,0,0,0,0,115.02,84.6,67.68,8.694,11.82,93.51,52.0,48.56,64.0
synthetic-00153-01,cfg-00153,fortnite,AMD Ryzen 7 7840HS,NVIDIA RTX 2060,16,HDD,0,1920x1080,medium,off,msaa_2x,ultra,medium,124,206,61,max_fps,1,0,0,0,0,0,0,0,0,121.35,97.23,77.78,8.241,10.285,91.97,52.0,48.56,64.0
synthetic-00153-02,cfg-00153,fortnite,AMD Ryzen 7 7840HS,NVIDIA RTX 2060,16,HDD,0,1920x1080,medium,off,msaa_2x,ultra,medium,124,206,61,max_fps,0,1,0,0,0,0,0,0,0,118.43,90.92,72.74,8.444,10.999,92.68,52.0,48.56,64.0
synthetic-00153-03,cfg-00153,fortnite,AMD Ryzen 7 7840HS,NVIDIA RTX 2060,16,HDD,0,1920x1080,medium,off,msaa_2x,ultra,medium,124,206,61,max_fps,0,0,1,0,0,0,0,0,0,117.55,88.79,71.03,8.507,11.263,92.89,52.0,48.56,64.0
synthetic-00153-04,cfg-00153,fortnite,AMD Ryzen 7 7840HS,NVIDIA RTX 2060,16,HDD,0,1920x1080,medium,off,msaa_2x,ultra,medium,124,206,61,max_fps,0,0,0,1,0,0,0,0,0,116.63,91.63,73.31,8.574,10.913,93.11,52.0,48.56,64.0
synthetic-00153-05,cfg-00153,fortnite,AMD Ryzen 7 7840HS,NVIDIA RTX 2060,16,HDD,0,1920x1080,medium,off,msaa_2x,ultra,medium,124,206,61,max_fps,0,0,0,0,1,0,0,0,0,119.85,92.68,74.15,8.344,10.789,92.33,52.0,48.56,64.0
synthetic-00153-06,cfg-00153,fortnite,AMD Ryzen 7 7840HS,NVIDIA RTX 2060,16,HDD,0,1920x1080,medium,off,msaa_2x,ultra,medium,124,206,61,max_fps,0,0,0,0,0,1,0,0,0,122.29,97.84,78.27,8.178,10.221,91.74,52.0,48.56,64.0
synthetic-00153-07,cfg-00153,fortnite,AMD Ryzen 7 7840HS,NVIDIA RTX 2060,16,HDD,0,1920x1080,medium,off,msaa_2x,ultra,medium,124,206,61,max_fps,0,0,0,0,0,0,1,0,0,116.86,87.64,70.11,8.557,11.411,93.06,52.0,48.56,64.0
synthetic-00153-08,cfg-00153,fortnite,AMD Ryzen 7 7840HS,NVIDIA RTX 2060,16,HDD,0,1920x1080,medium,off,msaa_2x,ultra,medium,124,206,61,max_fps,0,0,0,0,0,0,0,1,0,120.36,94.77,75.81,8.309,10.552,92.21,52.0,48.56,64.0
synthetic-00153-09,cfg-00153,fortnite,AMD Ryzen 7 7840HS,NVIDIA RTX 2060,16,HDD,0,1920x1080,medium,off,msaa_2x,ultra,medium,124,206,61,max_fps,0,0,0,0,0,0,0,0,1,119.88,93.57,74.85,8.341,10.688,92.32,52.0,48.56,64.0
synthetic-00153-10,cfg-00153,fortnite,AMD Ryzen 7 7840HS,NVIDIA RTX 2060,16,HDD,0,1920x1080,medium,off,msaa_2x,ultra,medium,124,206,61,max_fps,1,1,0,0,0,0,0,0,1,128.31,111.05,88.84,7.794,9.005,90.27,52.0,48.56,64.0
synthetic-00153-11,cfg-00153,fortnite,AMD Ryzen 7 7840HS,NVIDIA RTX 2060,16,HDD,0,1920x1080,medium,off,msaa_2x,ultra,medium,124,206,61,max_fps,1,0,0,1,0,0,1,0,0,123.92,105.83,84.67,8.07,9.449,91.34,52.0,48.56,64.0
synthetic-00153-12,cfg-00153,fortnite,AMD Ryzen 7 7840HS,NVIDIA RTX 2060,16,HDD,0,1920x1080,medium,off,msaa_2x,ultra,medium,124,206,61,max_fps,0,0,1,0,0,0,1,1,0,123.85,100.8,80.64,8.074,9.921,91.36,52.0,48.56,64.0
synthetic-00154-00,cfg-00154,fortnite,AMD Ryzen 7 7840HS,NVIDIA RTX 3060 Laptop,32,NVMe,1,2560x1440,high,off,off,high,high,47,72,33,balanced,0,0,0,0,0,0,0,0,0,124.24,94.43,69.5,8.049,10.59,42.0,98.2,54.68,85.8
synthetic-00154-01,cfg-00154,fortnite,AMD Ryzen 7 7840HS,NVIDIA RTX 3060 Laptop,32,NVMe,1,2560x1440,high,off,off,high,high,47,72,33,balanced,1,0,0,0,0,0,0,0,0,125.49,96.5,71.02,7.969,10.363,41.72,98.2,54.68,85.8
synthetic-00154-02,cfg-00154,fortnite,AMD Ryzen 7 7840HS,NVIDIA RTX 3060 Laptop,32,NVMe,1,2560x1440,high,off,off,high,high,47,72,33,balanced,0,1,0,0,0,0,0,0,0,125.49,96.5,71.02,7.969,10.363,41.72,98.2,54.68,85.8
synthetic-00154-03,cfg-00154,fortnite,AMD Ryzen 7 7840HS,NVIDIA RTX 3060 Laptop,32,NVMe,1,2560x1440,high,off,off,high,high,47,72,33,balanced,0,0,1,0,0,0,0,0,0,131.33,107.96,79.46,7.615,9.262,40.4,98.2,54.68,85.8
synthetic-00154-04,cfg-00154,fortnite,AMD Ryzen 7 7840HS,NVIDIA RTX 3060 Laptop,32,NVMe,1,2560x1440,high,off,off,high,high,47,72,33,balanced,0,0,0,1,0,0,0,0,0,124.74,95.25,70.11,8.017,10.498,41.89,98.2,54.68,85.8
synthetic-00154-05,cfg-00154,fortnite,AMD Ryzen 7 7840HS,NVIDIA RTX 3060 Laptop,32,NVMe,1,2560x1440,high,off,off,high,high,47,72,33,balanced,0,0,0,0,1,0,0,0,0,135.92,116.27,85.57,7.357,8.601,39.37,98.2,54.68,85.8
synthetic-00154-06,cfg-00154,fortnite,AMD Ryzen 7 7840HS,NVIDIA RTX 3060 Laptop,32,NVMe,1,2560x1440,high,off,off,high,high,47,72,33,balanced,0,0,0,0,0,1,0,0,0,126.48,98.17,72.26,7.906,10.186,41.5,98.2,54.68,85.8
synthetic-00154-07,cfg-00154,fortnite,AMD Ryzen 7 7840HS,NVIDIA RTX 3060 Laptop,32,NVMe,1,2560x1440,high,off,off,high,high,47,72,33,balanced,0,0,0,0,0,0,1,0,0,131.2,108.45,79.82,7.622,9.221,40.43,98.2,54.68,85.8
synthetic-00154-08,cfg-00154,fortnite,AMD Ryzen 7 7840HS,NVIDIA RTX 3060 Laptop,32,NVMe,1,2560x1440,high,off,off,high,high,47,72,33,balanced,0,0,0,0,0,0,0,1,0,127.52,101.23,74.51,7.842,9.878,41.26,98.2,54.68,85.8
synthetic-00154-09,cfg-00154,fortnite,AMD Ryzen 7 7840HS,NVIDIA RTX 3060 Laptop,32,NVMe,1,2560x1440,high,off,off,high,high,47,72,33,balanced,0,0,0,0,0,0,0,0,1,125.74,96.92,71.33,7.953,10.318,41.66,98.2,54.68,85.8
synthetic-00154-10,cfg-00154,fortnite,AMD Ryzen 7 7840HS,NVIDIA RTX 3060 Laptop,32,NVMe,1,2560x1440,high,off,off,high,high,47,72,33,balanced,0,0,1,1,1,0,0,1,0,143.74,133.48,98.24,6.957,7.492,37.61,98.2,54.68,85.8
synthetic-00154-11,cfg-00154,fortnite,AMD Ryzen 7 7840HS,NVIDIA RTX 3060 Laptop,32,NVMe,1,2560x1440,high,off,off,high,high,47,72,33,balanced,0,1,0,0,0,1,1,0,1,134.56,114.2,84.05,7.432,8.756,39.68,98.2,54.68,85.8
synthetic-00154-12,cfg-00154,fortnite,AMD Ryzen 7 7840HS,NVIDIA RTX 3060 Laptop,32,NVMe,1,2560x1440,high,off,off,high,high,47,72,33,balanced,0,0,0,0,1,0,0,0,1,136.82,117.86,86.75,7.309,8.485,39.17,98.2,54.68,85.8
synthetic-00155-00,cfg-00155,apex_legends,AMD Ryzen 5 3600,NVIDIA GTX 1660 Super,16,SSD,1,1920x1080,high,off,msaa_2x,low,high,42,68,87,quality,0,0,0,0,0,0,0,0,0,98.7,70.18,51.66,10.131,14.248,53.01,96.0,44.56,85.8
synthetic-00155-01,cfg-00155,apex_legends,AMD Ryzen 5 3600,NVIDIA GTX 1660 Super,16,SSD,1,1920x1080,high,off,msaa_2x,low,high,42,68,87,quality,1,0,0,0,0,0,0,0,0,101.47,74.71,54.98,9.855,13.386,52.23,96.0,44.56,85.8
synthetic-00155-02,cfg-00155,apex_legends,AMD Ryzen 5 3600,NVIDIA GTX 1660 Super,16,SSD,1,1920x1080,high,off,msaa_2x,low,high,42,68,87,quality,0,1,0,0,0,0,0,0,0,101.2,75.38,55.48,9.881,13.266,52.3,96.0,44.56,85.8
synthetic-00155-03,cfg-00155,apex_legends,AMD Ryzen 5 3600,NVIDIA GTX 1660 Super,16,SSD,1,1920x1080,high,off,msaa_2x,low,high,42,68,87,quality,0,0,1,0,0,0,0,0,0,97.92,69.98,51.5,10.213,14.291,53.24,96.0,44.56,85.8
synthetic-00155-04,cfg-00155,apex_legends,AMD Ryzen 5 3600,NVIDIA GTX 1660 Super,16,SSD,1,1920x1080,high,off,msaa_2x,low,high,42,68,87,quality,0,0,0,1,0,0,0,0,0,99.1,72.02,53.01,10.091,13.885,52.9,96.0,44.56,85.8
synthetic-00155-05,cfg-00155,apex_legends,AMD Ryzen 5 3600,NVIDIA GTX 1660 Super,16,SSD,1,1920x1080,high,off,msaa_2x,low,high,42,68,87,quality,0,0,0,0,1,0,0,0,0,107.98,87.08,64.09,9.261,11.483,50.38,96.0,44.56,85.8
synthetic-00155-06,cfg-00155,apex_legends,AMD Ryzen 5 3600,NVIDIA GTX 1660 Super,16,SSD,1,1920x1080,high,off,msaa_2x,low,high,42,68,87,quality,0,0,0,0,0,1,0,0,0,102.29,77.66,57.16,9.776,12.877,51.99,96.0,44.56,85.8
synthetic-00155-07,cfg-00155,apex_legends,AMD Ryzen 5 3600,NVIDIA GTX 1660 Super,16,SSD,1,1920x1080,high,off,msaa_2x,low,high,42,68,87,quality,0,0,0,0,0,0,1,0,0,104.03,80.72,59.41,9.612,12.389,51.5,96.0,44.56,85.8
synthetic-00155-08,cfg-00155,apex_legends,AMD Ryzen 5 3600,NVIDIA GTX 1660 Super,16,SSD,1,1920x1080,high,off,msaa_2x,low,high,42,68,87,quality,0,0,0,0,0,0,0,1,0,100.87,74.41,54.77,9.914,13.439,52.4,96.0,44.56,85.8
synthetic-00155-09,cfg-00155,apex_legends,AMD Ryzen 5 3600,NVIDIA GTX 1660 Super,16,SSD,1,1920x1080,high,off,msaa_2x,low,high,42,68,87,quality,0,0,0,0,0,0,0,0,1,102.91,78.53,57.8,9.717,12.733,51.82,96.0,44.56,85.8
synthetic-00155-10,cfg-00155,apex_legends,AMD Ryzen 5 3600,NVIDIA GTX 1660 Super,16,SSD,1,1920x1080,high,off,msaa_2x,low,high,42,68,87,quality,0,1,0,0,1,0,0,1,1,114.4,101.92,75.01,8.742,9.812,48.56,96.0,44.56,85.8
synthetic-00155-11,cfg-00155,apex_legends,AMD Ryzen 5 3600,NVIDIA GTX 1660 Super,16,SSD,1,1920x1080,high,off,msaa_2x,low,high,42,68,87,quality,0,0,1,0,0,0,1,0,1,106.66,87.54,64.43,9.375,11.424,50.75,96.0,44.56,85.8
synthetic-00155-12,cfg-00155,apex_legends,AMD Ryzen 5 3600,NVIDIA GTX 1660 Super,16,SSD,1,1920x1080,high,off,msaa_2x,low,high,42,68,87,quality,0,1,0,0,0,0,0,1,0,103.15,79.3,58.36,9.694,12.61,51.75,96.0,44.56,85.8
synthetic-00156-00,cfg-00156,valorant,AMD Ryzen 7 7840HS,NVIDIA RTX 3060 Laptop,32,NVMe,0,1280x720,high,off,fxaa,low,ultra,110,165,59,balanced,0,0,0,0,0,0,0,0,0,208.59,153.82,123.05,4.794,6.501,93.08,50.88,44.56,64.0
synthetic-00156-01,cfg-00156,valorant,AMD Ryzen 7 7840HS,NVIDIA RTX 3060 Laptop,32,NVMe,0,1280x720,high,off,fxaa,low,ultra,110,165,59,balanced,1,0,0,0,0,0,0,0,0,210.88,161.01,128.81,4.742,6.211,92.77,50.88,44.56,64.0
synthetic-00156-02,cfg-00156,valorant,AMD Ryzen 7 7840HS,NVIDIA RTX 3060 Laptop,32,NVMe,0,1280x720,high,off,fxaa,low,ultra,110,165,59,balanced,0,1,0,0,0,0,0,0,0,214.65,164.99,131.99,4.659,6.061,92.27,50.88,44.56,64.0
synthetic-00156-03,cfg-00156,valorant,AMD Ryzen 7 7840HS,NVIDIA RTX 3060 Laptop,32,NVMe,0,1280x720,high,off,fxaa,low,ultra,110,165,59,balanced,0,0,1,0,0,0,0,0,0,213.18,161.42,129.14,4.691,6.195,92.47,50.88,44.56,64.0
synthetic-00156-04,cfg-00156,valorant,AMD Ryzen 7 7840HS,NVIDIA RTX 3060 Laptop,32,NVMe,0,1280x720,high,off,fxaa,low,ultra,110,165,59,balanced,0,0,0,1,0,0,0,0,0,209.61,155.49,124.4,4.771,6.431,92.95,50.88,44.56,64.0
synthetic-00156-05,cfg-00156,valorant,AMD Ryzen 7 7840HS,NVIDIA RTX 3060 Laptop,32,NVMe,0,1280x720,high,off,fxaa,low,ultra,110,165,59,balanced,0,0,0,0,1,0,0,0,0,217.35,168.49,134.79,4.601,5.935,91.91,50.88,44.56,64.0
synthetic-00156-06,cfg-00156,valorant,AMD Ryzen 7 7840HS,NVIDIA RTX 3060 Laptop,32,NVMe,0,1280x720,high,off,fxaa,low,ultra,110,165,59,balanced,0,0,0,0,0,1,0,0,0,221.62,177.46,141.97,4.512,5.635,91.33,50.88,44.56,64.0
synthetic-00156-07,cfg-00156,valorant,AMD Ryzen 7 7840HS,NVIDIA RTX 3060 Laptop,32,NVMe,0,1280x720,high,off,fxaa,low,ultra,110,165,59,balanced,0,0,0,0,0,0,1,0,0,211.93,159.33,127.46,4.719,6.276,92.63,50.88,44.56,64.0
synthetic-00156-08,cfg-00156,valorant,AMD Ryzen 7 7840HS,NVIDIA RTX 3060 Laptop,32,NVMe,0,1280x720,high,off,fxaa,low,ultra,110,165,59,balanced,0,0,0,0,0,0,0,1,0,216.2,167.21,133.77,4.625,5.98,92.06,50.88,44.56,64.0
synthetic-00156-09,cfg-00156,valorant,AMD Ryzen 7 7840HS,NVIDIA RTX 3060 Laptop,32,NVMe,0,1280x720,high,off,fxaa,low,ultra,110,165,59,balanced,0,0,0,0,0,0,0,0,1,214.04,164.23,131.38,4.672,6.089,92.35,50.88,44.56,64.0
synthetic-00156-10,cfg-00156,valorant,AMD Ryzen 7 7840HS,NVIDIA RTX 3060 Laptop,32,NVMe,0,1280x720,high,off,fxaa,low,ultra,110,165,59,balanced,0,0,0,0,1,0,0,1,1,228.45,190.01,152.01,4.377,5.263,90.42,50.88,44.56,64.0
synthetic-00156-11,cfg-00156,valorant,AMD Ryzen 7 7840HS,NVIDIA RTX 3060 Laptop,32,NVMe,0,1280x720,high,off,fxaa,low,ultra,110,165,59,balanced,0,1,0,0,0,0,1,1,0,224.07,181.88,145.5,4.463,5.498,91.0,50.88,44.56,64.0
synthetic-00156-12,cfg-00156,valorant,AMD Ryzen 7 7840HS,NVIDIA RTX 3060 Laptop,32,NVMe,0,1280x720,high,off,fxaa,low,ultra,110,165,59,balanced,0,0,0,0,0,1,0,0,1,226.24,186.97,149.57,4.42,5.349,90.71,50.88,44.56,64.0
synthetic-00157-00,cfg-00157,cyberpunk_2077,AMD Ryzen 5 5600X,AMD RX 7800 XT,8,HDD,0,1920x1080,medium,off,fxaa,low,medium,14,43,51,max_fps,0,0,0,0,0,0,0,0,0,146.12,108.85,87.08,6.844,9.187,45.39,96.0,44.56,64.0
synthetic-00157-01,cfg-00157,cyberpunk_2077,AMD Ryzen 5 5600X,AMD RX 7800 XT,8,HDD,0,1920x1080,medium,off,fxaa,low,medium,14,43,51,max_fps,1,0,0,0,0,0,0,0,0,150.21,115.68,92.54,6.657,8.645,44.6,96.0,44.56,64.0
synthetic-00157-02,cfg-00157,cyberpunk_2077,AMD Ryzen 5 5600X,AMD RX 7800 XT,8,HDD,0,1920x1080,medium,off,fxaa,low,medium,14,43,51,max_fps,0,1,0,0,0,0,0,0,0,148.26,112.91,90.33,6.745,8.856,44.98,96.0,44.56,64.0
synthetic-00157-03,cfg-00157,cyberpunk_2077,AMD Ryzen 5 5600X,AMD RX 7800 XT,8,HDD,0,1920x1080,medium,off,fxaa,low,medium,14,43,51,max_fps,0,0,1,0,0,0,0,0,0,154.44,124.64,99.71,6.475,8.023,43.79,96.0,44.56,64.0
synthetic-00157-04,cfg-00157,cyberpunk_2077,AMD Ryzen 5 5600X,AMD RX 7800 XT,8,HDD,0,1920x1080,medium,off,fxaa,low,medium,14,43,51,max_fps,0,0,0,1,0,0,0,0,0,146.7,110.36,88.29,6.817,9.061,45.28,96.0,44.56,64.0
synthetic-00157-05,cfg-00157,cyberpunk_2077,AMD Ryzen 5 5600X,AMD RX 7800 XT,8,HDD,0,1920x1080,medium,off,fxaa,low,medium,14,43,51,max_fps,0,0,0,0,1,0,0,0,0,152.25,119.17,95.34,6.568,8.391,44.21,96.0,44.56,64.0
synthetic-00157-06,cfg-00157,cyberpunk_2077,AMD Ryzen 5 5600X,AMD RX 7800 XT,8,HDD,0,1920x1080,medium,off,fxaa,low,medium,14,43,51,max_fps,0,0,0,0,0,1,0,0,0,149.57,115.31,92.25,6.686,8.672,44.73,96.0,44.56,64.0
